post_id,likes,comments,shares,followers,engagement_rate,growth rate,engagement,Clause 1,Clause 2,Combined,Label
IG0000001,31627,7559,4530,615036,7.11,0.146170305,43716,0,0,0,genuine
IG0000002,63206,3490,1680,1237071,5.53,0.065073064,68376,0,0,0,genuine
IG0000003,94373,3727,1761,1127470,8.86,0.06723017,99861,0,0,0,genuine
IG0000004,172053,7222,2875,764030,23.84,0.052615735,182150,1,0,1,fraud
IG0000005,99646,2703,4444,7004,1524.74,2.213021131,106793,1,0,1,fraud
IG0000006,10500,7337,3601,311157,6.89,0.290528576,21438,0,0,0,genuine
IG0000007,193906,6326,4384,277864,73.64,0.252281692,204616,1,0,1,fraud
IG0000008,27317,3289,2352,1185935,2.78,0.075383558,32958,0,0,0,genuine
IG0000009,90827,6557,570,906114,10.81,0.081557067,97954,0,0,0,genuine
IG0000010,67067,5988,3223,1212435,6.29,0.050394454,76278,0,0,0,genuine
IG0000011,177091,3529,1102,624350,29.11,0.062464964,181722,1,0,1,fraud
IG0000012,75759,2422,2970,1350241,6.01,0.017774605,81151,0,0,0,genuine
IG0000013,78492,4567,3686,1223295,7.09,0.04030099,86745,0,0,0,genuine
IG0000014,152517,2030,275,837272,18.49,0.094592916,154822,0,0,0,genuine
IG0000015,29834,3242,1434,119869,28.79,0.674069192,34510,1,0,1,fraud
IG0000016,180946,4638,3852,1713467,11.06,0.043887627,189436,0,0,0,genuine
IG0000017,120368,9052,3429,582403,22.81,0.157966219,132849,1,0,1,fraud
IG0000018,180326,9546,2854,1031407,18.69,0.089489406,192726,0,0,0,genuine
IG0000019,111231,6343,209,61120,192.71,1.459424084,117783,1,0,1,fraud
IG0000020,53222,2548,3798,650215,9.16,0.033219781,59568,0,0,0,genuine
IG0000021,139872,5166,1129,1613651,9.06,0.0053915,146167,0,0,0,genuine
IG0000022,179760,1745,4286,57656,322.24,1.28694325,185791,1,0,1,fraud
IG0000023,150007,1442,3388,1570109,9.86,0.019807542,154837,0,0,0,genuine
IG0000024,56044,5321,871,389616,15.97,0.01642643,62236,0,0,0,genuine
IG0000025,141510,4389,2317,1553546,9.54,0.025361335,148216,0,0,0,genuine
IG0000026,77071,2115,2268,7054,1154.72,3.444853984,81454,1,0,1,fraud
IG0000027,198903,709,2532,1610322,12.55,0.057441928,202144,0,0,0,genuine
IG0000028,6178,3937,4023,49036,28.83,1.139978791,14138,1,0,1,fraud
IG0000029,83922,9759,4502,450443,21.8,0.084805403,98183,1,0,1,fraud
IG0000030,139696,4348,1417,1264626,11.5,0.022615382,145461,0,0,0,genuine
IG0000031,99119,529,15,1941850,5.13,0.021577362,99663,0,0,0,genuine
IG0000032,182869,9458,3131,1854517,10.54,0.006147153,195458,0,0,0,genuine
IG0000033,166153,994,4272,30495,562.12,2.892277423,171419,1,0,1,fraud
IG0000034,30655,6902,2969,1649160,2.46,0.053845594,40526,0,0,0,genuine
IG0000035,21308,4222,4339,655786,4.55,0.139679713,29869,0,0,0,genuine
IG0000036,127939,6015,1725,260626,52.06,0.330358445,135679,1,0,1,fraud
IG0000037,51285,7705,3797,1209734,5.19,0.027774701,62787,0,0,0,genuine
IG0000038,59876,4565,461,898792,7.22,0.034601999,64902,0,0,0,genuine
IG0000039,50998,4503,2231,1478100,3.91,0.042013396,57732,0,0,0,genuine
IG0000040,18737,6615,250,1294970,1.98,0.070040233,25602,0,0,0,genuine
IG0000041,78059,5416,419,1316621,6.37,0.027266768,83894,0,0,0,genuine
IG0000042,65342,1290,1139,1161849,5.83,0.015836826,67771,0,0,0,genuine
IG0000043,140896,1729,4453,647882,22.7,0.13459241,147078,1,0,1,fraud
IG0000044,113836,226,1319,1085399,10.63,0.037681995,115381,0,0,0,genuine
IG0000045,9849,8809,1503,76465,26.37,0.54796312,20161,1,0,1,fraud
IG0000046,199799,10000,4736,287485,74.62,0.321408073,214535,1,0,1,fraud
IG0000047,55951,271,4931,791098,7.73,0.006193923,61153,0,0,0,genuine
IG0000048,92643,1642,160,312299,30.24,0.107268995,94445,1,0,1,fraud
IG0000049,71897,4958,48,169872,45.27,0.520980503,76903,1,0,1,fraud
IG0000050,56382,9141,713,1483982,4.46,0.024932917,66236,0,0,0,genuine
IG0000051,121423,4768,3955,1593846,8.17,0.026727802,130146,0,0,0,genuine
IG0000052,75538,2363,667,1314525,5.98,0.066183602,78568,0,0,0,genuine
IG0000053,94378,3201,3358,735516,13.72,0.069882912,100937,0,0,0,genuine
IG0000054,98569,2493,2853,1265707,8.21,0.074819844,103915,0,0,0,genuine
IG0000055,2188,7455,3571,1482516,0.89,0.042967496,13214,0,0,0,genuine
IG0000056,4739,502,2253,221133,3.39,0.260476727,7494,0,0,0,genuine
IG0000057,60395,1113,1287,1902423,3.3,0.032642583,62795,0,0,0,genuine
IG0000058,71753,3088,2025,1016814,7.56,0.065793744,76866,0,0,0,genuine
IG0000059,191385,1642,1593,1943435,10.01,0.03524687,194620,0,0,0,genuine
IG0000060,59042,8574,1978,1073192,6.48,0.053485304,69594,0,0,0,genuine
IG0000061,133031,2984,2589,316800,43.75,0.025252525,138604,1,0,1,fraud
IG0000062,71357,1052,4246,1238595,6.19,0.007427771,76655,0,0,0,genuine
IG0000063,93544,7310,2118,1727309,5.96,0.041567548,102972,0,0,0,genuine
IG0000064,171840,2616,1547,885241,19.88,0.055691049,176003,0,0,0,genuine
IG0000065,143899,2074,1844,1730179,8.54,0.020807096,147817,0,0,0,genuine
IG0000066,159218,772,1580,104738,154.26,0.845920296,161570,1,0,1,fraud
IG0000067,197177,9805,380,933713,22.21,0.035878262,207362,1,0,1,fraud
IG0000068,21996,273,641,974583,2.35,0.053766585,22910,0,0,0,genuine
IG0000069,155671,5884,3487,1678552,9.83,0.048613329,165042,0,0,0,genuine
IG0000070,5576,8050,1575,1888156,0.81,0.018960298,15201,0,0,0,genuine
IG0000071,106477,3839,2184,1140404,9.86,0.021395926,112500,0,0,0,genuine
IG0000072,113592,2949,4820,156274,77.66,0.35514545,121361,1,0,1,fraud
IG0000073,104651,5249,810,619213,17.88,0.036820932,110710,0,0,0,genuine
IG0000074,83034,9183,526,888730,10.44,0.083377404,92743,0,0,0,genuine
IG0000075,85288,6649,1946,1915192,4.9,0.011226029,93883,0,0,0,genuine
IG0000076,107296,2538,3498,179126,63.27,0.080948606,113332,1,0,1,fraud
IG0000077,7473,3919,1702,317075,4.13,0.307182843,13094,0,0,0,genuine
IG0000078,135256,1370,1716,815701,16.96,0.008949358,138342,0,0,0,genuine
IG0000079,117267,7780,1588,1572598,8.05,0.046420001,126635,0,0,0,genuine
IG0000080,65028,8681,2275,1947239,3.9,0.02824512,75984,0,0,0,genuine
IG0000081,141610,802,3811,64268,227.52,0.451235452,146223,1,0,1,fraud
IG0000082,66834,2239,371,1485851,4.67,0.003499678,69444,0,0,0,genuine
IG0000083,102350,9235,3337,1730370,6.64,0.03652398,114922,0,0,0,genuine
IG0000084,18145,918,1334,73681,27.68,0.290441226,20397,1,0,1,fraud
IG0000085,156766,7395,1090,1464572,11.28,0.007442447,165251,0,0,0,genuine
IG0000086,123729,4381,3797,1098291,12.01,0.055996088,131907,0,0,0,genuine
IG0000087,154182,392,4983,847762,18.82,0.10120765,159557,0,0,0,genuine
IG0000088,95680,2329,4662,1306688,7.86,0.020280281,102671,0,0,0,genuine
IG0000089,160663,4139,3793,87556,192.56,0.6281694,168595,1,0,1,fraud
IG0000090,55683,5309,3403,607197,10.61,0.017127884,64395,0,0,0,genuine
IG0000091,195724,8410,591,471829,43.39,0.180573894,204725,1,0,1,fraud
IG0000092,87305,6399,1543,1621801,5.87,0.046183225,95247,0,0,0,genuine
IG0000093,167420,1161,4152,1006580,17.16,0.047785571,172733,0,0,0,genuine
IG0000094,29728,5605,4181,1016916,3.89,0.084471087,39514,0,0,0,genuine
IG0000095,98620,9501,214,1511037,7.17,0.038119517,108335,0,0,0,genuine
IG0000096,21554,2059,1984,1952764,1.31,0.034924855,25597,0,0,0,genuine
IG0000097,161614,6644,2604,30428,561.53,1.754962535,170862,1,0,1,fraud
IG0000098,184536,826,2215,452418,41.46,0.20202556,187577,1,0,1,fraud
IG0000099,126446,2264,1694,1273005,10.24,0.026708458,130404,0,0,0,genuine
IG0000100,192838,9209,3916,891372,23.11,0.037582513,205963,0,0,0,genuine
IG0000101,181564,787,2880,559188,33.12,0.005543753,185231,0,0,0,genuine
IG0000102,79103,6492,3257,1233808,7.2,0.0360672,88852,0,0,0,genuine
IG0000103,188854,886,2611,393280,48.91,0.026698535,192351,1,0,1,fraud
IG0000104,27630,9481,2569,482142,8.23,0.187704037,39680,0,0,0,genuine
IG0000105,191217,3398,4496,1312951,15.17,0.071137461,199111,0,0,0,genuine
IG0000106,87108,4315,358,1025653,8.95,0.019987267,91781,0,0,0,genuine
IG0000107,56225,247,3854,1546578,3.9,0.063042407,60326,0,0,0,genuine
IG0000108,183586,8390,2031,929139,20.88,0.047570923,194007,0,0,0,genuine
IG0000109,156172,3538,727,616730,26.01,0.027564737,160437,0,0,0,genuine
IG0000110,98038,1812,4909,729344,14.36,0.115446209,104759,0,0,0,genuine
IG0000111,125095,48,1024,1172580,10.76,0.061744188,126167,0,0,0,genuine
IG0000112,131540,6006,4281,497056,28.53,0.021929119,141827,0,0,0,genuine
IG0000113,20835,5179,2336,1797356,1.58,0.002281129,28350,0,0,0,genuine
IG0000114,172907,5971,4507,659383,27.81,0.010767642,183385,0,0,0,genuine
IG0000115,112677,9911,446,732450,16.8,0.020615742,123034,0,0,0,genuine
IG0000116,141901,3362,1679,1979483,7.42,0.022430099,146942,0,0,0,genuine
IG0000117,188652,1878,1122,26232,730.6,3.674900884,191652,1,0,1,fraud
IG0000118,125362,4667,4311,913327,14.71,0.010401532,134340,0,0,0,genuine
IG0000119,198873,7025,713,681346,30.32,0.072650313,206611,0,0,0,genuine
IG0000120,105175,2900,1311,492754,22.2,0.17879104,109386,0,0,0,genuine
IG0000121,106243,5998,3962,170468,68.17,0.051622592,116203,1,0,1,fraud
IG0000122,8278,8409,3444,3533,569.8,8.236626097,20131,1,0,1,fraud
IG0000123,155651,1008,2354,1241485,12.81,0.015787545,159013,,,,unlabeled
IG0000124,29119,3053,3059,391124,9.01,0.194823125,35231,,,,unlabeled
IG0000125,92077,5213,560,773023,12.66,0.040490386,97850,,,,unlabeled
IG0000126,164084,6443,579,1305598,13.11,0.062576689,171106,,,,unlabeled
IG0000127,75323,314,2543,397890,19.65,0.189750936,78180,,,,unlabeled
IG0000128,77733,7827,4545,1069988,8.42,0.055514641,90105,,,,unlabeled
IG0000129,107334,5737,2054,958579,12.01,0.03275682,115125,,,,unlabeled
IG0000130,66481,9669,4250,179446,44.8,0.346622382,80400,1,0,1,fraud
IG0000131,106325,564,3324,609657,18.08,0.069383276,110213,,,,unlabeled
IG0000132,120220,8553,1481,865197,15.05,0.035598829,130254,,,,unlabeled
IG0000133,42971,4204,3072,1781834,2.82,0.056009707,50247,,,,unlabeled
IG0000134,149861,8529,4536,1130190,14.42,0.011679452,162926,,,,unlabeled
IG0000135,6544,6524,2842,272538,5.84,0.342704504,15910,,,,unlabeled
IG0000136,159079,4144,3376,1316167,12.66,0.074458636,166599,,,,unlabeled
IG0000137,30825,904,3935,1760549,2.03,0.026866619,35664,,,,unlabeled
IG0000138,82728,3568,3728,1606129,5.61,0.023161278,90024,,,,unlabeled
IG0000139,112420,3292,1416,1830574,6.4,0.01032463,117128,,,,unlabeled
IG0000140,184138,8493,4629,1284686,15.35,0.026232091,197260,,,,unlabeled
IG0000141,79883,8961,927,1471401,6.1,0.042272637,89771,,,,unlabeled
IG0000142,94825,7170,2268,1484988,7.02,0.009697048,104263,,,,unlabeled
IG0000143,173,8780,2633,305909,3.79,0.241248214,11586,,,,unlabeled
IG0000144,109921,4198,2191,1591949,7.31,0.020792123,116310,,,,unlabeled
IG0000145,24424,2637,2398,958324,3.07,0.006156582,29459,,,,unlabeled
IG0000146,71608,7462,433,819378,9.7,0.103859269,79503,0,0,0,genuine
IG0000147,182434,7859,27,1428502,13.32,0.024151174,190320,0,0,0,genuine
IG0000148,95509,6295,258,876963,11.64,0.084382123,102062,0,0,0,genuine
IG0000149,135425,4046,3037,598868,23.8,0.009851921,142508,0,0,0,genuine
IG0000150,27095,2476,4934,1983868,1.74,0.013357744,34505,0,0,0,genuine
IG0000151,133491,4282,4741,976154,14.6,0.093427881,142514,0,0,0,genuine
IG0000152,172245,9740,2089,1745042,10.55,0.029282963,184074,0,0,0,genuine
IG0000153,186969,7466,1905,442302,44.39,0.01763501,196340,1,0,1,fraud
IG0000154,156102,3713,680,373156,43.01,0.092722615,160495,1,0,1,fraud
IG0000155,107713,4603,4570,1604853,7.28,0.00249244,116886,0,0,0,genuine
IG0000156,165728,7755,3244,131887,134,0.688468158,176727,1,0,1,fraud
IG0000157,145669,2901,4194,1180015,12.95,0.023898001,152764,0,0,0,genuine
IG0000158,199705,334,4195,462462,44.16,0.102494908,204234,1,0,1,fraud
IG0000159,23488,4135,1231,948897,3.04,0.014964743,28854,0,0,0,genuine
IG0000160,76948,2419,2742,3190,2573.95,26.3322884,82109,1,1,2,genuine
IG0000161,38176,9354,3953,1045076,4.93,0.005645522,51483,,,,unlabeled
IG0000162,8111,4291,4296,1442988,1.16,0.031808996,16698,,,,unlabeled
IG0000163,154462,8482,3068,1210347,13.72,0.071549729,166012,,,,unlabeled
IG0000164,99584,1708,3346,1539906,6.8,0.041950613,104638,,,,unlabeled
IG0000165,53192,667,429,1076486,5.04,0.033720829,54288,,,,unlabeled
IG0000166,80156,9626,300,865393,10.41,0.074417057,90082,,,,unlabeled
IG0000167,85508,4309,4829,373817,25.32,0.231664157,94646,,,,unlabeled
IG0000168,153130,9023,1136,1422456,11.48,0.05884189,163289,,,,unlabeled
IG0000169,23084,374,1088,1563977,1.57,0.048466186,24546,,,,unlabeled
IG0000170,126872,5535,4962,1089602,12.61,0.084342723,137369,,,,unlabeled
IG0000171,153296,7983,865,1641449,9.88,0.048554661,162144,,,,unlabeled
IG0000172,74575,2599,4578,822315,9.94,0.001824118,81752,,,,unlabeled
IG0000173,160316,1005,4459,1622157,10.22,0.037604252,165780,,,,unlabeled
IG0000174,12903,119,2251,225578,6.77,0.088661128,15273,,,,unlabeled
IG0000175,29054,5374,4683,1463852,2.67,0.046589409,39111,,,,unlabeled
IG0000176,152979,5891,2221,1358004,11.86,0.066126462,161091,,,,unlabeled
IG0000177,177048,4233,3505,781644,23.64,0.118979996,184786,,,,unlabeled
IG0000178,145431,4225,670,382237,39.33,0.086857107,150326,,,,unlabeled
IG0000179,67523,7239,3078,1016775,7.66,0.024390844,77840,,,,unlabeled
IG0000180,132268,7024,4110,564794,25.39,0.015935013,143402,,,,unlabeled
IG0000181,103709,1440,3435,1867121,5.82,0.035937682,108584,,,,unlabeled
IG0000182,171391,8510,4596,1094651,16.85,0.084136405,184497,,,,unlabeled
IG0000183,134431,7759,636,194249,73.53,0.412872138,142826,1,0,1,fraud
IG0000184,129104,9610,2475,463019,30.49,0.041682955,141189,,,,unlabeled
IG0000185,151164,2342,1458,910035,17.03,0.082414413,154964,,,,unlabeled
IG0000186,15606,4809,2093,62169,36.2,0.554938957,22508,,,,unlabeled
IG0000187,173092,4033,4409,367569,49.39,0.04135278,181534,1,0,1,fraud
IG0000188,102665,2940,2885,1061889,10.22,0.025708902,108490,,,,unlabeled
IG0000189,65978,8221,4077,724593,10.8,0.053409293,78276,,,,unlabeled
IG0000190,73562,5761,1911,1427095,5.69,0.053325112,81234,,,,unlabeled
IG0000191,166204,4832,4236,902667,19.42,0.000997045,175272,,,,unlabeled
IG0000192,68109,1447,2839,170163,42.54,0.418422336,72395,1,0,1,fraud
IG0000193,49797,9967,2832,1746076,3.58,0.027146585,62596,,,,unlabeled
IG0000194,182215,9131,2745,78763,246.42,0.34787908,194091,1,0,1,fraud
IG0000195,84905,2416,3114,1409679,6.42,0.007306628,90435,,,,unlabeled
IG0000196,123388,4976,169,1853770,6.93,0.048064215,128533,,,,unlabeled
IG0000197,197202,610,1973,149883,133.29,0.322251356,199785,1,0,1,fraud
IG0000198,90898,1650,3656,1177648,8.17,0.025134845,96204,,,,unlabeled
IG0000199,140965,3336,2576,24574,597.69,2.929925938,146877,1,0,1,fraud
IG0000200,145549,6519,149,382768,39.77,0.215796514,152217,,,,unlabeled
IG0000201,160136,2665,3655,372334,44.71,0.041360714,166456,1,0,1,fraud
IG0000202,32829,6896,135,1550648,2.57,0.042562851,39860,,,,unlabeled
IG0000203,173554,6449,1179,1310536,13.83,0.040365164,181182,,,,unlabeled
IG0000204,119754,7739,138,417654,30.56,0.016760285,127631,,,,unlabeled
IG0000205,115114,6911,2594,498185,25.01,0.050583619,124619,,,,unlabeled
IG0000206,174274,6140,201,1254268,14.4,0.008291689,180615,,,,unlabeled
IG0000207,154813,4743,2259,1056648,15.31,0.05914931,161815,,,,unlabeled
IG0000208,43118,9260,1546,364330,14.8,0.107320287,53924,,,,unlabeled
IG0000209,41352,9500,2918,959539,5.6,0.057944492,53770,,,,unlabeled
IG0000210,153298,5227,4128,145584,111.72,0.228047038,162653,1,0,1,fraud
IG0000211,142534,1844,1364,688375,21.17,0.124931905,145742,,,,unlabeled
IG0000212,153505,1605,658,1698721,9.17,0.014187144,155768,,,,unlabeled
IG0000213,189790,9309,2846,1491217,13.54,0.025214305,201945,,,,unlabeled
IG0000214,191534,4007,4040,1431899,13.94,0.000977723,199581,,,,unlabeled
IG0000215,144951,8585,2727,1557873,10.03,0.031838282,156263,,,,unlabeled
IG0000216,95489,9666,2221,1112056,9.66,0.067082953,107376,,,,unlabeled
IG0000217,187048,9900,1604,1854301,10.71,0.047888665,198552,,,,unlabeled
IG0000218,161008,5831,1628,456704,36.89,0.199910664,168467,,,,unlabeled
IG0000219,47687,3522,2432,905096,5.93,0.099547451,53641,,,,unlabeled
IG0000220,17002,213,931,690476,2.63,0.132806933,18146,,,,unlabeled
IG0000221,92136,1751,3444,1494580,6.51,0.019202719,97331,,,,unlabeled
IG0000222,190059,136,4244,1260337,15.43,0.024993315,194439,,,,unlabeled
IG0000223,156819,6314,3931,1149339,14.54,0.072911473,167064,,,,unlabeled
IG0000224,106362,1345,4313,1849145,6.06,0.032609666,112020,,,,unlabeled
IG0000225,87679,2931,1901,283104,32.68,0.042034023,92511,,,,unlabeled
IG0000226,24966,6993,2265,206913,16.54,0.331057014,34224,,,,unlabeled
IG0000227,125561,7385,4450,841452,16.33,0.108384079,137396,,,,unlabeled
IG0000228,28939,6155,1699,1743810,2.11,0.028099392,36793,,,,unlabeled
IG0000229,5206,4879,4862,1184204,1.26,0.016973427,14947,,,,unlabeled
IG0000230,17776,9672,3483,1072834,2.88,0.023955244,30931,,,,unlabeled
IG0000231,140389,1279,1949,78466,183.03,0.364489078,143617,1,0,1,fraud
IG0000232,56228,1232,2460,1768879,3.39,0.041099476,59920,,,,unlabeled
IG0000233,189961,6761,3641,755311,26.53,0.095854555,200363,,,,unlabeled
IG0000234,60897,4713,1533,704763,9.53,0.109682262,67143,,,,unlabeled
IG0000235,71870,8847,4244,103912,81.76,0.737162214,84961,1,0,1,fraud
IG0000236,102580,5303,4897,1850069,6.1,0.014756206,112780,,,,unlabeled
IG0000237,80145,3104,4499,717840,12.22,0.038170066,87748,,,,unlabeled
IG0000238,179827,6380,3471,1535778,12.35,0.01256692,189678,,,,unlabeled
IG0000239,44761,3633,2248,154806,32.71,0.644031885,50642,,,,unlabeled
IG0000240,77868,9127,529,1600694,5.47,0.032298491,87524,,,,unlabeled
IG0000241,12122,6356,4976,1894865,1.24,0.035411494,23454,,,,unlabeled
IG0000242,70155,2041,296,1771913,4.09,0.040069687,72492,,,,unlabeled
IG0000243,193726,6271,1238,1768189,11.38,0.025958763,201235,,,,unlabeled
IG0000244,78400,2696,3475,680736,12.42,0.105620975,84571,,,,unlabeled
IG0000245,178319,169,2544,1133193,15.98,0.02056137,181032,,,,unlabeled
IG0000246,119398,6020,2494,1910721,6.69,0.028941954,127912,,,,unlabeled
IG0000247,184300,57,2382,1844709,10.12,0.033718055,186739,,,,unlabeled
IG0000248,119158,5844,3621,1404703,9.16,0.005552775,128623,,,,unlabeled
IG0000249,115714,7839,2048,56685,221.58,0.437505513,125601,1,0,1,fraud
IG0000250,164844,4175,310,1218302,13.9,0.037429143,169329,,,,unlabeled
IG0000251,109423,5154,3434,1501415,7.86,0.066204214,118011,,,,unlabeled
IG0000252,7678,9407,2086,911406,2.1,0.000329162,19171,,,,unlabeled
IG0000253,113555,7633,1720,1941541,6.33,0.000412044,122908,,,,unlabeled
IG0000254,124148,3857,2062,1615815,8.05,0.049324954,130067,,,,unlabeled
IG0000255,88778,5076,2847,389259,24.84,0.179058159,96701,,,,unlabeled
IG0000256,108946,7023,1141,1366872,8.57,0.02531327,117110,,,,unlabeled
IG0000257,126157,5668,4875,1253368,10.91,0.034147992,136700,,,,unlabeled
IG0000258,77281,6092,2187,1177127,7.27,0.046214215,85560,,,,unlabeled
IG0000259,2851,6932,1241,226235,4.87,0.19006785,11024,,,,unlabeled
IG0000260,42089,5239,411,261360,18.27,0.249081726,47739,,,,unlabeled
IG0000261,30992,5774,4715,331991,12.49,0.123798537,41481,,,,unlabeled
IG0000262,169194,3765,2517,234086,74.96,0.337909999,175476,1,0,1,fraud
IG0000263,36305,903,951,1293156,2.95,0.050264624,38159,,,,unlabeled
IG0000264,186277,5986,759,81244,237.58,0.577273399,193022,1,0,1,fraud
IG0000265,16779,5158,3720,50150,51.16,1.435692921,25657,1,0,1,fraud
IG0000266,110061,8875,1198,1440948,8.34,0.047399351,120134,,,,unlabeled
IG0000267,75012,9572,4635,469884,18.99,0.121093717,89219,,,,unlabeled
IG0000268,108114,8125,2933,454278,26.23,0.19899709,119172,,,,unlabeled
IG0000269,89416,1998,1283,1771300,5.23,0.017162536,92697,,,,unlabeled
IG0000270,25486,6435,1931,1708799,1.98,0.051205554,33852,,,,unlabeled
IG0000271,20967,5401,76,615603,4.3,0.11874536,26444,,,,unlabeled
IG0000272,153695,5629,4631,343892,47.68,0.085201168,163955,1,0,1,fraud
IG0000273,78397,4375,1721,1048029,8.06,0.061067012,84493,,,,unlabeled
IG0000274,182453,6402,2221,502849,38,0.098637961,191076,,,,unlabeled
IG0000275,196452,3299,3782,1069569,19.03,0.035621825,203533,,,,unlabeled
IG0000276,105181,6080,2054,1739899,6.51,0.022070247,113315,,,,unlabeled
IG0000277,23970,5316,4996,1182119,2.9,0.023178716,34282,,,,unlabeled
IG0000278,150720,4787,2894,1351503,11.72,0.044690985,158401,,,,unlabeled
IG0000279,24766,8376,1985,1036861,3.39,0.095866273,35127,,,,unlabeled
IG0000280,126329,4827,3397,1303565,10.32,0.050860525,134553,,,,unlabeled
IG0000281,198491,9045,3079,867699,24.27,0.006799593,210615,,,,unlabeled
IG0000282,139119,573,4443,1435370,10.04,0.001950717,144135,,,,unlabeled
IG0000283,195680,2628,3024,1017733,19.78,0.022402732,201332,,,,unlabeled
IG0000284,64591,3923,1776,721222,9.75,0.017331695,70290,,,,unlabeled
IG0000285,108274,5887,2931,856409,13.67,0.073913282,117092,,,,unlabeled
IG0000286,127026,4585,1231,1690053,7.86,0.052128543,132842,,,,unlabeled
IG0000287,24285,8218,1396,1908631,1.78,0.033531888,33899,,,,unlabeled
IG0000288,104828,8777,3526,870145,13.46,0.088490999,117131,,,,unlabeled
IG0000289,24717,3638,4588,875833,3.76,0.03904854,32943,,,,unlabeled
IG0000290,84605,7887,4352,1920921,5.04,0.033005001,96844,,,,unlabeled
IG0000291,192090,3381,293,501296,39.05,0.128267531,195764,,,,unlabeled
IG0000292,101642,9700,1040,584880,19.21,0.005642183,112382,,,,unlabeled
IG0000293,79239,525,2214,1710067,4.79,0.003567112,81978,,,,unlabeled
IG0000294,109617,9154,4311,1012217,12.16,0.042876182,123082,,,,unlabeled
IG0000295,17094,3524,2401,1623215,1.42,0.045034084,23019,,,,unlabeled
IG0000296,8639,2690,4654,1316967,1.21,0.073198493,15983,,,,unlabeled
IG0000297,177363,5050,586,1890659,9.68,0.049612331,182999,,,,unlabeled
IG0000298,198802,2870,2841,995964,20.53,0.006425935,204513,,,,unlabeled
IG0000299,168780,2569,2504,1454264,11.95,0.035894446,173853,,,,unlabeled
IG0000300,102850,6535,4356,1455102,7.82,0.042058907,113741,,,,unlabeled
IG0000301,1609,6271,2856,764571,1.4,0.110257909,10736,,,,unlabeled
IG0000302,146158,8882,2662,161414,97.7,0.29427435,157702,1,0,1,fraud
IG0000303,46250,7928,464,1391391,3.93,0.033347923,54642,,,,unlabeled
IG0000304,178428,3222,1439,1878490,9.75,0.036997801,183089,,,,unlabeled
IG0000305,37347,1707,4638,1112571,3.93,0.019144846,43692,,,,unlabeled
IG0000306,175623,4206,742,898859,20.09,0.086331672,180571,,,,unlabeled
IG0000307,146162,4312,4622,434271,35.71,0.000690813,155096,,,,unlabeled
IG0000308,142546,5720,701,1179524,12.63,0.010936615,148967,,,,unlabeled
IG0000309,25399,8162,183,384666,8.77,0.109705563,33744,,,,unlabeled
IG0000310,171389,6117,1189,297060,60.15,0.043762203,178695,1,0,1,fraud
IG0000311,71359,5604,4819,456485,17.92,0.167584915,81782,,,,unlabeled
IG0000312,27655,4899,2784,1864730,1.9,0.004290165,35338,,,,unlabeled
IG0000313,198982,6733,2226,1393210,14.93,0.05591404,207941,,,,unlabeled
IG0000314,101256,2175,3887,1895678,5.66,0.012502123,107318,,,,unlabeled
IG0000315,103168,8839,1663,1872435,6.07,0.009346119,113670,,,,unlabeled
IG0000316,7532,6575,3473,1780536,0.99,0.029204689,17580,,,,unlabeled
IG0000317,29146,9671,1917,806058,5.05,0.020842173,40734,,,,unlabeled
IG0000318,68978,8511,1014,46469,168.94,1.41384579,78503,1,0,1,fraud
IG0000319,176117,9859,4272,130035,146.31,0.379128696,190248,1,0,1,fraud
IG0000320,11922,5551,1469,550818,3.44,0.012526824,18942,,,,unlabeled
IG0000321,125527,2243,3127,1900731,6.89,0.048507653,130897,,,,unlabeled
IG0000322,84762,1114,4359,459820,19.62,0.188986995,90235,,,,unlabeled
IG0000323,9580,9612,3493,1489202,1.52,0.045124839,22685,,,,unlabeled
IG0000324,17236,5829,388,573761,4.09,0.03607774,23453,,,,unlabeled
IG0000325,53613,9391,2069,1576307,4.13,0.025248889,65073,,,,unlabeled
IG0000326,31934,1451,2991,796298,4.57,0.077734717,36376,,,,unlabeled
IG0000327,71110,9241,3911,1314032,6.41,0,84262,,,,unlabeled
IG0000328,45970,3629,3217,1993468,2.65,0.016503902,52816,,,,unlabeled
IG0000329,197326,7859,2779,1047096,19.86,0.046509585,207964,,,,unlabeled
IG0000330,63396,2088,866,458953,14.46,0.151213741,66350,,,,unlabeled
IG0000331,65654,6169,3262,129090,58.16,0.684793555,75085,1,0,1,fraud
IG0000332,68336,6835,1312,1889165,4.05,0.036365272,76483,,,,unlabeled
IG0000333,30630,4290,4552,1117197,3.53,0.035266833,39472,,,,unlabeled
IG0000334,27103,2680,7,976457,3.05,0.028265454,29790,,,,unlabeled
IG0000335,182806,2521,2023,17833,1050.58,4.05988897,187350,1,0,1,fraud
IG0000336,41977,1458,1391,265281,16.9,0.059559486,44826,,,,unlabeled
IG0000337,168286,9481,4750,1809085,10.09,0.011000036,182517,,,,unlabeled
IG0000338,120634,3331,2199,436180,28.92,0.046311156,126164,,,,unlabeled
IG0000339,24514,9373,1555,3507,1010.61,6.700883946,35442,1,0,1,fraud
IG0000340,155185,8396,3234,991992,16.82,0.027117154,166815,,,,unlabeled
IG0000341,63095,2046,298,1466110,4.46,0.047608979,65439,,,,unlabeled
IG0000342,26344,4145,1451,1917559,1.67,0.028421551,31940,,,,unlabeled
IG0000343,160740,1419,586,1812547,8.98,0.009875606,162745,,,,unlabeled
IG0000344,163912,3111,918,508322,33.04,0.106231877,167941,,,,unlabeled
IG0000345,110047,9992,405,356376,33.8,0.074640268,120444,,,,unlabeled
IG0000346,123916,2104,1376,1334038,9.55,0.037255311,127396,,,,unlabeled
IG0000347,39902,8206,4814,1680672,3.15,0.032784505,52922,,,,unlabeled
IG0000348,46591,7395,630,1947925,2.8,0.041172016,54616,,,,unlabeled
IG0000349,3332,5321,3182,1634070,0.72,0.031088019,11835,,,,unlabeled
IG0000350,7180,70,177,1140406,0.65,0.026131045,7427,,,,unlabeled
IG0000351,28781,7766,1869,334687,11.48,0.289225455,38416,,,,unlabeled
IG0000352,79511,6656,4865,1261935,7.21,0.013709105,91032,,,,unlabeled
IG0000353,10706,2212,1523,1511476,0.96,0.048032519,14441,,,,unlabeled
IG0000354,160236,342,2635,251615,64.87,0.153408978,163213,1,0,1,fraud
IG0000355,136679,8906,2584,1504365,9.85,0.039219205,148169,,,,unlabeled
IG0000356,41270,6884,2650,1215387,4.18,0.0303607,50804,,,,unlabeled
IG0000357,6934,2295,1861,1352538,0.82,0.031200602,11090,,,,unlabeled
IG0000358,60006,1850,2962,1548657,4.19,0.032156895,64818,,,,unlabeled
IG0000359,30106,7577,1446,527751,7.41,0.034106994,39129,,,,unlabeled
IG0000360,138617,9670,883,1924296,7.75,0.043236591,149170,,,,unlabeled
IG0000361,196587,5619,938,399238,50.88,0.219668468,203144,1,0,1,fraud
IG0000362,187182,9372,3533,1760326,11.37,0.024143255,200087,,,,unlabeled
IG0000363,18536,3191,362,1619507,1.36,0.022105493,22089,,,,unlabeled
IG0000364,117436,8831,2761,1728147,7.47,0.048664842,129028,,,,unlabeled
IG0000365,94654,787,2925,1579587,6.23,0.046404535,98366,,,,unlabeled
IG0000366,88490,4741,3202,1313678,7.34,0.060136502,96433,,,,unlabeled
IG0000367,104684,6139,1863,1186895,9.49,0.063021582,112686,,,,unlabeled
IG0000368,59765,2061,2702,967392,6.67,0.063159505,64528,,,,unlabeled
IG0000369,115927,5140,757,1435455,8.49,0.068062043,121824,,,,unlabeled
IG0000370,60073,2709,355,1832533,3.45,0.03317812,63137,,,,unlabeled
IG0000371,121589,3994,243,174596,72.07,0.045247314,125826,1,0,1,fraud
IG0000372,100483,5771,1493,51930,207.49,1.66955517,107747,1,0,1,fraud
IG0000373,34311,42,1935,798178,4.55,0.00375856,36288,,,,unlabeled
IG0000374,128433,59,1883,463214,28.15,0.181341669,130375,,,,unlabeled
IG0000375,170382,7393,532,201259,88.6,0.477494174,178307,1,0,1,fraud
IG0000376,170631,3543,4791,75903,235.78,0.588909529,178965,1,0,1,fraud
IG0000377,69744,2135,4512,884313,8.64,0.03392464,76391,,,,unlabeled
IG0000378,29720,3001,860,307432,10.92,0.265749824,33581,,,,unlabeled
IG0000379,185097,4946,3443,586852,32.97,0.140921391,193486,,,,unlabeled
IG0000380,116401,7781,2390,856336,14.78,0.084779806,126572,,,,unlabeled
IG0000381,2311,8570,1627,1008971,1.24,0.076513597,12508,,,,unlabeled
IG0000382,68817,2937,4310,1473326,5.16,0.034615557,76064,,,,unlabeled
IG0000383,14480,3961,4444,1783899,1.28,0.045966728,22885,,,,unlabeled
IG0000384,37450,9721,4824,890594,5.84,0.09645248,51995,,,,unlabeled
IG0000385,64107,1868,606,565934,11.76,0.172104874,66581,,,,unlabeled
IG0000386,106474,9794,2886,995689,11.97,0.04097665,119154,,,,unlabeled
IG0000387,182335,4661,4796,1448527,13.24,0.024990905,191792,,,,unlabeled
IG0000388,63047,1211,1842,1472426,4.49,0.05575832,66100,,,,unlabeled
IG0000389,180234,650,390,456462,39.71,0.071857022,181274,,,,unlabeled
IG0000390,104154,1241,4332,1326936,8.27,0.042202488,109727,,,,unlabeled
IG0000391,101706,5362,2825,1146665,9.58,0.042994249,109893,,,,unlabeled
IG0000392,42232,9502,1202,1375827,3.85,0.03372517,52936,,,,unlabeled
IG0000393,134879,1763,3219,500017,27.97,0.046198429,139861,,,,unlabeled
IG0000394,83724,9958,4666,137009,71.78,0.173711216,98348,1,0,1,fraud
IG0000395,14674,939,1739,349915,4.96,0.130603146,17352,,,,unlabeled
IG0000396,168610,7272,1158,363051,48.76,0.235228659,177040,1,0,1,fraud
IG0000397,65367,5009,159,773649,9.12,0.033606972,70535,,,,unlabeled
IG0000398,180434,5947,3486,574170,33.07,0.036574534,189867,,,,unlabeled
IG0000399,39202,9891,185,300121,16.42,0.108956054,49278,,,,unlabeled
IG0000400,166298,8357,1303,1824301,9.65,0.008770483,175958,,,,unlabeled
IG0000401,19459,7750,3684,738519,4.18,0.040486433,30893,,,,unlabeled
IG0000402,18110,5350,1185,50584,48.72,1.079392693,24645,1,0,1,fraud
IG0000403,197989,1054,4526,219458,92.76,0.103436648,203569,1,0,1,fraud
IG0000404,85658,672,1826,65379,134.84,0.033649949,88156,1,0,1,fraud
IG0000405,174222,4917,2588,1908474,9.52,0.049725592,181727,,,,unlabeled
IG0000406,138447,6595,994,373566,39.09,0.014722967,146036,,,,unlabeled
IG0000407,10289,5394,1946,1988589,0.89,0.02604862,17629,,,,unlabeled
IG0000408,31936,6875,3823,1804584,2.36,0.007093047,42634,,,,unlabeled
IG0000409,107962,4523,1704,1946296,5.87,0.045470987,114189,,,,unlabeled
IG0000410,43352,4591,3965,182326,28.47,0.372958327,51908,,,,unlabeled
IG0000411,197669,6850,3214,1626876,12.77,0.050833622,207733,,,,unlabeled
IG0000412,14473,1622,2921,1330971,1.43,0.05229265,19016,,,,unlabeled
IG0000413,189422,8459,4468,1350190,14.99,0.036291189,202349,,,,unlabeled
IG0000414,121136,9958,1441,41011,323.17,0.348686938,132535,1,0,1,fraud
IG0000415,135581,662,2618,682439,20.35,0.068284491,138861,,,,unlabeled
IG0000416,7936,8252,3941,1534935,1.31,0.035701838,20129,,,,unlabeled
IG0000417,54101,5703,4673,660820,9.76,0.141188221,64477,,,,unlabeled
IG0000418,36886,3023,2092,952854,4.41,0.053208571,42001,,,,unlabeled
IG0000419,173291,7412,3638,1968186,9.37,0.038360196,184341,,,,unlabeled
IG0000420,88664,1728,2048,337010,27.43,0.05222397,92440,,,,unlabeled
IG0000421,75603,5967,823,868615,9.49,0.074371269,82393,,,,unlabeled
IG0000422,11406,8057,1957,80019,26.77,0.043739612,21420,,,,unlabeled
IG0000423,65169,4596,2972,470188,15.47,0.082520183,72737,,,,unlabeled
IG0000424,1246,9364,3163,1042388,1.32,0.032041812,13773,,,,unlabeled
IG0000425,132193,1395,838,1796389,7.48,0.047929485,134426,,,,unlabeled
IG0000426,177316,8764,3353,1659683,11.41,0.05049157,189433,,,,unlabeled
IG0000427,79375,9738,2220,313242,29.16,0.035755103,91333,,,,unlabeled
IG0000428,138257,787,3529,500937,28.46,0.134947109,142573,,,,unlabeled
IG0000429,177400,1887,1191,1530913,11.79,0.017440573,180478,,,,unlabeled
IG0000430,98529,7746,3470,1836210,5.98,0.00648074,109745,,,,unlabeled
IG0000431,12588,8451,411,1458667,1.47,0.053884814,21450,,,,unlabeled
IG0000432,45916,5036,2082,284400,18.65,0.295007032,53034,,,,unlabeled
IG0000433,189228,5857,1380,1510559,13.01,0.022375822,196465,,,,unlabeled
IG0000434,81753,4829,1364,1118733,7.86,0.04460403,87946,,,,unlabeled
IG0000435,161770,641,3199,341325,48.52,0.099904783,165610,1,0,1,fraud
IG0000436,66535,9698,1763,1524853,5.11,0.004262706,77996,,,,unlabeled
IG0000437,146739,3043,1199,938114,16.09,0.019827015,150981,,,,unlabeled
IG0000438,167744,3039,992,1991453,8.63,0.012704292,171775,,,,unlabeled
IG0000439,133680,1328,1940,1974461,6.94,0.00030388,136948,,,,unlabeled
IG0000440,99718,8279,2667,1740937,6.36,0.004710107,110664,,,,unlabeled
IG0000441,82328,180,3261,1870175,4.59,0.019356477,85769,,,,unlabeled
IG0000442,84146,2424,4334,1405396,6.47,0.056069606,90904,,,,unlabeled
IG0000443,1673,8266,2553,1541776,0.81,0.010247922,12492,,,,unlabeled
IG0000444,48487,2736,3647,214450,25.59,0.282583353,54870,,,,unlabeled
IG0000445,105175,8607,912,501918,22.85,0.120936089,114694,,,,unlabeled
IG0000446,136909,1305,1299,448034,31.14,0.004017552,139513,,,,unlabeled
IG0000447,11587,8319,949,1700053,1.23,0.051586627,20855,,,,unlabeled
IG0000448,62228,9460,728,1730198,4.19,0.052017168,72416,,,,unlabeled
IG0000449,121076,6407,3842,210321,62.44,0.016641229,131325,1,0,1,fraud
IG0000450,106493,1794,4385,335428,33.59,0.028023898,112672,,,,unlabeled
IG0000451,151444,4866,4526,1164692,13.81,0.072723089,160836,,,,unlabeled
IG0000452,108676,3133,3874,1979125,5.85,0.016724563,115683,,,,unlabeled
IG0000453,194553,8676,4057,1408134,14.72,0.065263675,207286,,,,unlabeled
IG0000454,65438,6545,4644,437053,17.53,0.135681485,76627,,,,unlabeled
IG0000455,111558,9447,1110,1350217,9.04,0.0532507,122115,,,,unlabeled
IG0000456,28701,5403,3599,1040012,3.63,0.088748976,37703,,,,unlabeled
IG0000457,136371,1511,4167,353101,40.23,0.14415139,142049,1,0,1,fraud
IG0000458,42814,436,94,1213504,3.57,0.041615026,43344,,,,unlabeled
IG0000459,21622,8311,1296,1453020,2.15,0.05973765,31229,,,,unlabeled
IG0000460,108373,8694,267,1443196,8.13,0.029794983,117334,,,,unlabeled
IG0000461,103158,4857,827,527270,20.64,0.011379369,108842,,,,unlabeled
IG0000462,173442,9369,829,1986601,9.24,0.005990131,183640,,,,unlabeled
IG0000463,73236,1342,3129,313577,24.78,0.003189009,77707,,,,unlabeled
IG0000464,27527,3701,2630,893505,3.79,0.083155662,33858,,,,unlabeled
IG0000465,2960,9760,4524,1236235,1.39,0.035268375,17244,,,,unlabeled
IG0000466,140062,3685,17,28842,498.45,2.784134249,143764,1,0,1,fraud
IG0000467,177017,9997,2744,1375647,13.79,0.017591722,189758,,,,unlabeled
IG0000468,98274,8334,100,571694,18.67,0.0783636,106708,,,,unlabeled
IG0000469,169384,7528,1967,1921745,9.31,0.030597192,178879,,,,unlabeled
IG0000470,148237,450,1377,460404,32.59,0.079278199,150064,,,,unlabeled
IG0000471,72641,6618,1115,1911002,4.21,0.047357355,80374,,,,unlabeled
IG0000472,159535,210,2571,1864601,8.71,0.038399636,162316,,,,unlabeled
IG0000473,239,6092,720,654234,1.08,0.119834799,7051,,,,unlabeled
IG0000474,113863,8476,2864,1640238,7.63,0.013900422,125203,,,,unlabeled
IG0000475,38460,660,1595,1907062,2.13,0.018877205,40715,,,,unlabeled
IG0000476,30460,3089,1765,1881341,1.88,0.043373317,35314,,,,unlabeled
IG0000477,54982,4275,3296,765972,8.17,0.009922034,62553,,,,unlabeled
IG0000478,188818,3153,3765,1637615,11.95,0.029860498,195736,,,,unlabeled
IG0000479,67800,3230,108,561480,12.67,0.096886799,71138,,,,unlabeled
IG0000480,68735,8697,2604,79666,100.46,0.833479778,80036,1,0,1,fraud
IG0000481,177497,5857,3494,1314082,14.22,0.011186517,186848,,,,unlabeled
IG0000482,30437,4973,2803,1114523,3.43,0.041362987,38213,,,,unlabeled
IG0000483,83209,9635,3556,351837,27.4,0.215724895,96400,,,,unlabeled
IG0000484,102450,334,4679,1934745,5.55,0.016953139,107463,,,,unlabeled
IG0000485,160451,409,4808,40947,404.59,1.802329841,165668,1,0,1,fraud
IG0000486,32803,5654,3199,935824,4.45,0.0575963,41656,,,,unlabeled
IG0000487,139798,6127,4198,378597,39.65,0.030111174,150123,,,,unlabeled
IG0000488,52862,227,1660,1867552,2.93,0.001392197,54749,,,,unlabeled
IG0000489,197518,9144,3837,1566691,13.44,0.029616561,210499,,,,unlabeled
IG0000490,2553,6138,4945,840786,1.62,0.058754546,13636,,,,unlabeled
IG0000491,197570,5526,4681,521294,39.86,0.106849494,207777,,,,unlabeled
IG0000492,24560,9957,3390,1283729,2.95,0.055307623,37907,,,,unlabeled
IG0000493,171484,8081,2629,1491018,12.22,0.031857429,182194,,,,unlabeled
IG0000494,198792,1610,647,733508,27.41,0.037627401,201049,,,,unlabeled
IG0000495,2208,8312,860,1395458,0.82,0.019061842,11380,,,,unlabeled
IG0000496,39020,9491,938,112145,44.09,0.751705381,49449,1,0,1,fraud
IG0000497,178344,3107,3372,401953,45.98,0.102001975,184823,1,0,1,fraud
IG0000498,49617,9439,3872,1802199,3.49,0.010265237,62928,,,,unlabeled
IG0000499,161784,7189,544,49352,343.49,0.026341384,169517,1,0,1,fraud
IG0000500,124980,3715,4703,1714206,7.78,0.009450439,133398,,,,unlabeled
IG0000501,188449,2654,1106,797097,24.11,0.042529328,192209,,,,unlabeled
IG0000502,47292,2186,3098,1668132,3.15,0.001678524,52576,,,,unlabeled
IG0000503,130633,7828,2843,1456163,9.7,0.058372586,141304,,,,unlabeled
IG0000504,137696,9243,2544,1173996,12.73,0.068484049,149483,,,,unlabeled
IG0000505,7894,5209,75,1238985,1.06,0.013559486,13178,,,,unlabeled
IG0000506,136368,7741,3340,687632,21.44,0.093800172,147449,,,,unlabeled
IG0000507,121186,3132,912,1731346,7.23,0.03419305,125230,,,,unlabeled
IG0000508,162559,4564,1869,1080390,15.64,0.009441035,168992,,,,unlabeled
IG0000509,95457,9811,3111,1382500,7.84,0.057576854,108379,,,,unlabeled
IG0000510,12114,1658,2284,164647,9.75,0.374741113,16056,,,,unlabeled
IG0000511,194120,9587,4368,1816860,11.45,0.006054402,208075,,,,unlabeled
IG0000512,70375,1787,2122,337938,21.98,0.223709675,74284,,,,unlabeled
IG0000513,49146,4499,1568,563406,9.8,0.087680997,55213,,,,unlabeled
IG0000514,143125,9136,3640,154976,100.6,0.562022507,155901,1,0,1,fraud
IG0000515,181174,7380,545,736875,25.66,0.109923664,189099,,,,unlabeled
IG0000516,75427,2614,3100,1867687,4.34,0.015955564,81141,,,,unlabeled
IG0000517,167230,2648,1419,1525098,11.23,0.053111341,171297,,,,unlabeled
IG0000518,93620,9544,1045,1505719,6.92,0.053396417,104209,,,,unlabeled
IG0000519,75267,2192,939,664242,11.8,0.029657866,78398,,,,unlabeled
IG0000520,26545,2787,715,585726,5.13,0.083144679,30047,,,,unlabeled
IG0000521,165452,8860,4451,721630,24.77,0.03242659,178763,,,,unlabeled
IG0000522,94824,4515,3916,632195,16.33,0.061689827,103255,,,,unlabeled
IG0000523,189232,6855,1329,1594374,12.38,0.043716217,197416,,,,unlabeled
IG0000524,192263,4826,2046,123760,160.9,0.147866839,199135,1,0,1,fraud
IG0000525,36823,1194,195,614197,6.22,0.014978907,38212,,,,unlabeled
IG0000526,63842,9579,2360,959406,7.9,0.031894735,75781,,,,unlabeled
IG0000527,192020,1074,16,1088977,17.73,0.07125954,193110,,,,unlabeled
IG0000528,26239,2749,3098,721870,4.44,0.137143807,32086,,,,unlabeled
IG0000529,3981,3583,1094,507153,1.71,0.190869422,8658,,,,unlabeled
IG0000530,24056,2497,1026,1855843,1.49,0.005765574,27579,,,,unlabeled
IG0000531,78557,7104,3110,489828,18.12,0.06879966,88771,,,,unlabeled
IG0000532,133579,8000,3647,1486890,9.77,0.048154201,145226,,,,unlabeled
IG0000533,187255,9051,168,1816294,10.82,0.016021635,196474,,,,unlabeled
IG0000534,181986,7773,3891,1453947,13.32,0.0411982,193650,,,,unlabeled
IG0000535,170255,8984,1966,27011,670.86,3.617044908,181205,1,0,1,fraud
IG0000536,107347,1652,4564,1502927,7.56,0.019029534,113563,,,,unlabeled
IG0000537,151511,2726,2428,1073305,14.6,0.055156736,156665,,,,unlabeled
IG0000538,124283,622,1961,1248185,10.16,0.041340026,126866,,,,unlabeled
IG0000539,11783,9242,3195,1383615,1.75,0.050230736,24220,,,,unlabeled
IG0000540,42705,6551,4156,878422,6.08,0.098472033,53412,,,,unlabeled
IG0000541,87677,7221,1613,559208,17.26,0.091021588,96511,,,,unlabeled
IG0000542,187406,4168,207,1707302,11.23,0.055760492,191781,,,,unlabeled
IG0000543,161468,8212,4111,1343116,12.94,0.070358778,173791,,,,unlabeled
IG0000544,137039,1022,1580,794176,17.58,0.059180836,139641,,,,unlabeled
IG0000545,183508,1138,4342,933933,20.24,0.067242511,188988,,,,unlabeled
IG0000546,177163,4731,716,859839,21.24,0.011164881,182610,,,,unlabeled
IG0000547,62285,9173,1601,1881289,3.88,0.012597745,73059,,,,unlabeled
IG0000548,130305,2598,446,421971,31.6,0.084365987,133349,,,,unlabeled
IG0000549,173956,7471,2064,38425,477.53,1.022771633,183491,1,0,1,fraud
IG0000550,26100,1072,952,1251020,2.25,0.040127256,28124,,,,unlabeled
IG0000551,11159,243,4996,1907736,0.86,0.005556324,16398,,,,unlabeled
IG0000552,45003,1124,4503,1042633,4.86,0.002110043,50630,,,,unlabeled
IG0000553,84429,4303,3442,644961,14.29,0.127914711,92174,,,,unlabeled
IG0000554,177788,9544,615,1045010,17.99,0.050908604,187947,,,,unlabeled
IG0000555,65956,777,4921,1624865,4.41,0.01618596,71654,,,,unlabeled
IG0000556,50729,5169,1515,94640,60.66,1.001690617,57413,1,0,1,fraud
IG0000557,150602,1523,264,1624461,9.38,0.044383953,152389,,,,unlabeled
IG0000558,120441,6715,796,1306006,9.8,0.058422396,127952,,,,unlabeled
IG0000559,143933,8875,1169,1104483,13.94,0.068538855,153977,,,,unlabeled
IG0000560,170264,9379,1182,1722595,10.5,0.049866626,180825,,,,unlabeled
IG0000561,46850,6741,2834,1052554,5.36,0.016246197,56425,,,,unlabeled
IG0000562,123123,9998,1963,1274290,10.6,0.060582756,135084,,,,unlabeled
IG0000563,120764,8288,878,1990700,6.53,0.043351585,129930,,,,unlabeled
IG0000564,21160,5241,4970,1247210,2.52,0.037684111,31371,,,,unlabeled
IG0000565,78202,3652,1907,1522095,5.5,0.035411719,83761,,,,unlabeled
IG0000566,197777,6519,823,1682217,12.19,0.001070017,205119,,,,unlabeled
IG0000567,122076,8663,2128,1584788,8.38,0.03249646,132867,,,,unlabeled
IG0000568,168503,8681,639,6151,2890.96,9.039180621,177823,1,0,1,fraud
IG0000569,22991,7631,2181,26039,125.98,3.648373593,32803,1,0,1,fraud
IG0000570,27288,1107,1584,588030,5.1,0.082818904,29979,,,,unlabeled
IG0000571,126511,2096,1338,154391,84.17,0.408054874,129945,1,0,1,fraud
IG0000572,67951,8201,718,843407,9.11,0.066041662,76870,,,,unlabeled
IG0000573,181046,1606,2062,687749,26.86,0.14511108,184714,,,,unlabeled
IG0000574,166088,3103,4947,433495,40.17,0.211767148,174138,1,0,1,fraud
IG0000575,106568,7249,3914,1446190,8.14,0.002696741,117731,,,,unlabeled
IG0000576,194178,2741,3514,779464,25.71,0.04798169,200433,,,,unlabeled
IG0000577,178397,1589,1332,575148,31.53,0.049378595,181318,,,,unlabeled
IG0000578,32501,9881,1539,964584,4.55,0.058159787,43921,,,,unlabeled
IG0000579,85844,9259,1815,1703252,5.69,0.042683056,96918,,,,unlabeled
IG0000580,76160,358,1805,1550739,5.05,0.052233161,78323,,,,unlabeled
IG0000581,70198,5102,3002,919829,8.51,0.045986808,78302,,,,unlabeled
IG0000582,160511,6411,3347,1742679,9.77,0.031445837,170269,,,,unlabeled
IG0000583,123915,1515,315,1799584,6.99,0.00972447,125745,,,,unlabeled
IG0000584,3399,1510,4633,976865,0.98,0.037876267,9542,,,,unlabeled
IG0000585,43373,8376,1083,1467862,3.6,0.054705415,52832,,,,unlabeled
IG0000586,31493,1701,2202,1490254,2.38,0.041402338,35396,,,,unlabeled
IG0000587,103493,2216,3213,824998,13.2,0.014424277,108922,,,,unlabeled
IG0000588,77582,2999,1905,1932689,4.27,0.013556242,82486,,,,unlabeled
IG0000589,101365,5935,1627,723322,15.06,0.073411288,108927,,,,unlabeled
IG0000590,1907,8237,1931,590469,2.04,0.085525235,12075,,,,unlabeled
IG0000591,104407,5087,3132,194464,57.92,0.194380451,112626,1,0,1,fraud
IG0000592,31846,5544,1323,1209682,3.2,0.021162587,38713,,,,unlabeled
IG0000593,82997,7872,1146,400265,22.99,0.013491062,92015,,,,unlabeled
IG0000594,120439,7632,1290,297046,43.55,0.037704598,129361,1,0,1,fraud
IG0000595,102512,7198,4777,996062,11.49,0.06465461,114487,,,,unlabeled
IG0000596,60633,358,2238,804953,7.85,0.015777319,63229,,,,unlabeled
IG0000597,106054,4890,3961,595139,19.31,0.00991365,114905,,,,unlabeled
IG0000598,37529,5660,4236,1478265,3.21,0.053441027,47425,,,,unlabeled
IG0000599,176471,9738,4305,1880171,10.13,0.002393399,190514,,,,unlabeled
IG0000600,98360,7587,3068,308178,35.37,0.027256975,109015,,,,unlabeled
IG0000601,178095,4792,388,1179279,15.54,0.007874127,183275,,,,unlabeled
IG0000602,17204,8188,586,1485879,1.75,0.007874127,25978,,,,unlabeled
IG0000603,2633,9378,4489,1396841,1.18,0.001646573,16500,,,,unlabeled
IG0000604,45427,2211,1380,1559153,3.14,0.003527556,49018,,,,unlabeled
IG0000605,115565,999,1128,172685,68.15,0.52349654,117692,1,0,1,fraud
IG0000606,52429,5840,4894,1824110,3.46,0.032509004,63163,,,,unlabeled
IG0000607,152123,3896,2678,1518990,10.45,0.027189119,158697,,,,unlabeled
IG0000608,96147,9509,3917,1594623,6.87,0.000376264,109573,,,,unlabeled
IG0000609,8192,1349,1463,1328557,0.83,0.031989595,11004,,,,unlabeled
IG0000610,149248,8652,2748,1343335,11.96,0.036476382,160648,,,,unlabeled
IG0000611,69938,2964,1355,1270976,5.84,0.070260965,74257,,,,unlabeled
IG0000612,113226,9640,684,1509324,8.19,0.037698996,123550,,,,unlabeled
IG0000613,106140,981,3397,317531,34.81,0.205019352,110518,,,,unlabeled
IG0000614,192922,8044,1772,493513,41.08,0.102732856,202738,1,0,1,fraud
IG0000615,112087,5187,2043,1772103,6.73,0.050448535,119317,,,,unlabeled
IG0000616,73926,339,1456,908306,8.34,0.023780532,75721,,,,unlabeled
IG0000617,82828,2027,4654,1963635,4.56,0.05006022,89509,,,,unlabeled
IG0000618,67149,5682,1443,332994,22.3,0.197300852,74274,,,,unlabeled
IG0000619,45859,3464,2355,1810110,2.85,0.000110491,51678,,,,unlabeled
IG0000620,123189,1300,3266,415517,30.75,0.160522915,127755,,,,unlabeled
IG0000621,50973,6295,636,1747347,3.31,0.041663161,57904,,,,unlabeled
IG0000622,191620,3299,4288,402673,49.47,0.148010917,199207,1,0,1,fraud
IG0000623,16599,2889,138,799979,2.45,0.016500433,19626,,,,unlabeled
IG0000624,199482,4864,3036,299313,69.29,0.108581986,207382,1,0,1,fraud
IG0000625,88159,9045,276,1859601,5.24,0.047752179,97480,,,,unlabeled
IG0000626,41920,3076,2206,127617,36.99,0.611203836,47202,,,,unlabeled
IG0000627,123912,5780,4618,658345,20.4,0.08749212,134310,,,,unlabeled
IG0000628,28954,4030,2416,1685121,2.1,0.032638606,35400,,,,unlabeled
IG0000629,57236,9265,1364,1469112,4.62,0.032264388,67865,,,,unlabeled
IG0000630,187493,5292,3823,1943491,10.12,0.031078096,196608,,,,unlabeled
IG0000631,22311,9289,1144,1369496,2.39,0.054180516,32744,,,,unlabeled
IG0000632,137190,3993,1188,1344123,10.59,0.030651957,142371,,,,unlabeled
IG0000633,94143,5919,3915,1729858,6.01,0.034395887,103977,,,,unlabeled
IG0000634,146889,1220,3557,569978,26.61,0.105442666,151666,,,,unlabeled
IG0000635,27935,6124,902,565992,6.18,0.014841199,34961,,,,unlabeled
IG0000636,99715,5543,1325,1067717,9.98,0.025474915,106583,,,,unlabeled
IG0000637,199952,8629,4414,251454,84.71,0.059653058,212995,1,0,1,fraud
IG0000638,175489,6495,2852,256023,72.2,0.235135125,184836,1,0,1,fraud
IG0000639,190322,4129,3854,1178362,16.83,0.039885875,198305,,,,unlabeled
IG0000640,78068,7899,4582,1494137,6.06,0.011377805,90549,,,,unlabeled
IG0000641,33571,5423,1070,918756,4.36,0.094149045,40064,,,,unlabeled
IG0000642,120298,3023,1369,1399698,8.91,0.033650116,124690,,,,unlabeled
IG0000643,82837,8278,2338,775585,12.05,0.083420902,93453,,,,unlabeled
IG0000644,4377,9506,2455,299513,5.45,0.280789148,16338,,,,unlabeled
IG0000645,64732,4591,1921,336665,21.16,0.290793519,71244,,,,unlabeled
IG0000646,27161,1431,3493,1148071,2.79,0.06863687,32085,,,,unlabeled
IG0000647,147623,7326,3717,346922,45.74,0.171508293,158666,1,0,1,fraud
IG0000648,97123,2503,4794,627632,16.64,0.154389834,104420,,,,unlabeled
IG0000649,156387,7423,488,1872100,8.78,0.012339084,164298,,,,unlabeled
IG0000650,148029,9178,4135,95998,168.07,0.282297548,161342,1,0,1,fraud
IG0000651,192274,2734,4257,1716130,11.61,0.022259386,199265,,,,unlabeled
IG0000652,28497,5842,4031,425312,9.02,0.203380107,38370,,,,unlabeled
IG0000653,117973,323,1073,1928737,6.19,0.049566115,119369,,,,unlabeled
IG0000654,56074,7721,1940,1056383,6.22,0.033131923,65735,,,,unlabeled
IG0000655,176358,8102,4785,639186,29.61,0.095277431,189245,,,,unlabeled
IG0000656,179411,1554,211,1132666,16,0.037875243,181176,,,,unlabeled
IG0000657,141775,974,2461,879973,16.5,0.029546361,145210,,,,unlabeled
IG0000658,124595,8770,789,1113421,12.05,0.065922953,134154,,,,unlabeled
IG0000659,190036,7919,1987,1775903,11.26,0.038909783,199942,,,,unlabeled
IG0000660,63179,858,4746,1135018,6.06,0.009603372,68783,,,,unlabeled
IG0000661,82939,3008,2133,1706161,5.16,0.046478615,88080,,,,unlabeled
IG0000662,37278,8767,3258,866430,5.69,0.100296619,49303,,,,unlabeled
IG0000663,102654,6993,2177,797366,14.02,0.045399478,111824,,,,unlabeled
IG0000664,178381,3376,4897,965704,19.33,0.033239999,186654,,,,unlabeled
IG0000665,175064,9254,352,772874,23.89,0.084748614,184670,,,,unlabeled
IG0000666,12318,4240,4944,1910368,1.13,0.045698002,21502,,,,unlabeled
IG0000667,159174,7071,2955,1059467,15.97,0.037754833,169200,,,,unlabeled
IG0000668,65063,6631,3687,353487,21.32,0.089960876,75381,,,,unlabeled
IG0000669,151281,7417,1984,1502895,10.69,0.005788828,160682,,,,unlabeled
IG0000670,78646,168,1715,282522,28.5,0.262634414,80529,,,,unlabeled
IG0000671,157045,3817,4950,1984857,8.35,0.000453433,165812,,,,unlabeled
IG0000672,58380,7445,4746,851926,8.28,0.010212155,70571,,,,unlabeled
IG0000673,116459,7386,3752,345317,36.95,0.256575842,127597,,,,unlabeled
IG0000674,171246,9695,2037,1090332,16.78,0.079150204,182978,,,,unlabeled
IG0000675,147480,7015,3253,1562653,10.09,0.053242786,157748,,,,unlabeled
IG0000676,11597,1158,2670,1183195,1.3,0.010480098,15425,,,,unlabeled
IG0000677,28995,7868,2859,1652887,2.4,0.0298266,39722,,,,unlabeled
IG0000678,21045,9882,1357,1446842,2.23,0.013132049,32284,,,,unlabeled
IG0000679,129724,1427,472,529387,24.86,0.072725624,131623,,,,unlabeled
IG0000680,165198,5037,18,284257,59.89,0.245904235,170253,,,,unlabeled
IG0000681,18497,9392,1793,1749249,1.7,0.03504361,29682,,,,unlabeled
IG0000682,194205,4057,76,1071149,18.52,0.027353804,198338,,,,unlabeled
IG0000683,7094,8134,3447,550755,3.39,0.005810206,18675,,,,unlabeled
IG0000684,21198,7165,3146,1201829,2.62,0.061822439,31509,,,,unlabeled
IG0000685,51264,2923,4293,924156,6.33,0.075961201,58480,,,,unlabeled
IG0000686,160278,1783,623,1008594,16.13,0.028257158,162684,,,,unlabeled
IG0000687,160054,8043,4921,199795,86.6,0.127130309,173018,,,,unlabeled
IG0000688,121457,2383,3597,466016,27.35,0.084761038,127437,,,,unlabeled
IG0000689,134331,1125,4481,386244,36.23,0.20582844,139937,,,,unlabeled
IG0000690,43092,1540,2966,1332670,3.57,0.052601169,47598,,,,unlabeled
IG0000691,98271,1213,360,375564,26.59,0.106240215,99844,,,,unlabeled
IG0000692,49603,5706,707,180433,31.05,0.023277338,56016,,,,unlabeled
IG0000693,160153,9253,817,166256,102.39,0.244201713,170223,,,,unlabeled
IG0000694,66108,1238,1993,35252,196.7,2.292068535,69339,,,,unlabeled
IG0000695,10033,5865,4752,1254853,1.65,0.070526189,20650,,,,unlabeled
IG0000696,187622,4565,1421,446556,43.36,0.18452333,193608,,,,unlabeled
IG0000697,84533,8048,30,1426795,6.49,0.018292747,92611,,,,unlabeled
IG0000698,178978,2775,139,1091784,16.66,0.010166846,181892,,,,unlabeled
IG0000699,58237,6602,1278,1413030,4.68,0.054492827,66117,,,,unlabeled
IG0000700,18095,5907,4772,1103477,2.61,0.07856983,28774,,,,unlabeled
IG0000701,18786,508,4663,221913,10.8,0.194220257,23957,,,,unlabeled
IG0000702,138270,2262,1918,1238720,11.5,0.039072591,142450,,,,unlabeled
IG0000703,35282,4549,492,1259646,3.2,0.031358016,40323,,,,unlabeled
IG0000704,37649,9755,1366,324266,15.04,0.291735797,48770,,,,unlabeled
IG0000705,23836,6753,2904,305520,10.96,0.174456664,33493,,,,unlabeled
IG0000706,196182,592,1065,1498604,13.2,0.053850117,197839,,,,unlabeled
IG0000707,48591,3942,1680,1656069,3.27,0.009117978,54213,,,,unlabeled
IG0000708,175052,5978,4158,874942,21.17,0.025030231,185188,,,,unlabeled
IG0000709,164002,4343,3632,1239869,13.87,0.077427535,171977,,,,unlabeled
IG0000710,9971,946,1457,413206,2.99,0.095835975,12374,,,,unlabeled
IG0000711,134709,5118,3275,331499,43.17,0.016591302,143102,,,,unlabeled
IG0000712,60408,4028,4347,1078223,6.38,0.072619486,68783,,,,unlabeled
IG0000713,121349,2762,3640,134203,95.19,0.368844214,127751,,,,unlabeled
IG0000714,145161,3889,4136,849321,18.04,0.046625481,153186,,,,unlabeled
IG0000715,3178,1797,1707,1258217,0.53,0.016372375,6682,,,,unlabeled
IG0000716,2850,3163,2475,1992995,0.43,0.008178646,8488,,,,unlabeled
IG0000717,126434,8805,1714,1472571,9.3,0.059487794,136953,,,,unlabeled
IG0000718,196419,1694,4589,1983460,10.22,0.049257358,202702,,,,unlabeled
IG0000719,115484,5583,4483,785764,15.98,0.117083501,125550,,,,unlabeled
IG0000720,145528,1601,2716,1980844,7.56,0.049221443,149845,,,,unlabeled
IG0000721,137225,2427,3069,445393,32.04,0.028738665,142721,,,,unlabeled
IG0000722,192042,6839,900,1283322,15.57,0.007168894,199781,,,,unlabeled
IG0000723,35283,7875,1689,1844888,2.43,0.004715733,44847,,,,unlabeled
IG0000724,52882,1021,1395,1866185,2.96,0.039224407,55298,,,,unlabeled
IG0000725,174097,8112,4958,1176709,15.91,0.083878002,187167,,,,unlabeled
IG0000726,2903,9323,102,995968,1.24,0.015562749,12328,,,,unlabeled
IG0000727,49420,2592,2531,582322,9.37,0.018202987,54543,,,,unlabeled
IG0000728,16979,8555,3279,882986,3.26,0.110194273,28813,,,,unlabeled
IG0000729,140316,5250,3375,964345,15.44,0.013376955,148941,,,,unlabeled
IG0000730,110715,2721,3203,675862,17.26,0.097209194,116639,,,,unlabeled
IG0000731,118772,9250,3109,1722645,7.61,0.010739299,131131,,,,unlabeled
IG0000732,106214,4277,3553,496294,22.98,0.18235159,114044,,,,unlabeled
IG0000733,184542,7811,1892,1921251,10.11,0.034144419,194245,,,,unlabeled
IG0000734,150027,2987,2320,30239,513.69,1.286418202,155334,,,,unlabeled
IG0000735,176625,4255,4121,1292278,14.32,0.002940544,185001,,,,unlabeled
IG0000736,154900,2049,4408,573154,28.15,0.156327968,161357,,,,unlabeled
IG0000737,86386,9004,926,513773,18.75,0.192497465,96316,,,,unlabeled
IG0000738,198932,5374,2424,440629,46.92,0.155459582,206730,,,,unlabeled
IG0000739,117389,9513,2662,1259231,10.29,0.066310312,129564,,,,unlabeled
IG0000740,307,1683,2552,1002391,0.45,0.041101726,4542,,,,unlabeled
IG0000741,182726,4114,866,1625203,11.55,0.01747474,187706,,,,unlabeled
IG0000742,116797,1849,4755,476897,25.88,0.050535021,123401,,,,unlabeled
IG0000743,68316,7183,440,696872,10.9,0.10776728,75939,,,,unlabeled
IG0000744,11362,5794,2710,1904546,1.04,0.02840572,19866,,,,unlabeled
IG0000745,174810,6105,1021,1456208,12.49,0.023004955,181936,,,,unlabeled
IG0000746,188605,8148,1684,321254,61.77,0.283576236,198437,,,,unlabeled
IG0000747,15568,1911,74,1671219,1.05,0.028661713,17553,,,,unlabeled
IG0000748,87035,2086,4467,1631222,5.74,0.014958111,93588,,,,unlabeled
IG0000749,185432,1648,4702,776498,24.7,0.075467033,191782,,,,unlabeled
IG0000750,28127,6629,4802,804152,4.92,0.028601558,39558,,,,unlabeled
IG0000751,139847,530,2115,1957087,7.28,0.037095949,142492,,,,unlabeled
IG0000752,45452,6567,1306,691065,7.72,0.086822513,53325,,,,unlabeled
IG0000753,29826,392,3914,1034962,3.3,0.054881242,34132,,,,unlabeled
IG0000754,159196,3316,4920,1304548,12.83,0.030738616,167432,,,,unlabeled
IG0000755,91062,1407,1841,1039170,9.08,0.014338366,94310,,,,unlabeled
IG0000756,125365,1396,300,1612883,7.88,0.036518458,127061,,,,unlabeled
IG0000757,17135,7747,4493,1148110,2.56,0.018029631,29375,,,,unlabeled
IG0000758,144250,8835,243,864274,17.74,0.045240283,153328,,,,unlabeled
IG0000759,9374,7680,3283,1691462,1.2,0.048892615,20337,,,,unlabeled
IG0000760,89532,3877,2908,81862,117.66,0.472746818,96317,,,,unlabeled
IG0000761,186211,8781,1859,400470,49.15,0.128598896,196851,,,,unlabeled
IG0000762,69931,4646,2170,1791662,4.28,0.008260487,76747,,,,unlabeled
IG0000763,70729,7306,1985,1002026,7.99,0.090816007,80020,,,,unlabeled
IG0000764,85049,722,2366,1560956,5.65,0.059386684,88137,,,,unlabeled
IG0000765,99310,716,4854,1312715,7.99,0.064903654,104880,,,,unlabeled
IG0000766,89206,7842,2905,1882997,5.31,0.026447201,99953,,,,unlabeled
IG0000767,134999,8185,2726,1672206,8.73,0.020631429,145910,,,,unlabeled
IG0000768,87132,8853,4326,1465337,6.85,0.059986201,100311,,,,unlabeled
IG0000769,159669,7311,1447,968477,17.39,0.085082041,168427,,,,unlabeled
IG0000770,41905,9547,4915,1941710,2.9,0.015707804,56367,,,,unlabeled
IG0000771,66044,4713,6,409649,17.27,0.083241995,70763,,,,unlabeled
IG0000772,198864,8682,1815,61752,339.04,0.472859179,209361,,,,unlabeled
IG0000773,104616,1416,3683,1428680,7.68,0.017778649,109715,,,,unlabeled
IG0000774,152922,7468,1271,1237368,13.06,0.044772452,161661,,,,unlabeled
IG0000775,116302,5474,2117,763176,16.23,0.061453714,123893,,,,unlabeled
IG0000776,124705,8112,1291,550826,24.35,0.068987303,134108,,,,unlabeled
IG0000777,199490,3530,2311,1868468,10.99,0.048595962,205331,,,,unlabeled
IG0000778,11214,3841,2570,527002,3.34,0.06053108,17625,,,,unlabeled
IG0000779,174555,7923,3612,1129685,16.47,0.065504986,186090,,,,unlabeled
IG0000780,61610,6790,806,1472998,4.7,0.059198994,69206,,,,unlabeled
IG0000781,160408,7266,403,171505,98,0.340514854,168077,,,,unlabeled
IG0000782,7723,3083,3924,1730699,0.85,0.043623992,14730,,,,unlabeled
IG0000783,186923,6422,604,87790,220.92,0.119603599,193949,,,,unlabeled
IG0000784,89807,4405,4639,1342059,7.37,0.014678937,98851,,,,unlabeled
IG0000785,150202,4903,1440,1956772,8,0.043592202,156545,,,,unlabeled
IG0000786,13450,6783,4835,803879,3.12,0.102129798,25068,,,,unlabeled
IG0000787,194519,9503,2380,1275592,16.18,0.032847494,206402,,,,unlabeled
IG0000788,183995,6375,50,135214,140.83,0.616060467,190420,,,,unlabeled
IG0000789,161568,5177,262,1315350,12.7,0.05230547,167007,,,,unlabeled
IG0000790,153358,613,1757,963731,16.16,0.044825786,155728,,,,unlabeled
IG0000791,42232,3274,4109,65344,75.93,1.53036239,49615,,,,unlabeled
IG0000792,186141,8206,4266,535723,37.07,0.025759581,198613,,,,unlabeled
IG0000793,122727,7084,132,1932166,6.73,0.040420958,129943,,,,unlabeled
IG0000794,100257,9935,4310,1848741,6.19,0.007897266,114502,,,,unlabeled
IG0000795,144748,1159,3345,990620,15.07,0.096303325,149252,,,,unlabeled
IG0000796,184573,6595,1919,561404,34.39,0.023334355,193087,,,,unlabeled
IG0000797,61393,4330,1034,1130778,5.9,0.06110837,66757,,,,unlabeled
IG0000798,71391,5936,3153,341624,23.56,0.050055031,80480,,,,unlabeled
IG0000799,114195,496,3394,300585,39.29,0.034266514,118085,,,,unlabeled
IG0000800,132796,9710,1742,990968,14.56,0.042180979,144248,,,,unlabeled
IG0000801,45928,9937,902,1662458,3.41,0.020571948,56767,,,,unlabeled
IG0000802,181766,2754,3338,45607,411.91,1.800162256,187858,,,,unlabeled
IG0000803,71960,4139,4348,1628019,4.94,0.058414552,80447,,,,unlabeled
IG0000804,109158,3277,3517,1013486,11.44,0.025456691,115952,,,,unlabeled
IG0000805,170588,7535,304,1948225,9.16,0.001539863,178427,,,,unlabeled
IG0000806,93538,4511,1414,981272,10.14,0.047897015,99463,,,,unlabeled
IG0000807,551,3892,4126,832644,1.03,0.111332094,8569,,,,unlabeled
IG0000808,105418,2060,4351,1942143,5.76,0.019411547,111829,,,,unlabeled
IG0000809,12959,9827,142,531449,4.31,0.183648854,22928,,,,unlabeled
IG0000810,71200,8754,1979,35355,231.74,1.26431905,81933,,,,unlabeled
IG0000811,67978,6199,1025,1052249,7.15,0.041054921,75202,,,,unlabeled
IG0000812,36166,5218,1750,42221,102.16,1.980057317,43134,,,,unlabeled
IG0000813,182273,5139,2141,176311,107.51,0.484938546,189553,,,,unlabeled
IG0000814,167132,8098,3861,1276203,14.03,0.01621999,179091,,,,unlabeled
IG0000815,48481,805,1603,1513637,3.36,0.057279255,50889,,,,unlabeled
IG0000816,108671,4279,3378,1503391,7.74,0.010110477,116328,,,,unlabeled
IG0000817,131119,8669,2204,1485571,9.56,0.030493325,141992,,,,unlabeled
IG0000818,132872,515,1589,1059304,12.74,0.025205229,134976,,,,unlabeled
IG0000819,194065,7081,310,1770968,11.38,0.028967209,201456,,,,unlabeled
IG0000820,133472,6450,4134,1868204,7.71,0.04758581,144056,,,,unlabeled
IG0000821,132303,6179,1208,760653,18.36,0.015250055,139690,,,,unlabeled
IG0000822,2839,1947,3498,769584,1.08,0.059772552,8284,,,,unlabeled
IG0000823,94175,5752,2227,1965776,5.2,0.011547603,102154,,,,unlabeled
IG0000824,95894,8902,1903,471886,22.61,0.00911237,106699,,,,unlabeled
IG0000825,64525,3710,346,349161,19.64,0.154370047,68581,,,,unlabeled
IG0000826,76915,2296,1053,879561,9.13,0.100959456,80264,,,,unlabeled
IG0000827,64537,9751,504,1057099,7.08,0.057705097,74792,,,,unlabeled
IG0000828,75039,5424,356,1221725,6.62,0.044117948,80819,,,,unlabeled
IG0000829,121720,1045,2165,1776000,7.03,0.056137387,124930,,,,unlabeled
IG0000830,170936,4482,4605,1648150,10.92,0.036829172,180023,,,,unlabeled
IG0000831,179710,8598,3688,1524125,12.6,0.02919708,191996,,,,unlabeled
IG0000832,184693,8342,2804,74067,264.41,0.982893866,195839,,,,unlabeled
IG0000833,61729,389,4365,1758627,3.78,0.030990085,66483,,,,unlabeled
IG0000834,22237,7745,196,964980,3.13,0.073369396,30178,,,,unlabeled
IG0000835,103434,2558,325,697274,15.25,0.015632305,106317,,,,unlabeled
IG0000836,85998,5909,4357,1341020,7.18,0.03571908,96264,,,,unlabeled
IG0000837,22686,6791,2467,531941,6.01,0.108658667,31944,,,,unlabeled
IG0000838,169252,6821,1045,45302,390.97,2.125733963,177118,,,,unlabeled
IG0000839,106243,472,2941,1012338,10.83,0.035067339,109656,,,,unlabeled
IG0000840,59720,4830,4388,778913,8.85,0.013993861,68938,,,,unlabeled
IG0000841,116219,42,1852,781280,15.12,0.046974196,118113,,,,unlabeled
IG0000842,32417,609,2036,1499527,2.34,0.060085614,35062,,,,unlabeled
IG0000843,81284,9611,4057,1461902,6.5,0.004651475,94952,,,,unlabeled
IG0000844,161788,7642,3293,1041424,16.59,0.028518644,172723,,,,unlabeled
IG0000845,55893,9291,3437,1969679,3.48,0.017769393,68621,,,,unlabeled
IG0000846,45640,4995,2628,1384966,3.85,0.029531411,53263,,,,unlabeled
IG0000847,120245,2927,682,67742,182.83,1.27099879,123854,,,,unlabeled
IG0000848,12244,4176,4824,1959330,1.08,0.021997315,21244,,,,unlabeled
IG0000849,76147,5730,698,1751909,4.71,0.046520681,82575,,,,unlabeled
IG0000850,91277,9841,4321,676586,15.58,0.088532722,105439,,,,unlabeled
IG0000851,33179,5897,1786,1722964,2.37,0.023738163,40862,,,,unlabeled
IG0000852,9469,7237,2055,1423038,1.32,0.069780287,18761,,,,unlabeled
IG0000853,50943,5343,3098,1560704,3.8,0.039917883,59384,,,,unlabeled
IG0000854,84641,8862,2388,17372,551.99,0.443241999,95891,,,,unlabeled
IG0000855,191761,2287,4016,1994364,9.93,0.036803713,198064,,,,unlabeled
IG0000856,199492,6439,1548,165527,125.34,0.471826349,207479,,,,unlabeled
IG0000857,180046,1448,301,1720361,10.57,0.005057078,181795,,,,unlabeled
IG0000858,159133,7011,990,102632,162.85,0.406306025,167134,,,,unlabeled
IG0000859,12128,512,471,1350892,0.97,0.051299438,13111,,,,unlabeled
IG0000860,98131,1234,4653,1612612,6.45,0.042105603,104018,,,,unlabeled
IG0000861,38544,8803,900,1889567,2.55,0.031435773,48247,,,,unlabeled
IG0000862,49075,3879,1424,363415,14.96,0.085301928,54378,,,,unlabeled
IG0000863,118306,2382,3332,1074194,11.55,0.047477458,124020,,,,unlabeled
IG0000864,105554,688,1255,1325350,8.11,0.017203003,107497,,,,unlabeled
IG0000865,66217,3078,2189,186638,38.3,0.397025257,71484,,,,unlabeled
IG0000866,160752,4579,1358,214621,77.67,0.020035318,166689,,,,unlabeled
IG0000867,26870,2969,377,1580959,1.91,0.038014901,30216,,,,unlabeled
IG0000868,25300,3460,1154,14640,204.33,3.258196721,29914,,,,unlabeled
IG0000869,51781,197,1195,1226029,4.34,0.037356376,53173,,,,unlabeled
IG0000870,149655,9725,2704,658360,24.62,0.142779027,162084,,,,unlabeled
IG0000871,19697,5519,608,1805385,1.43,0.000609288,25824,,,,unlabeled
IG0000872,38788,7554,37,1302690,3.56,0.03462067,46379,,,,unlabeled
IG0000873,114124,7795,409,1844195,6.63,0.035516852,122328,,,,unlabeled
IG0000874,183023,5762,1862,171489,111.17,0.020409472,190647,,,,unlabeled
IG0000875,8622,9100,1532,603882,3.19,0.082300847,19254,,,,unlabeled
IG0000876,179476,1133,4778,729045,25.43,0.124546496,185387,,,,unlabeled
IG0000877,112997,6802,1395,1958521,6.19,0.029461007,121194,,,,unlabeled
IG0000878,72959,6476,1336,872419,9.26,0.013754859,80771,,,,unlabeled
IG0000879,109043,8027,3846,1989174,6.08,0.020309938,120916,,,,unlabeled
IG0000880,6472,9477,2143,148701,12.17,0.071283986,18092,,,,unlabeled
IG0000881,131362,5204,2240,1625657,8.54,0.031433445,138806,,,,unlabeled
IG0000882,193669,5787,1080,1651246,12.14,0.051234038,200536,,,,unlabeled
IG0000883,170161,5558,1430,1740120,10.18,0.038503092,177149,,,,unlabeled
IG0000884,79308,6376,1312,1107756,7.85,0.082148054,86996,,,,unlabeled
IG0000885,133265,1810,3980,628198,22.14,0.093919433,139055,,,,unlabeled
IG0000886,181284,8377,1288,1164668,16.4,0.038036591,190949,,,,unlabeled
IG0000887,198457,3731,1744,985592,20.69,0.073154003,203932,,,,unlabeled
IG0000888,192993,567,66,1831984,10.57,0.002893038,193626,,,,unlabeled
IG0000889,88949,1305,3687,1929245,4.87,0.00331736,93941,,,,unlabeled
IG0000890,79250,4302,840,1790857,4.71,0.022503193,84392,,,,unlabeled
IG0000891,189812,1603,2996,376127,51.69,0.047058573,194411,,,,unlabeled
IG0000892,150440,3826,3699,920624,17.16,0.08950451,157965,,,,unlabeled
IG0000893,146600,1806,3513,1917779,7.92,0.043748524,151919,,,,unlabeled
IG0000894,159466,1064,3392,1165921,14.06,0.014066133,163922,,,,unlabeled
IG0000895,73579,5958,3948,206448,40.44,0.412210339,83485,,,,unlabeled
IG0000896,136954,5251,1417,17587,816.64,1.387388412,143622,,,,unlabeled
IG0000897,191159,662,243,804095,23.89,0.110185985,192064,,,,unlabeled
IG0000898,189373,8584,966,340213,58.47,0.13579728,198923,,,,unlabeled
IG0000899,174090,9142,720,644618,28.54,0.086562895,183952,,,,unlabeled
IG0000900,38243,6869,181,608291,7.45,0.148119897,45293,,,,unlabeled
IG0000901,148434,7963,4665,1079481,14.92,0.05511908,161062,,,,unlabeled
IG0000902,91466,9267,1784,1014064,10.11,0.004930655,102517,,,,unlabeled
IG0000903,84119,673,2010,1938857,4.48,0.050854705,86802,,,,unlabeled
IG0000904,16146,7636,3900,1889253,1.47,0.021437044,27682,,,,unlabeled
IG0000905,87319,1595,2632,1407788,6.5,0.031894007,91546,,,,unlabeled
IG0000906,62533,8753,1610,76806,94.91,0.266906231,72896,,,,unlabeled
IG0000907,80720,6113,2968,1294414,6.94,0.050756559,89801,,,,unlabeled
IG0000908,51537,8048,392,1075610,5.58,0.015433103,59977,,,,unlabeled
IG0000909,5622,7220,3088,524988,3.03,0.131050614,15930,,,,unlabeled
IG0000910,108095,6152,1842,1849935,6.28,0.051407212,116089,,,,unlabeled
IG0000911,161864,6939,3931,1041082,16.59,0.0220924,172734,,,,unlabeled
IG0000912,118544,5148,3806,30471,418.42,0.73840701,127498,,,,unlabeled
IG0000913,66212,9901,169,1047661,7.28,0.027298907,76282,,,,unlabeled
IG0000914,12697,5772,2765,905493,2.35,0.109995329,21234,,,,unlabeled
IG0000915,105960,3887,2392,1205190,9.31,0.009376115,112239,,,,unlabeled
IG0000916,101078,4182,408,439882,24.02,0.041374732,105668,,,,unlabeled
IG0000917,178925,4313,2205,26343,703.96,2.345974263,185443,,,,unlabeled
IG0000918,45838,5239,3066,291272,18.59,0.318945865,54143,,,,unlabeled
IG0000919,145221,1645,2190,866015,17.21,0.104848068,149056,,,,unlabeled
IG0000920,13274,8715,1856,1940777,1.23,0.018188591,23845,,,,unlabeled
IG0000921,178320,7935,3312,1357151,13.97,0.063957511,189567,,,,unlabeled
IG0000922,21977,7355,4000,1631859,2.04,0.058522213,33332,,,,unlabeled
IG0000923,51849,8047,316,425566,14.15,0.179760601,60212,,,,unlabeled
IG0000924,135072,9208,878,626333,23.18,0.148163996,145158,,,,unlabeled
IG0000925,178815,3220,3003,961043,19.25,0.090942861,185038,,,,unlabeled
IG0000926,54754,7305,3003,766369,8.49,0.003131651,65062,,,,unlabeled
IG0000927,68647,3571,146,131461,55.05,0.298187295,72364,,,,unlabeled
IG0000928,77481,8714,1951,44600,197.64,1.778026906,88146,,,,unlabeled
IG0000929,166081,2413,1771,900842,18.9,0.098241423,170265,,,,unlabeled
IG0000930,111085,5795,2908,1514861,7.91,0.043502341,119788,,,,unlabeled
IG0000931,143690,7921,601,1388045,10.97,0.020532476,152212,,,,unlabeled
IG0000932,177170,9121,2009,1497018,12.58,0.033733729,188300,,,,unlabeled
IG0000933,96244,6038,4820,1210321,8.85,0.02776123,107102,,,,unlabeled
IG0000934,81416,5009,621,928296,9.38,0.106647018,87046,,,,unlabeled
IG0000935,54726,6946,3059,320744,20.18,0.07732023,64731,,,,unlabeled
IG0000936,162334,5285,1428,999696,16.91,0.002600791,169047,,,,unlabeled
IG0000937,134972,1566,990,1866641,7.37,0.033804036,137528,,,,unlabeled
IG0000938,122454,5554,1807,14393,901.93,5.377614118,129815,,,,unlabeled
IG0000939,89356,3610,2757,1609906,5.95,0.005900966,95723,,,,unlabeled
IG0000940,9236,5770,3645,1339609,1.39,0.037249675,18651,,,,unlabeled
IG0000941,87043,3955,538,1622291,5.64,0.039388741,91536,,,,unlabeled
IG0000942,51436,8537,150,1973738,3.05,0.010538379,60123,,,,unlabeled
IG0000943,75077,7622,2451,1323175,6.44,0.019498555,85150,,,,unlabeled
IG0000944,181289,1876,327,69777,262.97,0.918640813,183492,,,,unlabeled
IG0000945,92371,3475,280,1482005,6.49,0.054048401,96126,,,,unlabeled
IG0000946,179484,4762,1310,838107,22.14,0.086265835,185556,,,,unlabeled
IG0000947,134557,848,2234,540600,25.46,0.124121347,137639,,,,unlabeled
IG0000948,92890,8245,4116,1824560,5.77,0.040119262,105251,,,,unlabeled
IG0000949,102145,6244,4625,475657,23.76,0.112476007,113014,,,,unlabeled
IG0000950,147561,3722,1911,1398942,10.95,0.061475029,153194,,,,unlabeled
IG0000951,185398,7244,881,881401,21.96,0.09314716,193523,,,,unlabeled
IG0000952,65803,785,4587,486524,14.63,0.096603662,71175,,,,unlabeled
IG0000953,163257,3840,1656,565050,29.87,0.160339793,168753,,,,unlabeled
IG0000954,108748,2363,378,713566,15.62,0.027747959,111489,,,,unlabeled
IG0000955,55790,2828,3049,669918,9.21,0.128971008,61667,,,,unlabeled
IG0000956,60939,8995,347,206615,34.02,0.110350168,70281,,,,unlabeled
IG0000957,144322,574,449,730825,19.89,0.109054835,145345,,,,unlabeled
IG0000958,32043,2221,4638,66386,58.6,1.186997258,38902,,,,unlabeled
IG0000959,167436,4516,295,901711,19.1,0.046134515,172247,,,,unlabeled
IG0000960,144420,6733,4517,1864362,8.35,0.049453915,155670,,,,unlabeled
IG0000961,103153,7713,309,441098,25.2,0.204716412,111175,,,,unlabeled
IG0000962,163757,6136,3107,637595,27.13,0.048777045,173000,,,,unlabeled
IG0000963,56342,6051,4613,228533,29.32,0.368436943,67006,,,,unlabeled
IG0000964,198673,4049,2398,508303,40.35,0.163681898,205120,,,,unlabeled
IG0000965,12180,5615,2303,716186,2.81,0.117427596,20098,,,,unlabeled
IG0000966,54847,8560,3780,1313848,5.11,0.006621771,67187,,,,unlabeled
IG0000967,191256,600,2984,703115,27.71,0.052480746,194840,,,,unlabeled
IG0000968,147646,588,1051,1297849,11.5,0.028971013,149285,,,,unlabeled
IG0000969,187546,5083,1288,1492463,12.99,0.043954188,193917,,,,unlabeled
IG0000970,58981,8660,818,896880,7.63,0.082954241,68459,,,,unlabeled
IG0000971,119870,5785,4148,1003389,12.94,0.066076068,129803,,,,unlabeled
IG0000972,145824,5551,2619,548173,28.09,0.030647259,153994,,,,unlabeled
IG0000973,199676,2636,464,1880695,10.78,0.001914186,202776,,,,unlabeled
IG0000974,170532,3904,2579,1198072,14.77,0.03747688,177015,,,,unlabeled
IG0000975,2087,5901,4736,250549,5.08,0.068649246,12724,,,,unlabeled
IG0000976,136527,7445,4628,1753997,8.47,0.030843838,148600,,,,unlabeled
IG0000977,90139,4890,3963,1904896,5.2,0.052286319,98992,,,,unlabeled
IG0000978,129160,7642,515,460492,29.82,0.114442813,137317,,,,unlabeled
IG0000979,42299,9963,4784,259368,21.99,0.341599581,57046,,,,unlabeled
IG0000980,65625,7942,2507,464216,16.39,0.027573371,76074,,,,unlabeled
IG0000981,117806,9791,2412,784608,16.57,0.090491048,130009,,,,unlabeled
IG0000982,114089,9975,3713,1590339,8.03,0.00188639,127777,,,,unlabeled
IG0000983,49534,8401,197,1613774,3.6,0.025406284,58132,,,,unlabeled
IG0000984,64591,4336,156,1095499,6.31,0.075673278,69083,,,,unlabeled
IG0000985,174087,366,393,265646,65.82,0.220217884,174846,,,,unlabeled
IG0000986,161603,7611,2822,1047068,16.43,0.076021806,172036,,,,unlabeled
IG0000987,46784,6532,3290,1519024,3.73,0.020078682,56606,,,,unlabeled
IG0000988,89888,237,4621,1491262,6.35,0.0496224,94746,,,,unlabeled
IG0000989,141666,7151,221,1948122,7.65,0.012730209,149038,,,,unlabeled
IG0000990,114103,1671,3446,1173117,10.16,0.078594036,119220,,,,unlabeled
IG0000991,153445,4445,4854,320830,50.73,0.085715176,162744,,,,unlabeled
IG0000992,119171,4986,528,187333,66.56,0.458541741,124685,,,,unlabeled
IG0000993,34868,577,1336,965876,3.81,0.060463248,36781,,,,unlabeled
IG0000994,190083,3300,4857,1162076,17.06,0.017985054,198240,,,,unlabeled
IG0000995,11995,3717,3427,485116,3.95,0.079362462,19139,,,,unlabeled
IG0000996,44191,8248,754,1984850,2.68,0.046854926,53193,,,,unlabeled
IG0000997,30490,2049,3014,807075,4.41,0.113991884,35553,,,,unlabeled
IG0000998,193605,2717,623,585371,33.64,0.152894489,196945,,,,unlabeled
IG0000999,106573,786,1304,603747,18,0.153209871,108663,,,,unlabeled
IG0001000,90362,6943,1141,1723905,5.71,0.017634382,98446,,,,unlabeled
IG0001001,33260,6392,3226,1003390,4.27,0.062189179,42878,,,,unlabeled
IG0001002,83079,361,2811,1974340,4.37,0.006483179,86251,,,,unlabeled
IG0001003,154580,3399,222,459610,34.42,0.167098192,158201,,,,unlabeled
IG0001004,20216,3505,4936,1448770,1.98,0.06785066,28657,,,,unlabeled
IG0001005,17478,5367,1891,204670,12.09,0.142668686,24736,,,,unlabeled
IG0001006,68526,5613,496,302625,24.66,0.215778604,74635,,,,unlabeled
IG0001007,63761,7733,3892,1323245,5.7,0.009522046,75386,,,,unlabeled
IG0001008,172760,4860,4944,1691470,10.79,0.024061911,182564,,,,unlabeled
IG0001009,125811,6693,2590,1141421,11.84,0.049324482,135094,,,,unlabeled
IG0001010,814,2099,901,972705,0.39,0.023336983,3814,,,,unlabeled
IG0001011,115732,3612,3687,123076,99.96,0.759693198,123031,,,,unlabeled
IG0001012,182564,7986,986,233543,82.01,0.039393174,191536,,,,unlabeled
IG0001013,191466,6141,2193,486328,41.08,0.189378362,199800,,,,unlabeled
IG0001014,101676,7704,2720,68219,164.32,0.123132852,112100,,,,unlabeled
IG0001015,32543,737,1042,950847,3.61,0.035021407,34322,,,,unlabeled
IG0001016,2818,5793,3957,1340622,0.94,0.012083943,12568,,,,unlabeled
IG0001017,10964,2812,2199,1419565,1.13,0.0047902,15975,,,,unlabeled
IG0001018,23512,1138,958,784430,3.26,0.074703925,25608,,,,unlabeled
IG0001019,3690,1443,1014,1575187,0.39,0.002856804,6147,,,,unlabeled
IG0001020,46674,5248,4379,1336570,4.21,0.023867063,56301,,,,unlabeled
IG0001021,90420,80,84,586775,15.44,0.037833923,90584,,,,unlabeled
IG0001022,168558,1704,828,496419,34.46,0.143628669,171090,,,,unlabeled
IG0001023,75341,6884,4886,1437543,6.06,0.024486224,87111,,,,unlabeled
IG0001024,148798,4254,2667,374984,41.53,0.04640198,155719,,,,unlabeled
IG0001025,95112,5345,4514,323451,32.45,0.110990536,104971,,,,unlabeled
IG0001026,30769,6278,428,660938,5.67,0.02541842,37475,,,,unlabeled
IG0001027,62458,5726,2124,801764,8.77,0.090176162,70308,,,,unlabeled
IG0001028,78634,3048,4853,585789,14.77,0.015363894,86535,,,,unlabeled
IG0001029,197620,6113,1353,1651624,12.42,0.058366795,205086,,,,unlabeled
IG0001030,69876,935,1726,1652351,4.39,0.011075129,72537,,,,unlabeled
IG0001031,50717,4387,3630,1091933,5.38,0.089016451,58734,,,,unlabeled
IG0001032,32517,8606,3551,797333,5.6,0.103846197,44674,,,,unlabeled
IG0001033,77438,8728,44,1072602,8.04,0.009696048,86210,,,,unlabeled
IG0001034,36809,5205,489,424296,10.02,0.22460735,42503,,,,unlabeled
IG0001035,158494,4108,441,1161110,14.04,0.037291902,163043,,,,unlabeled
IG0001036,167797,3884,3290,1767152,9.9,0.024049997,174971,,,,unlabeled
IG0001037,426,528,4865,1300893,0.45,0.045430331,5819,,,,unlabeled
IG0001038,102773,7580,532,652877,16.98,0.098180821,110885,,,,unlabeled
IG0001039,96404,6421,2012,535086,19.59,0.018314813,104837,,,,unlabeled
IG0001040,77760,5120,4064,259781,33.47,0.362998064,86944,,,,unlabeled
IG0001041,179315,8767,2764,63448,300.79,1.328647081,190846,,,,unlabeled
IG0001042,122125,2805,4393,1847740,7,0.000541202,129323,,,,unlabeled
IG0001043,172545,3045,2650,1032449,17.26,0.033318837,178240,,,,unlabeled
IG0001044,24174,1875,2464,1575874,1.81,0.004061238,28513,,,,unlabeled
IG0001045,128690,1917,1912,229267,57.8,0.393863923,132519,,,,unlabeled
IG0001046,96401,7512,3422,1123156,9.56,0.058495881,107335,,,,unlabeled
IG0001047,20395,9236,1999,786367,4.02,0.082785773,31630,,,,unlabeled
IG0001048,169484,4751,3237,1638355,10.83,0.013428103,177472,,,,unlabeled
IG0001049,82362,6969,997,187238,48.24,0.435274891,90328,,,,unlabeled
IG0001050,194803,23,206,1594355,12.23,0.01994537,195032,,,,unlabeled
IG0001051,149183,8530,3076,1710680,9.4,0.027825192,160789,,,,unlabeled
IG0001052,194796,3733,251,583984,34.04,0.126202088,198780,,,,unlabeled
IG0001053,78101,6489,1122,1718145,4.99,0.025725419,85712,,,,unlabeled
IG0001054,147118,8712,4564,1684080,9.52,0.029452283,160394,,,,unlabeled
IG0001055,97463,7969,1358,1806253,5.91,0.048221373,106790,,,,unlabeled
IG0001056,116298,6839,484,1959813,6.31,0.010051979,123621,,,,unlabeled
IG0001057,41470,9115,4102,1555532,3.52,0.024557515,54687,,,,unlabeled
IG0001058,83043,7127,2652,1667160,5.57,0.036889081,92822,,,,unlabeled
IG0001059,137583,3952,3950,348233,41.78,0.134679941,145485,,,,unlabeled
IG0001060,145000,540,4623,1298481,11.56,0.016942874,150163,,,,unlabeled
IG0001061,14191,4027,3855,1515571,1.46,0.006400228,22073,,,,unlabeled
IG0001062,83943,246,2388,772394,11.21,0.053340653,86577,,,,unlabeled
IG0001063,56287,8702,3167,1002716,6.8,0.057045066,68156,,,,unlabeled
IG0001064,117251,3560,3820,26059,478.26,1.957097356,124631,,,,unlabeled
IG0001065,98039,8013,3424,1095592,9.99,0.026469708,109476,,,,unlabeled
IG0001066,43926,4578,4862,1168810,4.57,0.000684457,53366,,,,unlabeled
IG0001067,87101,7542,4688,1889711,5.26,0.04079989,99331,,,,unlabeled
IG0001068,19716,8338,2963,375742,8.25,0.201734169,31017,,,,unlabeled
IG0001069,59258,8929,3959,821605,8.78,0.038583017,72146,,,,unlabeled
IG0001070,118989,2919,4047,1870588,6.73,0.023522016,125955,,,,unlabeled
IG0001071,120814,1523,2609,71840,173.92,1.219376392,124946,,,,unlabeled
IG0001072,2312,2855,670,601070,0.97,0.130766799,5837,,,,unlabeled
IG0001073,166275,5532,3522,3250,5394.74,11.56923077,175329,,,,unlabeled
IG0001074,24412,1977,3320,1355785,2.19,0.009072235,29709,,,,unlabeled
IG0001075,129734,2505,3799,521217,26.1,0.130080178,136038,,,,unlabeled
IG0001076,127732,7201,1754,515571,26.51,0.049653685,136687,,,,unlabeled
IG0001077,116513,9973,3622,1184370,10.99,0.005234851,130108,,,,unlabeled
IG0001078,135622,268,1873,1305149,10.56,0.066046099,137763,,,,unlabeled
IG0001079,190068,6455,925,200807,98.33,0.358055247,197448,,,,unlabeled
IG0001080,111020,1279,916,1724208,6.57,0.044890176,113215,,,,unlabeled
IG0001081,148690,8453,145,472394,33.3,0.008890883,157288,,,,unlabeled
IG0001082,105778,1431,4373,1678856,6.65,0.031747809,111582,,,,unlabeled
IG0001083,146597,4519,3406,1806302,8.55,0.019764137,154522,,,,unlabeled
IG0001084,172483,184,3759,396284,44.52,0.176893339,176426,,,,unlabeled
IG0001085,147623,9989,2471,361280,44.31,0.069198406,160083,,,,unlabeled
IG0001086,76316,509,3783,883692,9.12,0.050130588,80608,,,,unlabeled
IG0001087,62795,4873,4272,1993056,3.61,0.001806271,71940,,,,unlabeled
IG0001088,152083,2230,4868,820242,19.41,0.013044931,159181,,,,unlabeled
IG0001089,125764,2580,3047,695916,18.88,0.102598589,131391,,,,unlabeled
IG0001090,145349,4969,2654,329051,46.49,0.04710516,152972,,,,unlabeled
IG0001091,198965,1421,1311,686762,29.37,0.013396198,201697,,,,unlabeled
IG0001092,20412,3841,868,63944,39.29,0.856999875,25121,,,,unlabeled
IG0001093,32007,9921,4659,319046,14.6,0.277076033,46587,,,,unlabeled
IG0001094,120354,924,836,1013253,12.05,0.053491083,122114,,,,unlabeled
IG0001095,48266,8680,3099,758884,7.91,0.064173181,60045,,,,unlabeled
IG0001096,152095,5053,4018,822513,19.59,0.099572894,161166,,,,unlabeled
IG0001097,112528,6202,792,258054,46.32,0.081765832,119522,,,,unlabeled
IG0001098,89593,7119,4180,1347086,7.49,0.019226686,100892,,,,unlabeled
IG0001099,29375,894,4279,1740246,1.99,0.035454758,34548,,,,unlabeled
IG0001100,21094,9623,4443,1959076,1.79,0.023072101,35160,,,,unlabeled
IG0001101,15198,8399,2378,1604224,1.62,0.04955667,25975,,,,unlabeled
IG0001102,36670,992,2106,1339567,2.97,0.024336222,39768,,,,unlabeled
IG0001103,100951,2457,2346,977195,10.82,0.055976545,105754,,,,unlabeled
IG0001104,154805,2415,2263,49561,321.79,1.57987127,159483,,,,unlabeled
IG0001105,23143,3689,2986,997372,2.99,0.051134381,29818,,,,unlabeled
IG0001106,181862,1152,3798,399652,46.74,0.152132355,186812,,,,unlabeled
IG0001107,154271,8672,2695,959933,17.26,0.031773051,165638,,,,unlabeled
IG0001108,32130,2562,363,295960,11.84,0.100689282,35055,,,,unlabeled
IG0001109,121787,9965,3138,1384392,9.74,0.071439303,134890,,,,unlabeled
IG0001110,117955,5052,1849,1931555,6.46,0.040847918,124856,,,,unlabeled
IG0001111,40243,3261,2357,541741,8.47,0.142688111,45861,,,,unlabeled
IG0001112,122563,3899,3909,610284,21.36,0.020482267,130371,,,,unlabeled
IG0001113,129040,8213,2595,1962117,7.13,0.023545996,139848,,,,unlabeled
IG0001114,178003,3801,3140,144853,127.68,0.661360138,184944,,,,unlabeled
IG0001115,168190,7317,850,1109028,15.9,0.029575448,176357,,,,unlabeled
IG0001116,34990,4191,1654,378538,10.79,0.1540136,40835,,,,unlabeled
IG0001117,151048,2145,2784,1295470,12.04,0.02207693,155977,,,,unlabeled
IG0001118,169070,4062,1851,1322775,13.23,0.013834552,174983,,,,unlabeled
IG0001119,157673,5300,2509,1853880,8.93,0.027186226,165482,,,,unlabeled
IG0001120,37951,2156,4628,40626,110.11,0.807364742,44735,,,,unlabeled
IG0001121,85276,5136,3559,303451,30.97,0.256713605,93971,,,,unlabeled
IG0001122,76095,3768,3267,987043,8.42,0.029583311,83130,,,,unlabeled
IG0001123,196283,8857,282,1178100,17.44,0.026143791,205422,,,,unlabeled
IG0001124,72941,2606,1073,916956,8.36,0.036097697,76620,,,,unlabeled
IG0001125,25384,4785,1740,1453479,2.2,0.045683495,31909,,,,unlabeled
IG0001126,120203,2796,992,1341562,9.24,0.042189627,123991,,,,unlabeled
IG0001127,176124,411,2814,1619774,11.07,0.052785142,179349,,,,unlabeled
IG0001128,67102,6297,3906,1674776,4.62,0.01486766,77305,,,,unlabeled
IG0001129,186544,8990,2606,1116209,17.75,0.043540233,198140,,,,unlabeled
IG0001130,2905,8964,4819,1120480,1.49,0.055333429,16688,,,,unlabeled
IG0001131,55771,9021,2609,1965670,3.43,0.033169352,67401,,,,unlabeled
IG0001132,168825,3695,463,1059755,16.32,0.00726583,172983,,,,unlabeled
IG0001133,168650,658,30,1041861,16.25,0.069203089,169338,,,,unlabeled
IG0001134,122458,4936,1851,590480,21.89,0.006266089,129245,,,,unlabeled
IG0001135,144449,6770,1617,1536383,9.95,0.004230716,152836,,,,unlabeled
IG0001136,141839,9278,1633,74978,203.73,0.093360719,152750,,,,unlabeled
IG0001137,171100,5756,864,1085119,16.38,0.066444325,177720,,,,unlabeled
IG0001138,178441,1994,1214,1535456,11.83,0.026311402,181649,,,,unlabeled
IG0001139,17442,4978,3895,1178609,2.23,0.039707825,26315,,,,unlabeled
IG0001140,143337,3151,4774,1580703,9.57,0.043714727,151262,,,,unlabeled
IG0001141,136053,3086,3477,676261,21.09,0.053825372,142616,,,,unlabeled
IG0001142,177267,5522,3441,1503007,12.39,0.013306658,186230,,,,unlabeled
IG0001143,181852,2149,523,1911119,9.66,0.049185843,184524,,,,unlabeled
IG0001144,63407,8497,810,1546401,4.7,0.022568532,72714,,,,unlabeled
IG0001145,95292,8543,1248,1767928,5.94,0.043101303,105083,,,,unlabeled
IG0001146,166458,2787,4823,769169,22.63,0.111808978,174068,,,,unlabeled
IG0001147,127049,2048,4118,1897358,7.02,0.022610388,133215,,,,unlabeled
IG0001148,53,7624,2278,1997641,0.5,0.018722083,9955,,,,unlabeled
IG0001149,37075,4639,3323,865989,5.2,0.090070428,45037,,,,unlabeled
IG0001150,165901,8125,4715,1194893,14.96,0.082601538,178741,,,,unlabeled
IG0001151,160102,9443,4297,393421,44.19,0.093538474,173842,,,,unlabeled
IG0001152,48404,6619,3211,1278925,4.55,0.015090799,58234,,,,unlabeled
IG0001153,163331,9560,2465,1198607,14.63,0.028115971,175356,,,,unlabeled
IG0001154,12994,3190,4482,1815918,1.14,0.021862221,20666,,,,unlabeled
IG0001155,3369,3323,3125,1940557,0.51,0.031588869,9817,,,,unlabeled
IG0001156,35537,8607,4238,1010986,4.79,0.045994702,48382,,,,unlabeled
IG0001157,150349,8954,766,326180,49.07,0.261512049,160069,,,,unlabeled
IG0001158,74772,8303,3446,1054316,8.21,0.035947477,86521,,,,unlabeled
IG0001159,121108,707,37,709596,17.17,0.004509608,121852,,,,unlabeled
IG0001160,134611,326,3507,1730559,8,0.055184481,138444,,,,unlabeled
IG0001161,25618,9434,1035,1354300,2.66,0.012995644,36087,,,,unlabeled
IG0001162,196067,2943,4479,579003,35.14,0.05613097,203489,,,,unlabeled
IG0001163,122384,3146,4089,650901,19.91,0.057766081,129619,,,,unlabeled
IG0001164,89490,5717,483,155703,61.46,0.34552963,95690,,,,unlabeled
IG0001165,161307,975,4164,896792,18.56,0.102364874,166446,,,,unlabeled
IG0001166,180551,1557,50,199180,91.45,0.2766342,182158,,,,unlabeled
IG0001167,15093,5912,2079,229783,10.05,0.053528764,23084,,,,unlabeled
IG0001168,35816,8269,1698,1266674,3.61,0.075710088,45783,,,,unlabeled
IG0001169,81329,4361,4663,1166013,7.75,0.052143501,90353,,,,unlabeled
IG0001170,196359,324,1330,524344,37.76,0.087919381,198013,,,,unlabeled
IG0001171,120679,2019,167,564561,21.76,0.000354258,122865,,,,unlabeled
IG0001172,165513,6195,2621,949400,18.36,0.01000632,174329,,,,unlabeled
IG0001173,156432,4446,3516,1837682,8.95,0.023562292,164394,,,,unlabeled
IG0001174,68737,7158,1092,591858,13.01,0.123171436,76987,,,,unlabeled
IG0001175,57017,7794,4204,1653523,4.17,0.022497419,69015,,,,unlabeled
IG0001176,147291,2639,4174,828900,18.59,0.079744239,154104,,,,unlabeled
IG0001177,15514,9844,1427,1668550,1.61,0.022954062,26785,,,,unlabeled
IG0001178,23218,6562,3813,1281186,2.62,0.035279811,33593,,,,unlabeled
IG0001179,76697,3546,2639,1360966,6.09,0.00793554,82882,,,,unlabeled
IG0001180,153447,726,2269,501791,31.18,0.10681738,156442,,,,unlabeled
IG0001181,92212,978,4824,1647570,5.95,0.030165638,98014,,,,unlabeled
IG0001182,182767,3484,1423,690465,27.18,0.061842382,187674,,,,unlabeled
IG0001183,117641,4072,2970,758010,16.45,0.127834725,124683,,,,unlabeled
IG0001184,150802,8282,2178,1297705,12.43,0.023811267,161262,,,,unlabeled
IG0001185,35705,4128,3404,1537046,2.81,0.004033711,43237,,,,unlabeled
IG0001186,99492,717,1064,1315686,7.7,0.067721326,101273,,,,unlabeled
IG0001187,141747,3516,4885,1341429,11.19,0.04189562,150148,,,,unlabeled
IG0001188,12071,433,4801,501215,3.45,0.042097703,17305,,,,unlabeled
IG0001189,162226,2499,4868,22009,770.56,0.290790131,169593,,,,unlabeled
IG0001190,68438,7575,3087,1105753,7.15,0.078046363,79100,,,,unlabeled
IG0001191,136057,4241,4667,159121,91.1,0.625310298,144965,,,,unlabeled
IG0001192,134282,7329,4686,196118,74.6,0.143281086,146297,,,,unlabeled
IG0001193,128903,8495,2199,1773811,7.87,0.035685876,139597,,,,unlabeled
IG0001194,144262,3917,502,1161782,12.8,0.01420232,148681,,,,unlabeled
IG0001195,22682,2679,5000,173296,17.52,0.438555997,30361,,,,unlabeled
IG0001196,168066,1594,174,530287,32.03,0.066379149,169834,,,,unlabeled
IG0001197,198542,9302,3618,139371,151.73,0.390325104,211462,,,,unlabeled
IG0001198,9133,9773,738,738124,2.66,0.085216034,19644,,,,unlabeled
IG0001199,85627,9758,135,579901,16.47,0.056561379,95520,,,,unlabeled
IG0001200,28532,5916,1317,1560540,2.29,0.048380689,35765,,,,unlabeled
IG0001201,185733,3680,4100,1998114,9.68,0.015214347,193513,,,,unlabeled
IG0001202,7420,8972,483,370321,4.56,0.2535638,16875,,,,unlabeled
IG0001203,40917,8844,1238,828303,6.16,0.045152559,50999,,,,unlabeled
IG0001204,193235,7233,4824,933700,21.99,0.011459784,205292,,,,unlabeled
IG0001205,34783,1815,2971,537079,7.37,0.066470668,39569,,,,unlabeled
IG0001206,191002,6728,2330,87427,228.83,1.024855022,200060,,,,unlabeled
IG0001207,668,6679,1379,950445,0.92,0.091220428,8726,,,,unlabeled
IG0001208,170387,5026,989,615489,28.66,0.010885654,176402,,,,unlabeled
IG0001209,193339,9796,3824,1070437,19.33,0.065954372,206959,,,,unlabeled
IG0001210,108520,7455,2069,395742,29.83,0.172839881,118044,,,,unlabeled
IG0001211,133590,7183,3755,343539,42.07,0.054433412,144528,,,,unlabeled
IG0001212,151445,8921,1416,685369,23.61,0.058946349,161782,,,,unlabeled
IG0001213,101940,8687,1416,1720404,6.51,0.023773486,112043,,,,unlabeled
IG0001214,26666,2974,2480,1135289,2.83,0.03311932,32120,,,,unlabeled
IG0001215,21211,5769,328,1905899,1.43,0.003830213,27308,,,,unlabeled
IG0001216,118263,9185,2101,1607809,8.06,0.060579335,129549,,,,unlabeled
IG0001217,78773,8249,245,1820724,4.79,0.036743625,87267,,,,unlabeled
IG0001218,4872,1368,4359,1106722,0.96,0.049515597,10599,,,,unlabeled
IG0001219,14332,10,3912,389307,4.69,0.119186144,18254,,,,unlabeled
IG0001220,126813,5657,4986,860355,15.98,0.081826688,137456,,,,unlabeled
IG0001221,167875,1447,92,1333673,12.7,0.002549351,169414,,,,unlabeled
IG0001222,75332,624,2619,1540974,5.1,0.015899035,78575,,,,unlabeled
IG0001223,64889,608,3557,641370,10.77,0.054258852,69054,,,,unlabeled
IG0001224,191948,1842,1081,355876,54.76,0.078117097,194871,,,,unlabeled
IG0001225,58044,6891,1676,1034971,6.44,0.034397099,66611,,,,unlabeled
IG0001226,46244,473,2501,979678,5.02,0.027560076,49218,,,,unlabeled
IG0001227,188718,9074,4621,790204,25.62,0.097696291,202413,,,,unlabeled
IG0001228,120695,5424,185,94759,133.29,0.596249433,126304,,,,unlabeled
IG0001229,116851,5596,1752,834459,14.88,0.088440535,124199,,,,unlabeled
IG0001230,3790,2393,697,131979,5.21,0.724357663,6880,,,,unlabeled
IG0001231,185949,413,2371,728969,25.89,0.019753926,188733,,,,unlabeled
IG0001232,180343,5426,1430,343640,54.48,0.030555232,187199,,,,unlabeled
IG0001233,136319,8970,2054,189846,77.61,0.097974147,147343,,,,unlabeled
IG0001234,121393,3506,1772,576390,21.98,0.169850275,126671,,,,unlabeled
IG0001235,110323,488,3533,349301,32.74,0.268822591,114344,,,,unlabeled
IG0001236,76500,8026,4131,1788267,4.96,0.037298681,88657,,,,unlabeled
IG0001237,26357,9260,2067,558422,6.75,0.001969836,37684,,,,unlabeled
IG0001238,98160,9489,4656,1177239,9.54,0.056657994,112305,,,,unlabeled
IG0001239,165348,7486,557,1302573,13.31,0.024720304,173391,,,,unlabeled
IG0001240,83091,2510,2795,1980130,4.46,0.004292647,88396,,,,unlabeled
IG0001241,14662,1599,3245,1943320,1,0.011217916,19506,,,,unlabeled
IG0001242,92420,6272,4076,460556,22.31,0.050808154,102768,,,,unlabeled
IG0001243,175993,761,1877,872728,20.47,0.035520804,178631,,,,unlabeled
IG0001244,160171,9840,4761,1614716,10.82,0.051092576,174772,,,,unlabeled
IG0001245,74060,7578,3889,891724,9.59,0.106871633,85527,,,,unlabeled
IG0001246,9386,8006,2026,80638,24.08,0.643617153,19418,,,,unlabeled
IG0001247,16046,6231,2678,751785,3.32,0.118384911,24955,,,,unlabeled
IG0001248,123610,77,637,947043,13.13,0.094082317,124324,,,,unlabeled
IG0001249,150508,6971,3416,55400,290.42,0.326714801,160895,,,,unlabeled
IG0001250,103149,6202,1055,918150,12.02,0.062081359,110406,,,,unlabeled
IG0001251,40183,3498,4754,1909342,2.54,0.051693201,48435,,,,unlabeled
IG0001252,167970,4452,4778,319279,55.5,0.162240548,177200,,,,unlabeled
IG0001253,115270,7304,1512,553783,22.41,0.161796227,124086,,,,unlabeled
IG0001254,58152,2212,3625,1343635,4.76,0.009600822,63989,,,,unlabeled
IG0001255,163639,4427,3100,216310,79.13,0.401738246,171166,,,,unlabeled
IG0001256,180289,3201,2331,1270713,14.62,0.052647608,185821,,,,unlabeled
IG0001257,62511,6521,2414,444329,16.08,0.212455185,71446,,,,unlabeled
IG0001258,158052,3173,2946,1350073,12.16,0.025480104,164171,,,,unlabeled
IG0001259,48997,1121,4321,1458273,3.73,0.012137645,54439,,,,unlabeled
IG0001260,29614,136,406,728229,4.14,0.096535568,30156,,,,unlabeled
IG0001261,90811,2375,2945,1970444,4.88,0.042579236,96131,,,,unlabeled
IG0001262,19972,4488,3520,619359,4.52,0.048598632,27980,,,,unlabeled
IG0001263,154847,2259,562,202264,77.95,0.061800419,157668,,,,unlabeled
IG0001264,100778,742,2438,350714,29.64,0.004276989,103958,,,,unlabeled
IG0001265,173159,7058,4915,1463181,12.65,0.004100655,185132,,,,unlabeled
IG0001266,141349,6145,3697,1763527,8.57,0.046894661,151191,,,,unlabeled
IG0001267,186069,8814,3298,1564494,12.67,0.005624822,198181,,,,unlabeled
IG0001268,175391,9092,3166,634505,29.57,0.144206901,187649,,,,unlabeled
IG0001269,189559,740,3506,1536108,12.62,0.040947642,193805,,,,unlabeled
IG0001270,58520,4170,494,1396245,4.53,0.031871197,63184,,,,unlabeled
IG0001271,155998,2986,2821,491470,32.92,0.011190917,161805,,,,unlabeled
IG0001272,107995,1939,24,651587,16.88,0.055863607,109958,,,,unlabeled
IG0001273,11367,5870,3456,440541,4.7,0.045398726,20693,,,,unlabeled
IG0001274,126618,8024,2599,1601302,8.57,0.002685315,137241,,,,unlabeled
IG0001275,9321,3759,4646,1007793,1.76,0.046239654,17726,,,,unlabeled
IG0001276,149367,8615,219,347426,45.54,0.088939803,158201,,,,unlabeled
IG0001277,130979,7031,3236,1256437,11.24,0.075053504,141246,,,,unlabeled
IG0001278,60104,7880,720,1594890,4.31,0.055238919,68704,,,,unlabeled
IG0001279,127126,8049,1672,881016,15.53,0.085015482,136847,,,,unlabeled
IG0001280,83905,9216,3213,107905,89.28,0.241879431,96334,,,,unlabeled
IG0001281,105099,1238,124,1987813,5.36,0.04467221,106461,,,,unlabeled
IG0001282,8845,9838,3783,1388149,1.62,0.03148077,22466,,,,unlabeled
IG0001283,153872,7239,3702,763768,21.58,0.070047449,164813,,,,unlabeled
IG0001284,5638,741,4583,837794,1.31,0.017426718,10962,,,,unlabeled
IG0001285,191014,4771,2519,1838103,10.79,0.005331584,198304,,,,unlabeled
IG0001286,93880,706,4938,1879503,5.3,0.034796433,99524,,,,unlabeled
IG0001287,162628,4655,1,524856,31.87,0.164807109,167284,,,,unlabeled
IG0001288,188958,2412,3252,1123208,17.33,0.035256159,194622,,,,unlabeled
IG0001289,39564,1093,1495,569685,7.4,0.163774718,42152,,,,unlabeled
IG0001290,163655,4346,2217,1756399,9.69,0.019699396,170218,,,,unlabeled
IG0001291,118705,5381,2690,1669211,7.59,0.046608847,126776,,,,unlabeled
IG0001292,36896,6031,4352,642070,7.36,0.053888205,47279,,,,unlabeled
IG0001293,134527,5910,4662,996210,14.57,0.084219191,145099,,,,unlabeled
IG0001294,36889,6243,4049,1188095,3.97,0.083158333,47181,,,,unlabeled
IG0001295,193284,6645,3185,1284117,15.82,0.046724714,203114,,,,unlabeled
IG0001296,34105,6620,2409,1609593,2.68,0.000869785,43134,,,,unlabeled
IG0001297,12007,8539,1200,784959,2.77,0.069939959,21746,,,,unlabeled
IG0001298,25118,5580,2104,1608337,2.04,0.032828941,32802,,,,unlabeled
IG0001299,148783,373,959,676639,22.19,0.080397376,150115,,,,unlabeled
IG0001300,197084,6282,4062,1005667,20.63,0.00169042,207428,,,,unlabeled
IG0001301,107619,9300,755,1791861,6.57,0.043251123,117674,,,,unlabeled
IG0001302,197255,4932,3797,1463194,14.08,0.007381113,205984,,,,unlabeled
IG0001303,127361,526,769,111694,115.19,0.386770999,128656,,,,unlabeled
IG0001304,26977,4085,3120,874582,3.91,0.097875328,34182,,,,unlabeled
IG0001305,101440,4615,2224,832211,13.01,0.086997168,108279,,,,unlabeled
IG0001306,39447,367,4257,178459,24.7,0.008965645,44071,,,,unlabeled
IG0001307,185660,6776,233,482467,39.93,0.141978622,192669,,,,unlabeled
IG0001308,83745,1370,247,1119208,7.63,0.014474521,85362,,,,unlabeled
IG0001309,77439,2412,1071,1707779,4.74,0.034899129,80922,,,,unlabeled
IG0001310,198124,9541,3998,1605177,13.19,0.009157869,211663,,,,unlabeled
IG0001311,189566,9570,4461,1189722,17.11,0.053625973,203597,,,,unlabeled
IG0001312,119686,9534,3167,1389550,9.53,0.051815336,132387,,,,unlabeled
IG0001313,160970,4713,2306,1078394,15.58,0.041821449,167989,,,,unlabeled
IG0001314,140032,5612,1013,1922081,7.63,0.046251953,146657,,,,unlabeled
IG0001315,148213,1218,1297,1813615,8.31,0.01720321,150728,,,,unlabeled
IG0001316,179477,8826,1953,1487927,12.79,0.059680347,190256,,,,unlabeled
IG0001317,47914,2045,3213,658178,8.08,0.122459274,53172,,,,unlabeled
IG0001318,76526,1239,2894,585559,13.77,0.129448954,80659,,,,unlabeled
IG0001319,112699,6375,2105,1520356,7.97,0.020192639,121179,,,,unlabeled
IG0001320,116162,2708,4606,373235,33.08,0.036170241,123476,,,,unlabeled
IG0001321,89650,7863,4467,1324314,7.7,0.074151598,101980,,,,unlabeled
IG0001322,58466,9008,1589,1154292,5.98,0.041150766,69063,,,,unlabeled
IG0001323,127884,5619,1125,1319254,10.2,0.000151601,134628,,,,unlabeled
IG0001324,191736,1443,2406,1816321,10.77,0.02125175,195585,,,,unlabeled
IG0001325,92860,3022,4301,583835,17.16,0.12143842,100183,,,,unlabeled
IG0001326,87852,6277,4586,1987489,4.97,0.047748692,98715,,,,unlabeled
IG0001327,29427,3219,2742,1026249,3.45,0.04004876,35388,,,,unlabeled
IG0001328,135371,2982,3359,871764,16.26,0.098077002,141712,,,,unlabeled
IG0001329,170716,3651,3663,74937,237.57,0.242870678,178030,,,,unlabeled
IG0001330,71471,4563,848,1180045,6.52,0.002203306,76882,,,,unlabeled
IG0001331,35681,9561,2715,375758,12.76,0.008249991,47957,,,,unlabeled
IG0001332,110524,8261,1528,897502,13.41,0.107409231,120313,,,,unlabeled
IG0001333,184012,8580,4912,1312717,15.05,0.046468508,197504,,,,unlabeled
IG0001334,173452,9512,3271,1012012,18.4,0.043378932,186235,,,,unlabeled
IG0001335,44488,8360,3577,985419,5.73,0.05936561,56425,,,,unlabeled
IG0001336,47078,6626,1610,959212,5.77,0.016054845,55314,,,,unlabeled
IG0001337,190859,2169,4080,300997,65.49,0.017940378,197108,,,,unlabeled
IG0001338,122935,2321,214,1196743,10.48,0.048214195,125470,,,,unlabeled
IG0001339,21966,9009,2033,1943645,1.7,0.025210365,33008,,,,unlabeled
IG0001340,107803,604,2586,1466169,7.57,0.048357318,110993,,,,unlabeled
IG0001341,175809,3101,4906,1616851,11.37,0.052323931,183816,,,,unlabeled
IG0001342,57158,5322,4734,144621,46.48,0.028349963,67214,,,,unlabeled
IG0001343,129981,2009,4338,830707,16.41,0.108341449,136328,,,,unlabeled
IG0001344,135440,8263,2141,1825476,7.99,0.018132257,145844,,,,unlabeled
IG0001345,134457,2724,3161,586888,23.91,0.113139134,140342,,,,unlabeled
IG0001346,127965,8051,4442,1879447,7.47,0.04762039,140458,,,,unlabeled
IG0001347,21680,6605,2606,1569954,1.97,0.04745362,30891,,,,unlabeled
IG0001348,69455,5833,3604,1388485,5.68,0.012171539,78892,,,,unlabeled
IG0001349,167614,4599,1132,349955,49.53,0.180308897,173345,,,,unlabeled
IG0001350,41514,4813,4025,1621791,3.1,0.043778761,50352,,,,unlabeled
IG0001351,24448,3548,1630,26939,109.97,2.449979584,29626,,,,unlabeled
IG0001352,78451,4412,4280,1388509,6.28,0.001584433,87143,,,,unlabeled
IG0001353,76049,9075,508,1488912,5.75,0.026193623,85632,,,,unlabeled
IG0001354,9597,2506,4481,1813514,0.91,0.040363626,16584,,,,unlabeled
IG0001355,94600,5044,1520,665826,15.19,0.122254162,101164,,,,unlabeled
IG0001356,3643,7860,4829,1767327,0.92,0.001640896,16332,,,,unlabeled
IG0001357,61785,7816,435,560774,12.49,0.102001876,70036,,,,unlabeled
IG0001358,133378,7671,509,956192,14.8,0.03189736,141558,,,,unlabeled
IG0001359,131156,9343,4169,195943,73.83,0.40624059,144668,,,,unlabeled
IG0001360,43113,8752,3967,223684,24.96,0.364353284,55832,,,,unlabeled
IG0001361,148892,2822,2536,174777,88.26,0.046344771,154250,,,,unlabeled
IG0001362,126540,8382,3847,1348080,10.29,0.045694618,138769,,,,unlabeled
IG0001363,31654,255,3992,1320413,2.72,0.057027612,35901,,,,unlabeled
IG0001364,196792,7765,4009,1573479,13.26,0.045694922,208566,,,,unlabeled
IG0001365,176976,5875,4471,1919933,9.76,0.014948438,187322,,,,unlabeled
IG0001366,180426,8129,1572,54299,350.15,0.710878653,190127,,,,unlabeled
IG0001367,199103,1876,396,1764374,11.41,0.043301477,201375,,,,unlabeled
IG0001368,3053,2156,547,1097466,0.52,0.02724458,5756,,,,unlabeled
IG0001369,33199,4562,3115,702025,5.82,0.110394929,40876,,,,unlabeled
IG0001370,156616,8684,622,1584549,10.47,0.021520319,165922,,,,unlabeled
IG0001371,129390,5447,3051,539988,25.54,0.039445321,137888,,,,unlabeled
IG0001372,48589,6451,2156,521830,10.96,0.012647797,57196,,,,unlabeled
IG0001373,43718,6144,2500,599972,8.73,0.125672531,52362,,,,unlabeled
IG0001374,144797,1685,1237,1627602,9.08,0.050810948,147719,,,,unlabeled
IG0001375,146644,3518,137,357717,42.02,0.016213934,150299,,,,unlabeled
IG0001376,190256,7423,3591,1225830,16.42,0.053922648,201270,,,,unlabeled
IG0001377,2005,9236,973,754445,1.62,0.037643566,12214,,,,unlabeled
IG0001378,53668,6086,4024,315511,20.21,0.303634422,63778,,,,unlabeled
IG0001379,28344,9363,3858,159781,26.01,0.510699019,41565,,,,unlabeled
IG0001380,51004,9600,1651,491918,12.66,0.168727308,62255,,,,unlabeled
IG0001381,75017,3859,3157,985704,8.32,0.101450334,82033,,,,unlabeled
IG0001382,127817,8048,201,980180,13.88,0.062029423,136066,,,,unlabeled
IG0001383,176030,498,3046,91041,197.25,0.763392318,179574,,,,unlabeled
IG0001384,186913,3345,2991,861841,22.42,0.082265754,193249,,,,unlabeled
IG0001385,135070,2492,1572,1167883,11.91,0.013357502,139134,,,,unlabeled
IG0001386,128606,6617,1202,1706982,7.99,0.036204248,136425,,,,unlabeled
IG0001387,65998,3720,4663,485669,15.32,0.180163856,74381,,,,unlabeled
IG0001388,90173,7723,2896,1977292,5.1,0.018409016,100792,,,,unlabeled
IG0001389,111952,6943,829,764380,15.66,0.078756639,119724,,,,unlabeled
IG0001390,99616,6758,640,360970,29.65,0.013574535,107014,,,,unlabeled
IG0001391,76234,9842,410,1278321,6.77,0.006649347,86486,,,,unlabeled
IG0001392,179828,4306,2037,347648,53.55,0.229542526,186171,,,,unlabeled
IG0001393,63437,8402,3405,1329815,5.66,0.045043859,75244,,,,unlabeled
IG0001394,159752,5793,2851,1822516,9.24,0.000548692,168396,,,,unlabeled
IG0001395,50974,4399,4838,75145,80.13,0.841040655,60211,,,,unlabeled
IG0001396,131438,356,4206,978301,13.9,0.021568004,136000,,,,unlabeled
IG0001397,45395,4749,651,678450,7.49,0.002800501,50795,,,,unlabeled
IG0001398,120781,3890,2308,683938,18.57,0.131152239,126979,,,,unlabeled
IG0001399,16939,2397,4262,658378,3.58,0.147483664,23598,,,,unlabeled
IG0001400,29120,392,1320,79849,38.61,0.756427757,30832,,,,unlabeled
IG0001401,181484,6637,386,763836,24.68,0.078943648,188507,,,,unlabeled
IG0001402,70840,311,3048,1265845,5.86,0.066753828,74199,,,,unlabeled
IG0001403,163440,2588,834,1015873,16.43,0.086625001,166862,,,,unlabeled
IG0001404,70487,5538,756,1392865,5.51,0.057148396,76781,,,,unlabeled
IG0001405,29919,8889,341,845666,4.63,0.099921246,39149,,,,unlabeled
IG0001406,32313,655,4818,143398,26.35,0.400981883,37786,,,,unlabeled
IG0001407,186000,686,2855,866731,21.87,0.10372307,189541,,,,unlabeled
IG0001408,19030,4419,2938,169827,15.54,0.098924199,26387,,,,unlabeled
IG0001409,107734,3556,536,1910219,5.85,0.049366067,111826,,,,unlabeled
IG0001410,101939,3171,2780,1578635,6.83,0.042378384,107890,,,,unlabeled
IG0001411,137090,7562,2173,1834057,8.01,0.009050973,146825,,,,unlabeled
IG0001412,58323,3242,346,1383316,4.48,0.059422431,61911,,,,unlabeled
IG0001413,63685,8998,4238,880119,8.74,0.079761941,76921,,,,unlabeled
IG0001414,143654,1209,828,969796,15.02,0.088987787,145691,,,,unlabeled
IG0001415,28762,8165,608,849974,4.42,0.010941511,37535,,,,unlabeled
IG0001416,136926,3520,904,646604,21.86,0.016084033,141350,,,,unlabeled
IG0001417,105017,208,4863,998897,11.02,0.083992644,110088,,,,unlabeled
IG0001418,178163,1357,2592,1460528,12.47,0.059156689,182112,,,,unlabeled
IG0001419,67811,2195,437,1073300,6.56,0.022640455,70443,,,,unlabeled
IG0001420,187095,4688,3525,865380,22.57,0.049920266,195308,,,,unlabeled
IG0001421,99441,4307,887,1262641,8.29,0.037144366,104635,,,,unlabeled
IG0001422,60701,5647,4234,1485225,4.75,0.054604521,70582,,,,unlabeled
IG0001423,78525,8743,2602,352610,25.49,0.06097388,89870,,,,unlabeled
IG0001424,155994,6688,435,25289,645.01,2.400253074,163117,,,,unlabeled
IG0001425,22904,6076,3236,1657881,1.94,0.056276657,32216,,,,unlabeled
IG0001426,116212,3388,1064,1799886,6.7,0.017945581,120664,,,,unlabeled
IG0001427,136994,7595,875,1010301,14.4,0.060180085,145464,,,,unlabeled
IG0001428,82259,6966,155,948762,9.42,0.062713304,89380,,,,unlabeled
IG0001429,145241,6713,1806,1588700,9.68,0.008560458,153760,,,,unlabeled
IG0001430,164771,4993,4126,490387,35.46,0.0991054,173890,,,,unlabeled
IG0001431,59149,775,2380,1971954,3.16,0.008722313,62304,,,,unlabeled
IG0001432,25657,7407,3175,1929703,1.88,0.036741405,36239,,,,unlabeled
IG0001433,79322,48,1542,598779,13.51,0.06680261,80912,,,,unlabeled
IG0001434,54062,6387,4959,275932,23.7,0.096038154,65408,,,,unlabeled
IG0001435,167106,6096,1493,439289,39.77,0.093332635,174695,,,,unlabeled
IG0001436,65521,5443,813,243508,29.48,0.099380718,71777,,,,unlabeled
IG0001437,147480,9990,4396,1943706,8.33,0.020219107,161866,,,,unlabeled
IG0001438,24082,1829,2080,790830,3.54,0.009230808,27991,,,,unlabeled
IG0001439,55523,4735,1718,1853968,3.34,0.022114729,61976,,,,unlabeled
IG0001440,189361,2598,3429,347243,56.27,0.255152732,195388,,,,unlabeled
IG0001441,104747,2549,478,1720246,6.27,0.055050266,107774,,,,unlabeled
IG0001442,41091,7853,3683,658721,7.99,0.138753736,52627,,,,unlabeled
IG0001443,69863,8233,4218,258660,31.82,0.136472589,82314,,,,unlabeled
IG0001444,65069,718,2051,724114,9.37,0.106613047,67838,,,,unlabeled
IG0001445,182831,562,4939,1364335,13.8,0.041118933,188332,,,,unlabeled
IG0001446,70918,8978,3947,1719575,4.88,0.043092043,83843,,,,unlabeled
IG0001447,55778,7298,1644,1618323,4,0.03583957,64720,,,,unlabeled
IG0001448,83594,8398,2374,609961,15.47,0.034428431,94366,,,,unlabeled
IG0001449,96723,6688,1823,11590,907.97,5.893011217,105234,,,,unlabeled
IG0001450,107321,4092,136,1758996,6.34,0.043888673,111549,,,,unlabeled
IG0001451,89671,6719,3710,990377,10.11,0.056443152,100100,,,,unlabeled
IG0001452,168847,3537,2605,1463199,11.96,0.00642428,174989,,,,unlabeled
IG0001453,61237,5736,1945,1411676,4.88,0.006092049,68918,,,,unlabeled
IG0001454,60532,8064,2339,727965,9.74,0.094510038,70935,,,,unlabeled
IG0001455,91479,7193,3932,1077863,9.52,0.054645164,102604,,,,unlabeled
IG0001456,120563,8075,3650,246079,53.76,0.167019534,132288,,,,unlabeled
IG0001457,146409,897,1926,984819,15.15,0.039398103,149232,,,,unlabeled
IG0001458,18087,310,2049,590314,3.46,0.125695816,20446,,,,unlabeled
IG0001459,51256,9397,4069,1307445,4.95,0.012237608,64722,,,,unlabeled
IG0001460,173241,6861,76,1090800,16.52,0.032819949,180178,,,,unlabeled
IG0001461,20799,9543,2952,931879,3.57,0.099369124,33294,,,,unlabeled
IG0001462,112785,7991,1999,168335,72.93,0.121780972,122775,,,,unlabeled
IG0001463,53900,3916,1830,1155056,5.16,0.048049618,59646,,,,unlabeled
IG0001464,167082,5907,1859,1664838,10.5,0.026428998,174848,,,,unlabeled
IG0001465,130448,6741,1909,457760,30.39,0.15291856,139098,,,,unlabeled
IG0001466,166172,9704,3226,873475,20.5,0.03972638,179102,,,,unlabeled
IG0001467,77859,9637,3055,1836739,4.93,0.008221092,90551,,,,unlabeled
IG0001468,156766,2068,5000,1523404,10.75,0.065511184,163834,,,,unlabeled
IG0001469,108518,7196,1981,1933539,6.09,0.039616475,117695,,,,unlabeled
IG0001470,8180,5515,2272,820909,1.95,0.038981178,15967,,,,unlabeled
IG0001471,25150,7237,2519,1660206,2.1,0.005059613,34906,,,,unlabeled
IG0001472,169214,4367,1900,1987350,8.83,0.033109417,175481,,,,unlabeled
IG0001473,44409,3775,4150,1744906,3,0.038913271,52334,,,,unlabeled
IG0001474,33568,372,333,964437,3.55,0.092385506,34273,,,,unlabeled
IG0001475,144697,1495,4495,924254,16.3,0.022071855,150687,,,,unlabeled
IG0001476,25817,5806,2265,1508329,2.25,0.001458568,33888,,,,unlabeled
IG0001477,29712,7890,1773,1956782,2.01,0.043591979,39375,,,,unlabeled
IG0001478,104122,7095,1753,1344629,8.4,0.038821117,112970,,,,unlabeled
IG0001479,129645,2442,1028,542475,24.54,0.077607263,133115,,,,unlabeled
IG0001480,81581,1907,3735,34835,250.39,1.151141094,87223,,,,unlabeled
IG0001481,62076,9355,4756,1124359,6.78,0.07559863,76187,,,,unlabeled
IG0001482,66821,6903,953,1880541,3.97,0.018718018,74677,,,,unlabeled
IG0001483,165457,9020,2500,1954575,9.05,0.027115869,176977,,,,unlabeled
IG0001484,189320,6426,1736,1971715,10.02,0.016635264,197482,,,,unlabeled
IG0001485,76398,4638,3243,1270858,6.63,0.044772901,84279,,,,unlabeled
IG0001486,26718,6785,1665,241803,14.54,0.315546126,35168,,,,unlabeled
IG0001487,38526,5132,1574,495758,9.12,0.137970542,45232,,,,unlabeled
IG0001488,109211,6963,3542,176969,67.65,0.087585961,119716,,,,unlabeled
IG0001489,187884,5382,2712,542350,36.13,0.064718355,195978,,,,unlabeled
IG0001490,53329,1183,4646,1766655,3.35,0.041038007,59158,,,,unlabeled
IG0001491,112923,9643,3528,1128401,11.17,0.071162645,126094,,,,unlabeled
IG0001492,39671,3032,2452,1313445,3.44,0.054969945,45155,,,,unlabeled
IG0001493,168258,7384,4947,1482107,12.18,0.021253526,180589,,,,unlabeled
IG0001494,73401,605,1391,533467,14.13,0.106848221,75397,,,,unlabeled
IG0001495,143932,5594,1567,1136667,13.29,0.029560109,151093,,,,unlabeled
IG0001496,138589,8995,2354,1296445,11.57,0.059624589,149938,,,,unlabeled
IG0001497,142684,5054,2196,1572251,9.54,0.042486855,149934,,,,unlabeled
IG0001498,178601,1563,2804,316648,57.78,0.222644703,182968,,,,unlabeled
IG0001499,168544,4325,3172,388892,45.27,0.018514138,176041,,,,unlabeled
IG0001500,1550,4891,2923,1389337,0.67,0.059596772,9364,,,,unlabeled
IG0001501,122981,1791,4542,1586858,8.15,0.051863494,129314,,,,unlabeled
IG0001502,74723,5034,4104,174573,48.04,0.331093583,83861,,,,unlabeled
IG0001503,132333,9623,1549,963417,14.9,0.079301071,143505,,,,unlabeled
IG0001504,195533,5192,543,83392,241.35,0.494052187,201268,,,,unlabeled
IG0001505,26107,9970,2669,803336,4.82,0.041701106,38746,,,,unlabeled
IG0001506,122100,7548,1087,1728253,7.56,0.047562481,130735,,,,unlabeled
IG0001507,58400,3177,4904,961375,6.92,0.096632428,66481,,,,unlabeled
IG0001508,92409,7649,3115,934411,11.04,0.08871899,103173,,,,unlabeled
IG0001509,117152,6854,4780,848256,15.18,0.117653161,128786,,,,unlabeled
IG0001510,60261,501,3159,150974,42.34,0.40404308,63921,,,,unlabeled
IG0001511,84087,747,3903,1544928,5.74,0.0363771,88737,,,,unlabeled
IG0001512,179449,1948,1876,298909,61.31,0.220468437,183273,,,,unlabeled
IG0001513,165139,7327,254,91555,188.65,0.789689258,172720,,,,unlabeled
IG0001514,153450,1833,2196,19327,814.81,1.686759456,157479,,,,unlabeled
IG0001515,50104,7625,1746,836222,7.11,0.114204123,59475,,,,unlabeled
IG0001516,112536,7762,3709,1034301,11.99,0.07831376,124007,,,,unlabeled
IG0001517,132541,2870,1589,1501847,9.12,0.006392129,137000,,,,unlabeled
IG0001518,106817,3180,796,1128683,9.82,0.076460795,110793,,,,unlabeled
IG0001519,152171,8519,2926,1059025,15.45,0.006609853,163616,,,,unlabeled
IG0001520,112722,2393,3797,798636,14.89,0.080261846,118912,,,,unlabeled
IG0001521,195385,705,4163,1761379,11.37,0.020211437,200253,,,,unlabeled
IG0001522,152322,8775,310,539426,29.92,0.05542929,161407,,,,unlabeled
IG0001523,102299,9530,3099,911527,12.61,0.025232385,114928,,,,unlabeled
IG0001524,71688,3642,2599,1737903,4.48,0.021059864,77929,,,,unlabeled
IG0001525,11641,2564,3824,940439,1.92,0.042320661,18029,,,,unlabeled
IG0001526,11659,5565,1146,14240,129,5.842696629,18370,,,,unlabeled
IG0001527,98934,2432,2613,867220,11.99,0.044971288,103979,,,,unlabeled
IG0001528,11510,1400,2240,1166905,1.3,0.024080795,15150,,,,unlabeled
IG0001529,66750,9043,195,1762626,4.31,0.037330665,75988,,,,unlabeled
IG0001530,150884,6345,1579,1131296,14.04,0.059489294,158808,,,,unlabeled
IG0001531,26874,5796,1184,596525,5.68,0.118352123,33854,,,,unlabeled
IG0001532,83333,7669,2911,767401,12.24,0.126921909,93913,,,,unlabeled
IG0001533,74590,3888,3986,813716,10.13,0.003318111,82464,,,,unlabeled
IG0001534,188405,5261,1150,1037695,18.77,0.077768516,194816,,,,unlabeled
IG0001535,98851,5572,3984,1626077,6.67,0.009655139,108407,,,,unlabeled
IG0001536,41741,7216,2834,1777667,2.91,0.02615788,51791,,,,unlabeled
IG0001537,58927,5114,36,1054227,6.08,0.078730672,64077,,,,unlabeled
IG0001538,46924,5051,325,1680388,3.11,0.053499549,52300,,,,unlabeled
IG0001539,4276,8094,2396,387215,3.81,0.103301783,14766,,,,unlabeled
IG0001540,36576,9324,2418,1723463,2.8,0.025529994,48318,,,,unlabeled
IG0001541,157162,4399,2873,452763,36.32,0.074211011,164434,,,,unlabeled
IG0001542,75798,4008,1966,700550,11.67,0.067375633,81772,,,,unlabeled
IG0001543,192803,854,1881,318635,61.37,0.229729942,195538,,,,unlabeled
IG0001544,121946,4698,3598,1456817,8.94,0.041734823,130242,,,,unlabeled
IG0001545,29160,2748,2024,64000,53.02,0.85625,33932,,,,unlabeled
IG0001546,157656,2370,1498,1954318,8.26,0.048610308,161524,,,,unlabeled
IG0001547,78558,4182,3841,960448,9.01,0.070592057,86581,,,,unlabeled
IG0001548,115006,5060,999,1472457,8.22,6.79E-05,121065,,,,unlabeled
IG0001549,174445,2727,4910,1312591,13.87,0.041140005,182082,,,,unlabeled
IG0001550,81603,3512,1776,1594955,5.45,0.026834613,86891,,,,unlabeled
IG0001551,70880,2828,4974,379497,20.73,0.238473558,78682,,,,unlabeled
IG0001552,190809,9597,3917,829895,24.62,0.033739208,204323,,,,unlabeled
IG0001553,100504,7268,4962,1553150,7.26,0.00341242,112734,,,,unlabeled
IG0001554,184128,5435,302,382241,49.67,0.132115602,189865,,,,unlabeled
IG0001555,89742,7903,1448,929028,10.67,0.093969181,99093,,,,unlabeled
IG0001556,161615,6157,1655,700866,24.17,0.014268063,169427,,,,unlabeled
IG0001557,15808,7197,3191,126551,20.7,0.55313668,26196,,,,unlabeled
IG0001558,66536,1007,872,3385,2021.12,3.190546529,68415,,,,unlabeled
IG0001559,132672,1244,467,1442572,9.32,0.007971872,134383,,,,unlabeled
IG0001560,186691,2473,1988,1766469,10.82,0.048288422,191152,,,,unlabeled
IG0001561,75602,6718,3064,1545528,5.52,0.012358236,85384,,,,unlabeled
IG0001562,103093,3916,781,1767525,6.1,0.033266856,107790,,,,unlabeled
IG0001563,100512,9570,3039,1486941,7.61,0.017620067,113121,,,,unlabeled
IG0001564,170417,3865,1892,570067,30.9,0.108583728,176174,,,,unlabeled
IG0001565,85519,386,82,743878,11.56,0.023928655,85987,,,,unlabeled
IG0001566,134327,1199,1717,1139549,12.04,0.023693584,137243,,,,unlabeled
IG0001567,6049,1788,4965,1154917,1.11,0.080178922,12802,,,,unlabeled
IG0001568,52859,7410,3683,752688,8.5,0.032284293,63952,,,,unlabeled
IG0001569,179966,4078,2655,1888218,9.89,0.050788627,186699,,,,unlabeled
IG0001570,29872,7153,398,954816,3.92,0.038541457,37423,,,,unlabeled
IG0001571,34522,5575,4421,1979035,2.25,0.001920128,44518,,,,unlabeled
IG0001572,105280,1470,4209,1096677,10.12,0.091002182,110959,,,,unlabeled
IG0001573,189987,6165,1905,710210,27.89,0.135875304,198057,,,,unlabeled
IG0001574,42357,3966,3863,160638,31.24,0.239046801,50186,,,,unlabeled
IG0001575,16120,1834,4587,1014082,2.22,0.082143259,22541,,,,unlabeled
IG0001576,168041,2867,4820,1275655,13.78,0.050640651,175728,,,,unlabeled
IG0001577,193663,1784,1173,1689680,11.64,0.001657119,196620,,,,unlabeled
IG0001578,16293,8102,4390,597929,4.81,0.145836713,28785,,,,unlabeled
IG0001579,84398,5219,4936,48806,193.73,0.522476745,94553,,,,unlabeled
IG0001580,133587,1491,319,956408,14.16,0.063257522,135397,,,,unlabeled
IG0001581,79940,2440,1144,510504,16.36,0.12517042,83524,,,,unlabeled
IG0001582,124,8483,668,1739895,0.53,0.045749887,9275,,,,unlabeled
IG0001583,192111,2220,4458,215918,92.07,0.222306616,198789,,,,unlabeled
IG0001584,74959,5076,4768,306374,27.68,0.236638879,84803,,,,unlabeled
IG0001585,9459,2632,751,525636,2.44,0.096264335,12842,,,,unlabeled
IG0001586,25557,9565,3976,820526,4.76,0.118704343,39098,,,,unlabeled
IG0001587,119363,8946,4982,131801,101.13,0.700298177,133291,,,,unlabeled
IG0001588,173177,4819,798,1428447,12.52,0.013791201,178794,,,,unlabeled
IG0001589,118533,5016,1287,1800904,6.93,0.028596749,124836,,,,unlabeled
IG0001590,138665,3898,4056,344492,42.56,0.034543618,146619,,,,unlabeled
IG0001591,30912,7540,573,126654,30.81,0.443728583,39025,,,,unlabeled
IG0001592,117290,5450,4498,1187225,10.72,0.044810377,127238,,,,unlabeled
IG0001593,160793,428,4826,1083382,15.33,0.086765333,166047,,,,unlabeled
IG0001594,61472,8548,480,1055728,6.68,0.042435173,70500,,,,unlabeled
IG0001595,166500,869,314,1381571,12.14,0.006514323,167683,,,,unlabeled
IG0001596,132669,7773,4862,1290080,11.26,0.016200546,145304,,,,unlabeled
IG0001597,58373,1765,1732,681190,9.08,0.127424067,61870,,,,unlabeled
IG0001598,43875,9251,3149,1622765,3.47,0.046895268,56275,,,,unlabeled
IG0001599,87767,3879,4624,1316418,7.31,0.027119046,96270,,,,unlabeled
IG0001600,716,9935,4727,667817,2.3,0.047468094,15378,,,,unlabeled
IG0001601,172187,3418,4773,539817,33.41,0.137824485,180378,,,,unlabeled
IG0001602,168944,6802,2523,1803441,9.88,0.013307893,178269,,,,unlabeled
IG0001603,10683,7171,1537,964800,2.01,0.061981758,19391,,,,unlabeled
IG0001604,112321,8034,2266,1324974,9.25,0.009132255,122621,,,,unlabeled
IG0001605,93375,8823,372,1208645,8.49,0.011748694,102570,,,,unlabeled
IG0001606,150128,6177,2857,91364,174.21,0.889847205,159162,,,,unlabeled
IG0001607,132843,1918,1809,155231,87.98,0.077304147,136570,,,,unlabeled
IG0001608,192777,8079,755,1779256,11.33,0.014950069,201611,,,,unlabeled
IG0001609,92283,8176,4444,1341504,7.82,0.048527623,104903,,,,unlabeled
IG0001610,176570,5076,1185,1999780,9.14,0.037054076,182831,,,,unlabeled
IG0001611,181364,2600,762,1103560,16.74,0.083366559,184726,,,,unlabeled
IG0001612,49287,5971,3067,1832599,3.18,0.026028607,58325,,,,unlabeled
IG0001613,1461,2820,3784,1732628,0.47,0.039823898,8065,,,,unlabeled
IG0001614,129297,6742,2568,1497020,9.26,0.064528196,138607,,,,unlabeled
IG0001615,71844,6229,3339,844421,9.64,0.026527052,81412,,,,unlabeled
IG0001616,116984,7581,3331,46795,273.31,0.585532642,127896,,,,unlabeled
IG0001617,20037,818,1032,30902,70.83,1.854248916,21887,,,,unlabeled
IG0001618,72709,3732,2832,706822,11.22,0.013298964,79273,,,,unlabeled
IG0001619,117762,8965,4005,479854,27.24,0.15317159,130732,,,,unlabeled
IG0001620,57000,8651,3581,283909,24.39,0.042971516,69232,,,,unlabeled
IG0001621,141409,7875,4333,1330015,11.55,0.053006921,153617,,,,unlabeled
IG0001622,77376,9309,2820,1086119,8.24,0.032316901,89505,,,,unlabeled
IG0001623,1670,3753,1358,1152788,0.59,0.052741701,6781,,,,unlabeled
IG0001624,180123,5067,1228,709427,26.28,0.008034653,186418,,,,unlabeled
IG0001625,145537,5414,3598,1141498,13.54,0.029259797,154549,,,,unlabeled
IG0001626,180514,9787,393,967309,19.71,0.066886589,190694,,,,unlabeled
IG0001627,191398,2498,4543,50644,391.83,0.019745676,198439,,,,unlabeled
IG0001628,141378,588,4602,562174,26.07,0.154222714,146568,,,,unlabeled
IG0001629,167868,8157,3087,1809958,9.9,0.027238201,179112,,,,unlabeled
IG0001630,58941,7749,2205,1419271,4.85,0.002959266,68895,,,,unlabeled
IG0001631,139530,2919,4087,605311,24.21,0.056169473,146536,,,,unlabeled
IG0001632,88725,2722,1487,321075,28.94,0.23421319,92934,,,,unlabeled
IG0001633,81444,8478,4122,1259638,7.47,0.01127308,94044,,,,unlabeled
IG0001634,66740,5301,4472,1325708,5.77,0.074375353,76513,,,,unlabeled
IG0001635,187548,1079,4903,111422,173.69,0.353610598,193530,,,,unlabeled
IG0001636,57154,6863,3507,181339,37.24,0.371679561,67524,,,,unlabeled
IG0001637,88931,646,1568,42753,213.19,2.226744322,91145,,,,unlabeled
IG0001638,63383,800,866,1143115,5.69,0.023969592,65049,,,,unlabeled
IG0001639,6582,2717,4022,972730,1.37,0.046055946,13321,,,,unlabeled
IG0001640,53427,3402,4925,912277,6.77,0,61754,,,,unlabeled
IG0001641,161362,9051,302,775243,22.02,0.128733829,170715,,,,unlabeled
IG0001642,164568,2097,1168,36286,462.53,0.777159235,167833,,,,unlabeled
IG0001643,105440,8932,1939,807167,14.41,0.042742084,116311,,,,unlabeled
IG0001644,16461,9593,2579,657069,4.36,0.069855677,28633,,,,unlabeled
IG0001645,112954,5711,2890,1760627,6.9,0.029023751,121555,,,,unlabeled
IG0001646,77681,2645,5000,484848,17.6,0.163968914,85326,,,,unlabeled
IG0001647,1959,9874,3434,347919,4.39,0.260692862,15267,,,,unlabeled
IG0001648,95089,8944,4253,925857,11.7,0.092454882,108286,,,,unlabeled
IG0001649,190400,3679,2441,1148458,17.11,0.074795944,196520,,,,unlabeled
IG0001650,126267,459,4002,958012,13.65,0.081836136,130728,,,,unlabeled
IG0001651,24711,4828,3470,1949179,1.69,0.0252927,33009,,,,unlabeled
IG0001652,55828,9442,4189,146016,47.57,0.193814377,69459,,,,unlabeled
IG0001653,141913,4911,2569,543441,27.49,0.010672732,149393,,,,unlabeled
IG0001654,154619,9910,1550,1944665,8.54,0.009410361,166079,,,,unlabeled
IG0001655,35017,6794,4681,624849,7.44,0.153157003,46492,,,,unlabeled
IG0001656,155224,4256,112,489108,32.63,0.068900938,159592,,,,unlabeled
IG0001657,145723,5471,1579,1164028,13.12,0.071475944,152773,,,,unlabeled
IG0001658,166627,1096,23,1317047,12.74,0.007744598,167746,,,,unlabeled
IG0001659,130674,2360,1909,1100599,12.26,0.039705651,134943,,,,unlabeled
IG0001660,27451,3396,4688,301943,11.77,0.184140715,35535,,,,unlabeled
IG0001661,161235,9458,2034,1003078,17.22,0.009371156,172727,,,,unlabeled
IG0001662,165771,8406,2599,20709,853.62,1.265150418,176776,,,,unlabeled
IG0001663,93701,5343,2178,26867,376.75,0.111661146,101222,,,,unlabeled
IG0001664,28060,9968,4433,608625,6.98,0.043705073,42461,,,,unlabeled
IG0001665,55469,9633,2075,749459,8.96,0.004136317,67177,,,,unlabeled
IG0001666,91607,6326,3447,806413,12.57,0.115325522,101380,,,,unlabeled
IG0001667,48225,16,2167,1718521,2.93,0.048588292,50408,,,,unlabeled
IG0001668,118689,4569,1538,1307002,9.55,0.044835433,124796,,,,unlabeled
IG0001669,36475,2477,4097,1338021,3.22,0.00298949,43049,,,,unlabeled
IG0001670,95761,958,3838,613787,16.38,0.133596834,100557,,,,unlabeled
IG0001671,100301,7844,820,563412,19.34,0.137377266,108965,,,,unlabeled
IG0001672,179899,3512,487,1887985,9.74,0.00121823,183898,,,,unlabeled
IG0001673,195820,9030,200,1634468,12.55,0.025023433,205050,,,,unlabeled
IG0001674,63499,4221,2902,1886226,3.74,0.014473345,70622,,,,unlabeled
IG0001675,187665,8138,1433,1235825,15.96,0.024437117,197236,,,,unlabeled
IG0001676,96771,600,4309,1810362,5.62,0.008340873,101680,,,,unlabeled
IG0001677,17471,2902,3701,913777,2.63,0.017619178,24074,,,,unlabeled
IG0001678,118499,4983,4565,683598,18.73,0.1126393,128047,,,,unlabeled
IG0001679,22863,5571,3428,1310945,2.43,0.054159404,31862,,,,unlabeled
IG0001680,38399,5162,3483,1223663,3.84,0.051403042,47044,,,,unlabeled
IG0001681,24192,9398,1266,1208914,2.88,0.018777183,34856,,,,unlabeled
IG0001682,41749,6565,3057,1714158,3,0.014351069,51371,,,,unlabeled
IG0001683,195875,9176,3373,1288194,16.18,0.064043149,208424,,,,unlabeled
IG0001684,10269,3379,1350,1771317,0.85,0.001467834,14998,,,,unlabeled
IG0001685,161682,4159,578,1277320,13.03,0.061300222,166419,,,,unlabeled
IG0001686,101776,6261,4225,1815343,6.18,0.004461967,112262,,,,unlabeled
IG0001687,152909,371,3927,1635400,9.61,0.05032408,157207,,,,unlabeled
IG0001688,65143,7342,437,1965340,3.71,0.044877731,72922,,,,unlabeled
IG0001689,138300,4216,1239,336243,42.75,0.142753901,143755,,,,unlabeled
IG0001690,56708,3806,4690,287578,22.67,0.213507292,65204,,,,unlabeled
IG0001691,69071,8030,4737,456201,17.94,0.016659323,81838,,,,unlabeled
IG0001692,124754,676,4300,1131780,11.46,0.01961512,129730,,,,unlabeled
IG0001693,198089,1967,50,452059,44.27,0.004866621,200106,,,,unlabeled
IG0001694,120308,3395,4630,157125,81.68,0.355767701,128333,,,,unlabeled
IG0001695,99796,14,942,107795,93.47,0.18924811,100752,,,,unlabeled
IG0001696,61314,9944,3935,181946,41.33,0.271509129,75193,,,,unlabeled
IG0001697,15247,7957,4701,54516,51.19,1.390417492,27905,,,,unlabeled
IG0001698,66131,2789,2410,1090867,6.54,0.016317296,71330,,,,unlabeled
IG0001699,85031,1025,4523,736735,12.29,0.07166756,90579,,,,unlabeled
IG0001700,25438,3869,192,952976,3.1,0.020672084,29499,,,,unlabeled
IG0001701,105395,8848,2528,319866,36.51,0.23947528,116771,,,,unlabeled
IG0001702,88074,2239,1823,1151191,8,0.044649411,92136,,,,unlabeled
IG0001703,8228,1813,2795,1032318,1.24,0.039619575,12836,,,,unlabeled
IG0001704,101969,4509,2074,1693269,6.41,0.048190807,108552,,,,unlabeled
IG0001705,24999,3811,2273,465459,6.68,0.199373092,31083,,,,unlabeled
IG0001706,91983,799,2367,1862978,5.11,0.02426223,95149,,,,unlabeled
IG0001707,153560,3793,1504,1746625,9.1,0.037958921,158857,,,,unlabeled
IG0001708,97648,8540,94,1052165,10.1,0.022429942,106282,,,,unlabeled
IG0001709,167068,4207,3731,914010,19.15,0.006892704,175006,,,,unlabeled
IG0001710,4884,9785,2641,628734,2.75,0.092248868,17310,,,,unlabeled
IG0001711,25574,7409,4513,424622,8.83,0.017898272,37496,,,,unlabeled
IG0001712,126472,1066,1865,391899,33.02,0.177086443,129403,,,,unlabeled
IG0001713,72074,2799,4392,1564719,5.07,0.043777828,79265,,,,unlabeled
IG0001714,86747,1380,4395,870969,10.62,0.070611009,92522,,,,unlabeled
IG0001715,47050,645,4494,1543505,3.38,0.008616752,52189,,,,unlabeled
IG0001716,177184,1451,4354,1337699,13.68,0.068326283,182989,,,,unlabeled
IG0001717,191440,790,3727,1757458,11.15,0.000796605,195957,,,,unlabeled
IG0001718,31040,8938,2564,855448,4.97,0.095973104,42542,,,,unlabeled
IG0001719,181284,1146,3374,418922,44.35,0.082592941,185804,,,,unlabeled
IG0001720,33744,3454,104,154348,24.17,0.529323347,37302,,,,unlabeled
IG0001721,87116,2799,2995,80667,115.18,0.712806972,92910,,,,unlabeled
IG0001722,161560,363,2390,1877541,8.75,0.05033179,164313,,,,unlabeled
IG0001723,65835,932,1275,1543948,4.41,0.0403511,68042,,,,unlabeled
IG0001724,155470,4846,4261,1262628,13.03,0.05837032,164577,,,,unlabeled
IG0001725,46665,9174,1525,1523751,3.76,0.033141898,57364,,,,unlabeled
IG0001726,37126,6204,4675,791489,6.07,0.087556492,48005,,,,unlabeled
IG0001727,71681,4838,2585,840281,9.41,0.02713378,79104,,,,unlabeled
IG0001728,137337,2310,4349,824711,17.46,0.092274748,143996,,,,unlabeled
IG0001729,9467,9036,2220,316942,6.54,0.144505935,20723,,,,unlabeled
IG0001730,169338,8275,1153,269598,66.31,0.159496732,178766,,,,unlabeled
IG0001731,21851,8552,4433,449698,7.75,0.064710094,34836,,,,unlabeled
IG0001732,143793,6279,2748,1769830,8.63,0.015538216,152820,,,,unlabeled
IG0001733,42162,3803,3614,1950731,2.54,0.041369107,49579,,,,unlabeled
IG0001734,84566,7127,452,1540008,5.98,0.030129714,92145,,,,unlabeled
IG0001735,113934,3485,4213,441890,27.53,0.158636765,121632,,,,unlabeled
IG0001736,160918,6754,757,1821821,9.25,0.037050841,168429,,,,unlabeled
IG0001737,49327,8683,4097,1826242,3.4,0.025681153,62107,,,,unlabeled
IG0001738,50239,3850,2384,224193,25.19,0.017395726,56473,,,,unlabeled
IG0001739,103784,6954,4614,1084400,10.64,0.021117669,115352,,,,unlabeled
IG0001740,175003,4064,230,1411142,12.71,0.053431901,179297,,,,unlabeled
IG0001741,57142,4888,4131,610069,10.84,0.034750168,66161,,,,unlabeled
IG0001742,91515,1499,3828,1971978,4.91,0.017900808,96842,,,,unlabeled
IG0001743,32438,3753,3908,1239880,3.23,0.070571346,40099,,,,unlabeled
IG0001744,120699,1459,2886,1990426,6.28,0.017785137,125044,,,,unlabeled
IG0001745,146978,6755,3282,76618,204.93,1.189015636,157015,,,,unlabeled
IG0001746,85496,4986,792,502200,18.17,0.141975309,91274,,,,unlabeled
IG0001747,83449,6556,537,812055,11.15,0.108736477,90542,,,,unlabeled
IG0001748,103540,5434,897,834559,13.17,0.043376202,109871,,,,unlabeled
IG0001749,197311,5181,4056,459543,44.95,0.096400119,206548,,,,unlabeled
IG0001750,111352,6669,4261,49485,247.11,1.277154693,122282,,,,unlabeled
IG0001751,161999,9188,4969,2941,5989.66,13.43080585,176156,,,,unlabeled
IG0001752,86385,2036,3951,353073,26.16,0.035686671,92372,,,,unlabeled
IG0001753,176817,8547,1656,1331914,14.04,0.016067103,187020,,,,unlabeled
IG0001754,187416,7473,655,184464,106.01,0.091074681,195544,,,,unlabeled
IG0001755,127256,8074,195,1129936,11.99,0.043011286,135525,,,,unlabeled
IG0001756,33241,6497,3154,710974,6.03,0.136573208,42892,,,,unlabeled
IG0001757,30696,6271,3293,639652,6.29,0.061126988,40260,,,,unlabeled
IG0001758,107814,2150,3829,1466068,7.76,0.057705372,113793,,,,unlabeled
IG0001759,57300,6803,319,798658,8.07,0.097663831,64422,,,,unlabeled
IG0001760,67326,9140,55,198773,38.5,0.212805562,76521,,,,unlabeled
IG0001761,194154,7710,4122,307499,66.99,0.164878585,205986,,,,unlabeled
IG0001762,111436,3993,1193,784307,14.87,0.06298554,116622,,,,unlabeled
IG0001763,183012,1931,1487,1464731,12.73,0.027581856,186430,,,,unlabeled
IG0001764,91509,4281,4937,913456,11.03,0.061634058,100727,,,,unlabeled
IG0001765,175953,9460,4936,1252270,15.2,0.063724277,190349,,,,unlabeled
IG0001766,129138,5201,1415,680844,19.94,0.053756808,135754,,,,unlabeled
IG0001767,38004,340,1392,1019671,3.9,0.05089877,39736,,,,unlabeled
IG0001768,158112,8669,688,803446,20.84,0.031862751,167469,,,,unlabeled
IG0001769,2509,9389,3171,919343,1.64,0.091804691,15069,,,,unlabeled
IG0001770,65581,9922,3885,107845,73.61,0.296722148,79388,,,,unlabeled
IG0001771,44963,2391,2017,1605349,3.08,0.052574238,49371,,,,unlabeled
IG0001772,166649,3624,3756,1464499,11.88,0.004301812,174029,,,,unlabeled
IG0001773,113296,6104,2768,1033383,11.82,0.001161235,122168,,,,unlabeled
IG0001774,104915,7384,4705,1677866,6.97,0.009655121,117004,,,,unlabeled
IG0001775,90527,5854,1403,163296,59.88,0.451940035,97784,,,,unlabeled
IG0001776,81830,133,4766,1100272,7.88,0.025175593,86729,,,,unlabeled
IG0001777,79327,561,2470,810867,10.16,0.068691906,82358,,,,unlabeled
IG0001778,61802,3663,4296,791980,8.81,0.059092401,69761,,,,unlabeled
IG0001779,45998,8549,2107,1704997,3.32,0.015249294,56654,,,,unlabeled
IG0001780,133356,4783,3960,1744458,8.15,0.032101661,142099,,,,unlabeled
IG0001781,48882,1314,2185,1960245,2.67,0.030914503,52381,,,,unlabeled
IG0001782,169754,7512,2114,353950,50.68,0.093516033,179380,,,,unlabeled
IG0001783,49293,1991,4400,923123,6.03,0.056222194,55684,,,,unlabeled
IG0001784,125666,992,1050,213140,59.92,0.063338651,127708,,,,unlabeled
IG0001785,96307,5747,1733,834476,12.44,0.039066432,103787,,,,unlabeled
IG0001786,121070,8576,2083,1478034,8.91,0.067319155,131729,,,,unlabeled
IG0001787,128228,7888,4997,1679761,8.4,0.041970256,141113,,,,unlabeled
IG0001788,118483,1710,2607,1464044,8.39,0.025067553,122800,,,,unlabeled
IG0001789,7044,1640,2377,1920867,0.58,0.039513407,11061,,,,unlabeled
IG0001790,42537,7275,4888,489814,11.17,0.192113741,54700,,,,unlabeled
IG0001791,117209,1711,4744,1557432,7.94,0.058750559,123664,,,,unlabeled
IG0001792,48523,7769,4949,590541,10.37,0.143597142,61241,,,,unlabeled
IG0001793,172472,3986,4397,1490910,12.13,0.035347539,180855,,,,unlabeled
IG0001794,116073,4243,1286,293156,41.48,0.130306049,121602,,,,unlabeled
IG0001795,23984,3131,2441,1386169,2.13,0.017169624,29556,,,,unlabeled
IG0001796,26835,4460,1625,1270503,2.59,0.02865007,32920,,,,unlabeled
IG0001797,2677,9548,3416,460543,3.4,0.030616034,15641,,,,unlabeled
IG0001798,101931,6707,1091,1954091,5.62,0.001995813,109729,,,,unlabeled
IG0001799,170175,7817,2778,833513,21.69,0.000959793,180770,,,,unlabeled
IG0001800,27727,2423,1795,1391501,2.3,0.062306818,31945,,,,unlabeled
IG0001801,182983,4094,4770,1867820,10.27,0.02237903,191847,,,,unlabeled
IG0001802,91487,1254,2125,93038,101.96,0.036544208,94866,,,,unlabeled
IG0001803,178727,3367,4022,453564,41.03,0.055559965,186116,,,,unlabeled
IG0001804,44919,2669,3138,1076655,4.71,0.04931942,50726,,,,unlabeled
IG0001805,166956,2324,13,1276822,13.26,0.00430757,169293,,,,unlabeled
IG0001806,114161,8997,4480,4071,3135.3,19.87226726,127638,,,,unlabeled
IG0001807,193339,7085,2218,856783,23.65,0.098274592,202642,,,,unlabeled
IG0001808,136660,4901,1535,338633,42.26,0.24776085,143096,,,,unlabeled
IG0001809,25442,3302,489,1596457,1.83,0.002944019,29233,,,,unlabeled
IG0001810,174940,8959,2411,1546655,12.05,0.033620943,186310,,,,unlabeled
IG0001811,20414,1420,4284,621270,4.2,0.112028587,26118,,,,unlabeled
IG0001812,187848,754,2904,1824482,10.5,0.007837841,191506,,,,unlabeled
IG0001813,21392,6403,4928,1570784,2.08,0.000827612,32723,,,,unlabeled
IG0001814,24546,4353,567,1671457,1.76,0.059169934,29466,,,,unlabeled
IG0001815,69367,1448,2647,1678818,4.38,0.011138789,73462,,,,unlabeled
IG0001816,25515,3951,1766,970199,3.22,0.007627301,31232,,,,unlabeled
IG0001817,50026,4702,1871,20741,272.88,2.719251724,56599,,,,unlabeled
IG0001818,191082,8370,2974,1127226,17.96,0.006121221,202426,,,,unlabeled
IG0001819,67653,3128,3291,723191,10.24,0.026272451,74072,,,,unlabeled
IG0001820,47734,3994,811,535836,9.81,0.030979628,52539,,,,unlabeled
IG0001821,133421,3875,2806,1197489,11.7,0.072652024,140102,,,,unlabeled
IG0001822,174756,7331,4235,961042,19.39,0.005827009,186322,,,,unlabeled
IG0001823,172253,7460,2161,772997,23.53,0.128978508,181874,,,,unlabeled
IG0001824,5973,5330,4944,1825323,0.89,0.043444366,16247,,,,unlabeled
IG0001825,9202,5310,516,1148227,1.31,0.074375537,15028,,,,unlabeled
IG0001826,175069,1198,1596,1164318,15.28,0.026539141,177863,,,,unlabeled
IG0001827,119252,6369,2717,640248,20.05,0.001093326,128338,,,,unlabeled
IG0001828,89928,7085,1511,1522397,6.47,0.037375271,98524,,,,unlabeled
IG0001829,136702,981,1522,1659021,8.39,0.016817147,139205,,,,unlabeled
IG0001830,59659,4003,1136,1080714,6,0.064957056,64798,,,,unlabeled
IG0001831,74578,4115,3969,39249,210.61,1.811511121,82662,,,,unlabeled
IG0001832,124667,6959,2656,1433478,9.37,0.050925093,134282,,,,unlabeled
IG0001833,186469,5658,23,1234972,15.56,0.041215509,192150,,,,unlabeled
IG0001834,55231,9655,998,1682685,3.92,0.016640072,65884,,,,unlabeled
IG0001835,141480,5843,4156,730399,20.74,0.047782103,151479,,,,unlabeled
IG0001836,115770,5205,1990,346528,35.48,0.000865731,122965,,,,unlabeled
IG0001837,30325,5339,502,986531,3.67,0.016522542,36166,,,,unlabeled
IG0001838,93194,5905,4690,229781,45.17,0.365130276,103789,,,,unlabeled
IG0001839,6420,49,4885,293180,3.87,0.111194488,11354,,,,unlabeled
IG0001840,157761,5391,659,1661313,9.86,0.015168725,163811,,,,unlabeled
IG0001841,186933,6474,4760,1597759,12.4,0.028790324,198167,,,,unlabeled
IG0001842,51125,9497,645,1719165,3.56,0.0122734,61267,,,,unlabeled
IG0001843,75359,492,1284,531261,14.52,0.04310499,77135,,,,unlabeled
IG0001844,66098,6960,4832,1136361,6.85,0.048928114,77890,,,,unlabeled
IG0001845,96406,8532,1746,1719874,6.2,0.057446069,106684,,,,unlabeled
IG0001846,49617,6247,309,945216,5.94,0.065381881,56173,,,,unlabeled
IG0001847,66274,9017,1099,1761048,4.34,0.009994049,76390,,,,unlabeled
IG0001848,45125,4452,4145,1746023,3.08,0.048911154,53722,,,,unlabeled
IG0001849,46954,4411,1847,43347,122.76,0.332202921,53212,,,,unlabeled
IG0001850,137049,2024,105,1477754,9.42,0.001894767,139178,,,,unlabeled
IG0001851,48936,1644,4035,1562435,3.5,0.003008125,54615,,,,unlabeled
IG0001852,74942,6810,1564,1208704,6.89,0.062049931,83316,,,,unlabeled
IG0001853,81194,8487,864,887661,10.2,0.014194608,90545,,,,unlabeled
IG0001854,174347,4818,2138,1412912,12.83,0.007077582,181303,,,,unlabeled
IG0001855,135804,1146,1497,1043374,13.27,0.060764405,138447,,,,unlabeled
IG0001856,107091,8730,2602,1940931,6.1,0.012931938,118423,,,,unlabeled
IG0001857,54284,1970,4770,1697821,3.59,0.014371362,61024,,,,unlabeled
IG0001858,198212,8130,1045,730716,28.38,0.118513896,207387,,,,unlabeled
IG0001859,23200,5769,1416,762607,3.98,0.032257768,30385,,,,unlabeled
IG0001860,144476,1434,2148,300169,49.32,0.194223921,148058,,,,unlabeled
IG0001861,77790,6955,4936,1530873,5.86,0.062970606,89681,,,,unlabeled
IG0001862,175869,2794,3904,1102659,16.56,0.062576009,182567,,,,unlabeled
IG0001863,62396,2548,2452,763588,8.83,0.078183523,67396,,,,unlabeled
IG0001864,102232,2334,724,512911,20.53,0.083445276,105290,,,,unlabeled
IG0001865,35235,4527,4891,1711234,2.61,0.051892377,44653,,,,unlabeled
IG0001866,76524,6052,1413,1481118,5.67,0.05111004,83989,,,,unlabeled
IG0001867,78896,9732,4711,1845188,5.06,0.002330386,93339,,,,unlabeled
IG0001868,86302,6672,1665,1900712,4.98,0.025253694,94639,,,,unlabeled
IG0001869,186894,6343,4852,1189012,16.66,0.058704201,198089,,,,unlabeled
IG0001870,89733,8789,1929,1899207,5.29,0.041438348,100451,,,,unlabeled
IG0001871,28597,3841,2433,447342,7.8,0.037331617,34871,,,,unlabeled
IG0001872,125905,7042,980,1397356,9.58,0.033992769,133927,,,,unlabeled
IG0001873,121641,9496,238,1213587,10.83,0.075396325,131375,,,,unlabeled
IG0001874,80548,3030,3995,20378,429.74,2.350574149,87573,,,,unlabeled
IG0001875,103040,3861,4654,121193,92.05,0.399363,111555,,,,unlabeled
IG0001876,86791,9510,4270,1724215,5.83,0.03445046,100571,,,,unlabeled
IG0001877,52426,1800,2851,141983,40.2,0.099307664,57077,,,,unlabeled
IG0001878,135794,7597,3533,81748,179.73,0.627538288,146924,,,,unlabeled
IG0001879,76582,568,1780,583402,13.53,0.051765335,78930,,,,unlabeled
IG0001880,159302,754,1830,1100869,14.71,0.060770173,161886,,,,unlabeled
IG0001881,157784,4250,1896,880278,18.62,0.056913839,163930,,,,unlabeled
IG0001882,193802,717,3154,1400949,14.11,0.063171464,197673,,,,unlabeled
IG0001883,184812,9767,4471,1255637,15.85,0.015052121,199050,,,,unlabeled
IG0001884,150260,9523,3154,30554,533.28,0.216010997,162937,,,,unlabeled
IG0001885,109354,1246,377,1704380,6.51,0.045764442,110977,,,,unlabeled
IG0001886,108051,3333,4925,405042,28.72,0.028885893,116309,,,,unlabeled
IG0001887,53868,6382,2074,1106846,5.63,0.080408657,62324,,,,unlabeled
IG0001888,122592,8779,209,559409,23.52,0.005362803,131580,,,,unlabeled
IG0001889,90520,8170,3734,255227,40.13,0.238611119,102424,,,,unlabeled
IG0001890,125918,4890,779,1198821,10.98,0.076324989,131587,,,,unlabeled
IG0001891,106587,6800,4289,1852954,6.35,0.013114195,117676,,,,unlabeled
IG0001892,18105,1274,1959,109403,19.5,0.224856722,21338,,,,unlabeled
IG0001893,162610,5008,3703,477240,35.9,0.061813762,171321,,,,unlabeled
IG0001894,147780,5359,1365,1544336,10,0.062421649,154504,,,,unlabeled
IG0001895,56024,4186,2817,1641607,3.84,0.057687376,63027,,,,unlabeled
IG0001896,153601,9666,1048,1776789,9.25,0.020486394,164315,,,,unlabeled
IG0001897,186014,3408,2108,152558,125.55,0.089146423,191530,,,,unlabeled
IG0001898,60229,5470,980,783133,8.51,0.107899935,66679,,,,unlabeled
IG0001899,121034,4026,1059,110022,114.63,0.628965116,126119,,,,unlabeled
IG0001900,14335,8273,2617,1068849,2.36,0.03966884,25225,,,,unlabeled
IG0001901,134491,304,4398,589496,23.61,0.157252975,139193,,,,unlabeled
IG0001902,172292,4310,3498,132238,136.19,0.062009407,180100,,,,unlabeled
IG0001903,144764,6858,4774,1325223,11.8,0.027693452,156396,,,,unlabeled
IG0001904,9125,2758,597,1434192,0.87,0.057872307,12480,,,,unlabeled
IG0001905,49805,5863,1774,1005813,5.71,0.067408156,57442,,,,unlabeled
IG0001906,122230,6387,350,1481738,8.7,0.00040493,128967,,,,unlabeled
IG0001907,81245,7561,2656,884586,10.34,0.104116502,91462,,,,unlabeled
IG0001908,57022,7105,4739,1785802,3.86,0.05577326,68866,,,,unlabeled
IG0001909,157215,5794,4022,1669313,10.01,0.01815118,167031,,,,unlabeled
IG0001910,198957,8049,98,61271,338.01,0.138727946,207104,,,,unlabeled
IG0001911,168777,1874,2641,31935,542.64,2.915296696,173292,,,,unlabeled
IG0001912,64953,2151,209,1131051,5.95,0.083196956,67313,,,,unlabeled
IG0001913,23037,1181,4950,977169,2.98,0.051986913,29168,,,,unlabeled
IG0001914,54971,1682,2568,1627674,3.64,0.039749975,59221,,,,unlabeled
IG0001915,14997,5136,3021,334304,6.93,0.125634153,23154,,,,unlabeled
IG0001916,93918,9790,4875,1183052,9.18,0.00414183,108583,,,,unlabeled
IG0001917,151722,3017,1444,1932391,8.08,0.039743509,156183,,,,unlabeled
IG0001918,95363,1489,850,267146,36.57,0.357108098,97702,,,,unlabeled
IG0001919,95146,2960,1600,1759736,5.67,0.027901913,99706,,,,unlabeled
IG0001920,24528,3444,2443,1544574,1.97,0.03107653,30415,,,,unlabeled
IG0001921,2319,3086,104,676292,0.81,0.08398739,5509,,,,unlabeled
IG0001922,101204,6729,2419,791117,13.95,0.103903721,110352,,,,unlabeled
IG0001923,16839,2882,3192,444149,5.16,0.078352085,22913,,,,unlabeled
IG0001924,14274,5931,1945,748856,2.96,0.041396477,22150,,,,unlabeled
IG0001925,106544,5716,2988,464964,24.79,0.128612108,115248,,,,unlabeled
IG0001926,189188,1099,596,1299618,14.69,0.030316601,190883,,,,unlabeled
IG0001927,167157,3399,187,1712267,9.97,0.002511291,170743,,,,unlabeled
IG0001928,178331,6779,4327,1927835,9.83,0.015717113,189437,,,,unlabeled
IG0001929,7974,4028,3454,1162571,1.33,0.076984545,15456,,,,unlabeled
IG0001930,67180,718,3909,1800898,3.99,0.038092107,71807,,,,unlabeled
IG0001931,36618,6962,3138,720392,6.49,0.108135571,46718,,,,unlabeled
IG0001932,28327,9245,298,127674,29.66,0.240456162,37870,,,,unlabeled
IG0001933,89243,6119,953,901685,10.68,0.045803135,96315,,,,unlabeled
IG0001934,36296,2597,2677,1621999,2.56,0.050801511,41570,,,,unlabeled
IG0001935,101572,8540,2631,517053,21.8,0.133061794,112743,,,,unlabeled
IG0001936,116210,4857,2795,374533,33.07,0.10626567,123862,,,,unlabeled
IG0001937,94302,505,4271,1122607,8.83,0.017815674,99078,,,,unlabeled
IG0001938,137402,1310,480,1452855,9.58,0.027256677,139192,,,,unlabeled
IG0001939,14605,3978,4541,215786,10.72,0.318834401,23124,,,,unlabeled
IG0001940,9315,2979,1571,648530,2.14,0.13769602,13865,,,,unlabeled
IG0001941,104442,5048,4909,564006,20.28,0.002836849,114399,,,,unlabeled
IG0001942,191061,3696,3548,1155158,17.17,0.015236011,198305,,,,unlabeled
IG0001943,148465,2818,1102,110156,138.34,0.627292204,152385,,,,unlabeled
IG0001944,89071,8863,1076,844507,11.72,0.080283526,99010,,,,unlabeled
IG0001945,147377,1686,2200,838661,18.04,0.02217821,151263,,,,unlabeled
IG0001946,65163,6502,3375,354922,21.14,0.259493635,75040,,,,unlabeled
IG0001947,151281,1201,3612,33047,472.34,2.181741157,156094,,,,unlabeled
IG0001948,42223,6773,4968,1335650,4.04,0.073821735,53964,,,,unlabeled
IG0001949,61899,4267,35,336704,19.66,0.166615187,66201,,,,unlabeled
IG0001950,133624,9210,2292,190132,76.33,0.091515368,145126,,,,unlabeled
IG0001951,158976,3005,1130,46534,350.52,0.081660721,163111,,,,unlabeled
IG0001952,46077,8247,3513,907918,6.37,0.021147284,57837,,,,unlabeled
IG0001953,51253,9947,383,1642105,3.75,0.054503214,61583,,,,unlabeled
IG0001954,22341,8167,3474,563882,6.03,0.094878006,33982,,,,unlabeled
IG0001955,195208,7638,4732,744738,27.87,0.037999941,207578,,,,unlabeled
IG0001956,91801,3042,1725,1319964,7.32,0.060986512,96568,,,,unlabeled
IG0001957,121405,7933,1667,1863776,7.03,0.045767303,131005,,,,unlabeled
IG0001958,159816,6489,1242,814896,20.56,0.047368008,167547,,,,unlabeled
IG0001959,98004,3921,1570,481054,21.51,0.154660392,103495,,,,unlabeled
IG0001960,55593,9930,3285,917113,7.5,0.080906061,68808,,,,unlabeled
IG0001961,150897,1261,4920,1906728,8.24,0.043058055,157078,,,,unlabeled
IG0001962,112195,224,2418,1771062,6.48,0.018689351,114837,,,,unlabeled
IG0001963,93754,8031,1100,1649100,6.24,0.005760718,102885,,,,unlabeled
IG0001964,51198,9191,4302,425529,15.2,0.107865739,64691,,,,unlabeled
IG0001965,91396,5004,1987,160142,61.44,0.228547164,98387,,,,unlabeled
IG0001966,195504,4360,1531,1656746,12.16,0.014848384,201395,,,,unlabeled
IG0001967,173734,1435,656,972394,18.08,0.021596184,175825,,,,unlabeled
IG0001968,58421,66,2397,1333303,4.57,0.066301508,60884,,,,unlabeled
IG0001969,108981,968,1171,1697508,6.55,0.047717006,111120,,,,unlabeled
IG0001970,159412,2305,978,1661562,9.79,0.029249586,162695,,,,unlabeled
IG0001971,115173,9119,3049,502884,25.32,0.182745922,127341,,,,unlabeled
IG0001972,19133,2935,641,1142625,1.99,0.081041462,22709,,,,unlabeled
IG0001973,135058,7986,2776,960575,15.18,0.019779819,145820,,,,unlabeled
IG0001974,152788,2737,861,1663978,9.4,0.001622618,156386,,,,unlabeled
IG0001975,142057,3182,569,785221,18.57,0.032984345,145808,,,,unlabeled
IG0001976,19224,8686,669,1596697,1.79,0.02298495,28579,,,,unlabeled
IG0001977,175412,6292,3146,1985502,9.31,0.006497097,184850,,,,unlabeled
IG0001978,24329,100,1191,1088172,2.35,0.059549409,25620,,,,unlabeled
IG0001979,14880,4778,2580,1621253,1.37,0.042559675,22238,,,,unlabeled
IG0001980,87266,2297,3549,1817700,5.12,0.007922099,93112,,,,unlabeled
IG0001981,22156,4842,3766,907168,3.39,0.004740026,30764,,,,unlabeled
IG0001982,139299,8139,69,349449,42.21,0.228073338,147507,,,,unlabeled
IG0001983,196428,8462,3108,1251336,16.62,0.019099586,207998,,,,unlabeled
IG0001984,82999,137,1275,623204,13.54,0.125961964,84411,,,,unlabeled
IG0001985,74388,4405,3550,493686,16.68,0.140980299,82343,,,,unlabeled
IG0001986,6415,3556,175,1914881,0.53,0.036712464,10146,,,,unlabeled
IG0001987,170292,5328,3089,1344630,13.29,0.070428296,178709,,,,unlabeled
IG0001988,106459,6940,311,1212123,9.38,0.008497487,113710,,,,unlabeled
IG0001989,802,9273,3408,464611,2.9,0.174769861,13483,,,,unlabeled
IG0001990,102174,5328,3647,161968,68.62,0.166699595,111149,,,,unlabeled
IG0001991,24628,754,890,264762,9.92,0.359190518,26272,,,,unlabeled
IG0001992,70361,5604,1008,526173,14.63,0.043711859,76973,,,,unlabeled
IG0001993,86671,5816,201,107742,86.03,0.12344304,92688,,,,unlabeled
IG0001994,12678,1333,3877,1517436,1.18,0.025701249,17888,,,,unlabeled
IG0001995,3555,1591,4614,1497839,0.65,0.047468386,9760,,,,unlabeled
IG0001996,5619,6967,1727,1479157,0.97,0.003921152,14313,,,,unlabeled
IG0001997,76495,686,3430,1804515,4.47,0.039124086,80611,,,,unlabeled
IG0001998,151718,5955,4351,433613,37.37,0.036899263,162024,,,,unlabeled
IG0001999,164293,6129,2139,1188942,14.51,0.075361119,172561,,,,unlabeled
IG0002000,177816,6507,447,1043990,17.7,0.059195969,184770,,,,unlabeled
IG0002001,15173,6608,3274,482914,5.19,0.048869985,25055,,,,unlabeled
IG0002002,137316,567,55,1479273,9.32,0.055770639,137938,,,,unlabeled
IG0002003,156459,401,1720,361815,43.83,0.194574575,158580,,,,unlabeled
IG0002004,43263,4024,898,117087,41.15,0.453508929,48185,,,,unlabeled
IG0002005,4026,7272,4370,1158820,1.35,0.074990076,15668,,,,unlabeled
IG0002006,74585,4908,2943,431687,19.1,0.071347991,82436,,,,unlabeled
IG0002007,81856,4135,4698,1515852,5.98,0.050136821,90689,,,,unlabeled
IG0002008,155750,8621,2515,1590680,10.49,0.012321774,166886,,,,unlabeled
IG0002009,144657,8792,1476,724069,21.4,0.002762168,154925,,,,unlabeled
IG0002010,139563,2567,798,991063,14.42,0.031784054,142928,,,,unlabeled
IG0002011,36316,6508,3522,553699,8.37,0.165071636,46346,,,,unlabeled
IG0002012,54164,4088,1989,1160675,5.19,0.005341719,60241,,,,unlabeled
IG0002013,33316,8802,4430,604545,7.7,0.110827151,46548,,,,unlabeled
IG0002014,33366,5464,3632,1838995,2.31,0.040565635,42462,,,,unlabeled
IG0002015,94955,3045,2492,437610,22.96,0.205662576,100492,,,,unlabeled
IG0002016,166030,9700,263,786453,22.38,0.003814595,175993,,,,unlabeled
IG0002017,32674,3952,4120,636332,6.4,0.135621028,40746,,,,unlabeled
IG0002018,128605,6685,4462,1692058,8.26,0.010519734,139752,,,,unlabeled
IG0002019,161168,2283,213,1817964,9,0.04774572,163664,,,,unlabeled
IG0002020,148822,8820,2725,957949,16.74,0.001148287,160367,,,,unlabeled
IG0002021,174616,8707,1661,1412518,13.1,0.055999286,184984,,,,unlabeled
IG0002022,166112,7955,252,1952077,8.93,0.013882649,174319,,,,unlabeled
IG0002023,56134,9675,2106,1042081,6.52,0.083774678,67915,,,,unlabeled
IG0002024,144334,6442,2550,1631755,9.4,0.016914304,153326,,,,unlabeled
IG0002025,74840,5050,897,1115536,7.24,0.048138294,80787,,,,unlabeled
IG0002026,9449,3751,274,384618,3.5,0.177058796,13474,,,,unlabeled
IG0002027,49026,3283,1585,938731,5.74,0.044208618,53894,,,,unlabeled
IG0002028,18714,155,256,1067332,1.79,0.069238063,19125,,,,unlabeled
IG0002029,44365,4123,1170,1947723,2.55,0.047748063,49658,,,,unlabeled
IG0002030,89172,8416,2045,1087766,9.16,0.087610755,99633,,,,unlabeled
IG0002031,49566,691,4527,1176360,4.66,0.071236696,54784,,,,unlabeled
IG0002032,175029,824,3348,417379,42.93,0.222339888,179201,,,,unlabeled
IG0002033,87041,3902,1405,391939,23.56,0.068122846,92348,,,,unlabeled
IG0002034,74086,259,4835,826538,9.58,0.030246643,79180,,,,unlabeled
IG0002035,163101,9805,425,607971,28.51,0.094247916,173331,,,,unlabeled
IG0002036,183166,5341,2897,1589070,12.05,0.032157174,191404,,,,unlabeled
IG0002037,88381,6209,1309,212612,45.11,0.435064813,95899,,,,unlabeled
IG0002038,69274,6511,3193,426971,18.5,0.037941687,78978,,,,unlabeled
IG0002039,185058,2262,2682,1037987,18.3,0.029865499,190002,,,,unlabeled
IG0002040,100932,2685,279,1855271,5.6,0.003988636,103896,,,,unlabeled
IG0002041,113164,1258,4390,1526332,7.78,0.046385714,118812,,,,unlabeled
IG0002042,136726,6211,1168,1953816,7.38,0.008803285,144105,,,,unlabeled
IG0002043,38307,4554,356,784941,5.51,0.117206261,43217,,,,unlabeled
IG0002044,62872,6671,1050,1462636,4.83,0.007862517,70593,,,,unlabeled
IG0002045,145974,6623,1249,1716988,8.96,0.013512034,153846,,,,unlabeled
IG0002046,179591,6815,580,1745684,10.71,0.051555723,186986,,,,unlabeled
IG0002047,194815,350,1696,1341240,14.68,0.018043005,196861,,,,unlabeled
IG0002048,39146,5179,3383,1302148,3.66,0.072034822,47708,,,,unlabeled
IG0002049,105691,6286,2067,1523308,7.49,0.063611561,114044,,,,unlabeled
IG0002050,85518,3000,4716,182138,51.19,0.497425029,93234,,,,unlabeled
IG0002051,64338,2699,1723,1198211,5.74,0.039976265,68760,,,,unlabeled
IG0002052,57406,3681,4327,1370567,4.77,0.059537403,65414,,,,unlabeled
IG0002053,84297,4038,3883,997934,9.24,0.003607453,92218,,,,unlabeled
IG0002054,26016,63,2556,694073,4.13,0.117999115,28635,,,,unlabeled
IG0002055,98085,2571,894,1272313,7.98,0.068222206,101550,,,,unlabeled
IG0002056,74139,5739,2906,1785819,4.64,0.001735898,82784,,,,unlabeled
IG0002057,20980,6571,1827,274784,10.69,0.001455689,29378,,,,unlabeled
IG0002058,116255,2401,1776,1158684,10.39,0.005437203,120432,,,,unlabeled
IG0002059,51015,2821,582,840515,6.47,0.10660131,54418,,,,unlabeled
IG0002060,165340,6679,1622,1203814,14.42,0.011878912,173641,,,,unlabeled
IG0002061,47379,518,2070,272674,18.32,0.366371565,49967,,,,unlabeled
IG0002062,35191,6598,1669,295032,14.73,0.189809919,43458,,,,unlabeled
IG0002063,135961,7511,612,536863,26.84,0.151062748,144084,,,,unlabeled
IG0002064,7379,4190,3688,1756463,0.87,0.05459836,15257,,,,unlabeled
IG0002065,90826,4157,2303,993125,9.8,0.071390812,97286,,,,unlabeled
IG0002066,85817,4720,716,699899,13.04,0.095728098,91253,,,,unlabeled
IG0002067,128276,2360,252,423106,30.94,0.066886312,130888,,,,unlabeled
IG0002068,6203,8175,3577,911663,1.97,0.056709552,17955,,,,unlabeled
IG0002069,13204,2032,4817,165,12153.33,96.36363636,20053,,,,unlabeled
IG0002070,78648,5426,3548,1200504,7.3,0.071803176,87622,,,,unlabeled
IG0002071,59197,2611,3588,1410899,4.64,0.054433379,65396,,,,unlabeled
IG0002072,27736,1679,204,410579,7.21,0.241122902,29619,,,,unlabeled
IG0002073,174909,1251,2268,1156343,15.43,0.014355602,178428,,,,unlabeled
IG0002074,122045,392,1776,1431331,8.68,0.004331633,124213,,,,unlabeled
IG0002075,20224,3439,1466,486664,5.16,0.066986668,25129,,,,unlabeled
IG0002076,5276,4413,2034,1240067,0.95,0.069109169,11723,,,,unlabeled
IG0002077,52288,8454,577,697380,8.79,0.126760159,61319,,,,unlabeled
IG0002078,32510,3384,2488,886169,4.33,0.055519884,38382,,,,unlabeled
IG0002079,32922,9867,1098,607063,7.23,0.067373567,43887,,,,unlabeled
IG0002080,75924,2361,4930,336650,24.72,0.033268974,83215,,,,unlabeled
IG0002081,178834,2305,2177,663548,27.63,0.023962095,183316,,,,unlabeled
IG0002082,26169,8862,282,1416080,2.49,0.048867296,35313,,,,unlabeled
IG0002083,7774,9093,2153,502479,3.79,0.085973742,19020,,,,unlabeled
IG0002084,118009,761,1356,1300194,9.24,0.044993286,120126,,,,unlabeled
IG0002085,146307,3321,4294,252336,61,0.074503836,153922,,,,unlabeled
IG0002086,192809,5503,2040,446225,44.9,0.066558351,200352,,,,unlabeled
IG0002087,18431,4463,531,1029114,2.28,0.08162361,23425,,,,unlabeled
IG0002088,163094,8428,1665,1409079,12.29,0.039529366,173187,,,,unlabeled
IG0002089,52012,5828,2872,623230,9.74,0.007220448,60712,,,,unlabeled
IG0002090,101136,9685,3118,85688,132.97,0.750396788,113939,,,,unlabeled
IG0002091,77834,6342,4932,757481,11.76,0.056239034,89108,,,,unlabeled
IG0002092,166562,9614,929,77074,229.79,0.46059631,177105,,,,unlabeled
IG0002093,19824,9519,2228,1045713,3.02,0.024959047,31571,,,,unlabeled
IG0002094,39384,5191,2618,1072031,4.4,0.002052179,47193,,,,unlabeled
IG0002095,86001,5083,4659,83507,114.65,0.052690194,95743,,,,unlabeled
IG0002096,137721,8538,124,1171213,12.5,0.06488999,146383,,,,unlabeled
IG0002097,75889,6385,453,1749114,4.73,0.020867708,82727,,,,unlabeled
IG0002098,6475,7176,1142,255353,5.79,0.259248961,14793,,,,unlabeled
IG0002099,60722,3679,4570,1407646,4.9,0.030760575,68971,,,,unlabeled
IG0002100,71748,3103,1508,1043820,7.32,0.088521009,76359,,,,unlabeled
IG0002101,50715,6036,4457,1393570,4.39,0.022532058,61208,,,,unlabeled
IG0002102,94788,177,3622,1704783,5.78,0.055021666,98587,,,,unlabeled
IG0002103,62651,5142,238,210570,32.31,0.049864653,68031,,,,unlabeled
IG0002104,41717,731,2464,1429354,3.14,0.026235628,44912,,,,unlabeled
IG0002105,14663,5591,2260,734225,3.07,0.099696959,22514,,,,unlabeled
IG0002106,101397,8948,3746,413902,27.56,0.185067963,114091,,,,unlabeled
IG0002107,123661,1974,925,1968188,6.43,0.039681169,126560,,,,unlabeled
IG0002108,164674,4808,3567,51128,338.46,1.519715225,173049,,,,unlabeled
IG0002109,185252,25,2384,596309,31.47,0.119904278,187661,,,,unlabeled
IG0002110,134642,8733,3147,1186646,12.35,0.049382883,146522,,,,unlabeled
IG0002111,88032,3030,1036,1681526,5.48,0.021944353,92098,,,,unlabeled
IG0002112,67385,4590,2178,635361,11.67,0.039977273,74153,,,,unlabeled
IG0002113,115233,8521,4499,76114,168.5,0.977481147,128253,,,,unlabeled
IG0002114,9609,5111,3686,481228,3.82,0.11678456,18406,,,,unlabeled
IG0002115,44023,4683,3596,780290,6.7,0.020120724,52302,,,,unlabeled
IG0002116,38319,8530,834,1951163,2.44,0.026497017,47683,,,,unlabeled
IG0002117,85023,1892,1682,1486619,5.96,0.041436306,88597,,,,unlabeled
IG0002118,136701,137,4413,593022,23.82,0.014164736,141251,,,,unlabeled
IG0002119,142825,8276,2723,327579,46.96,0.21704688,153824,,,,unlabeled
IG0002120,427,6748,3395,1019471,1.04,0.070526773,10570,,,,unlabeled
IG0002121,152750,459,3168,1766966,8.85,0.002829709,156377,,,,unlabeled
IG0002122,29499,2454,3137,1824878,1.92,0.050962311,35090,,,,unlabeled
IG0002123,34591,4494,4922,480815,9.15,0.183646517,44007,,,,unlabeled
IG0002124,36652,2187,1850,1529138,2.66,0.023608072,40689,,,,unlabeled
IG0002125,36009,3571,3477,1621447,2.66,0.016836813,43057,,,,unlabeled
IG0002126,64179,1244,4060,1160298,5.99,0.08316829,69483,,,,unlabeled
IG0002127,178113,2067,2474,556408,32.83,0.159954566,182654,,,,unlabeled
IG0002128,139673,2619,531,1412543,10.11,0.057768153,142823,,,,unlabeled
IG0002129,20180,7315,2237,1405029,2.12,0.046120044,29732,,,,unlabeled
IG0002130,48173,712,4758,1227244,4.37,0.043430646,53643,,,,unlabeled
IG0002131,150025,4507,772,1944126,7.99,0.037034637,155304,,,,unlabeled
IG0002132,112420,1439,1981,974937,11.88,0.023283556,115840,,,,unlabeled
IG0002133,35247,5917,1496,948665,4.5,0.023085072,42660,,,,unlabeled
IG0002134,169070,3673,3653,473668,37.24,0.002955657,176396,,,,unlabeled
IG0002135,73450,5827,1133,1586381,5.07,0.029627183,80410,,,,unlabeled
IG0002136,25837,8302,45,1476171,2.32,0.05243295,34184,,,,unlabeled
IG0002137,9469,4872,530,826012,1.8,0.000968509,14871,,,,unlabeled
IG0002138,41688,4776,3596,1270528,3.94,0.052419152,50060,,,,unlabeled
IG0002139,24923,6280,2557,1443618,2.34,0.050498123,33760,,,,unlabeled
IG0002140,50727,2238,4576,829425,6.94,0.093558791,57541,,,,unlabeled
IG0002141,42605,9843,4384,1691642,3.36,0.014423856,56832,,,,unlabeled
IG0002142,47584,7896,4660,292392,20.57,0.061219185,60140,,,,unlabeled
IG0002143,141753,8183,4710,1194444,12.95,0.023274427,154646,,,,unlabeled
IG0002144,144830,3825,4365,804766,19.01,0.080271781,153020,,,,unlabeled
IG0002145,128680,6403,1353,103724,131.54,0.765493039,136436,,,,unlabeled
IG0002146,114136,8902,2788,431957,29.13,0.050930995,125826,,,,unlabeled
IG0002147,54652,8890,1873,1200800,5.45,0.060626249,65415,,,,unlabeled
IG0002148,31881,4496,3304,27317,145.26,2.566167588,39681,,,,unlabeled
IG0002149,172819,2156,2071,124203,142.55,0.073267151,177046,,,,unlabeled
IG0002150,138583,9229,1053,5849,2545.14,6.702000342,148865,,,,unlabeled
IG0002151,183138,1992,391,139801,132.7,0.389839844,185521,,,,unlabeled
IG0002152,131487,8875,1570,320133,44.34,0.267076496,141932,,,,unlabeled
IG0002153,122140,7533,2423,38740,340.98,0.957666495,132096,,,,unlabeled
IG0002154,132973,8778,3096,985853,14.69,0.02089561,144847,,,,unlabeled
IG0002155,13997,8308,3064,1193442,2.13,0.044325573,25369,,,,unlabeled
IG0002156,161659,4296,2708,1341389,12.57,0.062547106,168663,,,,unlabeled
IG0002157,73169,5429,3786,513288,16.05,0.063901747,82384,,,,unlabeled
IG0002158,32267,1123,1392,111980,31.06,0.189319521,34782,,,,unlabeled
IG0002159,128292,2443,789,1650905,7.97,0.025319446,131524,,,,unlabeled
IG0002160,72057,4386,3841,1649918,4.87,0.014121914,80284,,,,unlabeled
IG0002161,155608,1434,1085,1998387,7.91,0.037930591,158127,,,,unlabeled
IG0002162,89143,4442,51,293451,31.91,0.055886673,93636,,,,unlabeled
IG0002163,108101,4940,2260,292558,39.41,0.209531102,115301,,,,unlabeled
IG0002164,99850,1830,3389,1363575,7.71,0.021414297,105069,,,,unlabeled
IG0002165,7533,3737,4792,482355,3.33,0.030682796,16062,,,,unlabeled
IG0002166,115184,6581,3063,1629318,7.66,0.054194454,124828,,,,unlabeled
IG0002167,147458,6326,2341,1768652,8.83,0.020128324,156125,,,,unlabeled
IG0002168,152448,2465,4872,25719,621.27,2.511761733,159785,,,,unlabeled
IG0002169,199110,5036,2887,89251,231.97,0.287951956,207033,,,,unlabeled
IG0002170,13654,4095,502,1158203,1.58,0.012346713,18251,,,,unlabeled
IG0002171,39081,9433,2664,730377,7.01,0.126373092,51178,,,,unlabeled
IG0002172,2826,4239,2818,625822,1.58,0.003675166,9883,,,,unlabeled
IG0002173,44568,3766,3860,1591431,3.28,0.035565475,52194,,,,unlabeled
IG0002174,5241,6839,2369,1661384,0.87,0.011677011,14449,,,,unlabeled
IG0002175,144233,681,2423,1425796,10.33,0.040258214,147337,,,,unlabeled
IG0002176,125909,1594,3723,3816,3438.84,14.64884696,131226,,,,unlabeled
IG0002177,101115,7375,1137,1230000,8.91,0.018292683,109627,,,,unlabeled
IG0002178,15044,9237,4616,1957803,1.48,0.042241227,28897,,,,unlabeled
IG0002179,190149,2938,4021,1945948,10.13,0.003854163,197108,,,,unlabeled
IG0002180,68658,4351,842,1483690,4.98,0.040641913,73851,,,,unlabeled
IG0002181,190338,1795,348,1877946,10.25,0.010703183,192481,,,,unlabeled
IG0002182,19153,6332,1949,1266652,2.17,0.074211386,27434,,,,unlabeled
IG0002183,192278,1847,1133,1072442,18.21,0.085785525,195258,,,,unlabeled
IG0002184,48612,5182,1174,111507,49.3,0.189225789,54968,,,,unlabeled
IG0002185,6379,232,3491,1809746,0.56,0.049399197,10102,,,,unlabeled
IG0002186,31995,7924,1655,1439096,2.89,0.065249295,41574,,,,unlabeled
IG0002187,73732,6262,1451,728784,11.18,0.133647281,81445,,,,unlabeled
IG0002188,66035,3308,3426,1409109,5.16,0.056702498,72769,,,,unlabeled
IG0002189,82207,8904,2093,845651,11.02,0.081712196,93204,,,,unlabeled
IG0002190,189480,5708,3606,799375,24.87,0.085441751,198794,,,,unlabeled
IG0002191,134316,7832,3173,797074,18.23,0.074271649,145321,,,,unlabeled
IG0002192,195320,5773,583,1243665,16.22,0.014634166,201676,,,,unlabeled
IG0002193,41345,7289,3411,1456401,3.57,0.057607761,52045,,,,unlabeled
IG0002194,106821,4220,3872,449237,25.58,0.173182529,114913,,,,unlabeled
IG0002195,135579,4809,1427,1828177,7.76,0.000929888,141815,,,,unlabeled
IG0002196,46837,5665,2415,1303271,4.21,0.058544999,54917,,,,unlabeled
IG0002197,62081,7682,3206,646945,11.28,0.105418544,72969,,,,unlabeled
IG0002198,94146,5811,1194,56191,180.01,0.653129505,101151,,,,unlabeled
IG0002199,75295,8524,18,1182676,7.09,0.04532095,83837,,,,unlabeled
IG0002200,135773,3289,4758,720626,19.96,0.064249694,143820,,,,unlabeled
IG0002201,117031,2864,4826,1127002,11.07,0.058118797,124721,,,,unlabeled
IG0002202,151529,9790,1141,151461,107.26,0.28984359,162460,,,,unlabeled
IG0002203,108571,4414,992,1783300,6.39,0.044412045,113977,,,,unlabeled
IG0002204,192315,513,3775,782217,25.13,0.040781522,196603,,,,unlabeled
IG0002205,46411,4428,1704,298434,17.61,0.228191158,52543,,,,unlabeled
IG0002206,123003,2673,1454,586930,21.66,0.156747823,127130,,,,unlabeled
IG0002207,96665,9635,3805,1049963,10.49,0.010095594,110105,,,,unlabeled
IG0002208,24218,192,511,25989,95.89,2.974335296,24921,,,,unlabeled
IG0002209,165004,5858,3040,816516,21.3,0.060990844,173902,,,,unlabeled
IG0002210,52338,5762,2617,934006,6.5,0.005995679,60717,,,,unlabeled
IG0002211,51954,499,1302,519482,10.35,0.167667022,53755,,,,unlabeled
IG0002212,117112,2336,356,203416,58.9,0.369685767,119804,,,,unlabeled
IG0002213,1189,1514,3633,1631279,0.39,0.051186829,6336,,,,unlabeled
IG0002214,66617,8009,2276,529469,14.52,0.017753636,76902,,,,unlabeled
IG0002215,70792,4661,3328,872782,9.03,0.023373534,78781,,,,unlabeled
IG0002216,24684,494,3294,1358368,2.1,0.025177272,28472,,,,unlabeled
IG0002217,34854,9840,4120,479006,10.19,0.154277817,48814,,,,unlabeled
IG0002218,188496,7304,137,1339739,14.63,0.030602976,195937,,,,unlabeled
IG0002219,180781,8524,371,412220,46.01,0.208141284,189676,,,,unlabeled
IG0002220,171788,913,4523,1555362,11.39,0.043848313,177224,,,,unlabeled
IG0002221,108189,7601,3863,1689616,7.08,0.05865238,119653,,,,unlabeled
IG0002222,132186,2460,192,252165,53.47,0.111831539,134838,,,,unlabeled
IG0002223,153309,3186,4819,679053,23.76,0.145054952,161314,,,,unlabeled
IG0002224,78697,8168,4822,28994,316.23,1.448575567,91687,,,,unlabeled
IG0002225,72795,8042,3774,1083979,7.81,0.023985705,84611,,,,unlabeled
IG0002226,150532,2540,3970,1609130,9.76,0.01385842,157042,,,,unlabeled
IG0002227,159287,3085,2006,1326629,12.39,0.02939782,164378,,,,unlabeled
IG0002228,93053,9073,1514,1777779,5.83,0.020193736,103640,,,,unlabeled
IG0002229,1842,8798,2992,1171100,1.16,0.022969857,13632,,,,unlabeled
IG0002230,119739,5849,4130,1460423,8.88,0.067651632,129718,,,,unlabeled
IG0002231,174247,4527,784,831407,21.6,0.024175885,179558,,,,unlabeled
IG0002232,106977,1746,3550,1973122,5.69,0.004662662,112273,,,,unlabeled
IG0002233,101916,3267,4445,1730871,6.33,0.001155488,109628,,,,unlabeled
IG0002234,70679,7533,1016,689959,11.48,0.022899911,79228,,,,unlabeled
IG0002235,28297,8700,4899,838318,5,0.003578594,41896,,,,unlabeled
IG0002236,47086,4191,3502,198686,27.57,0.091098517,54779,,,,unlabeled
IG0002237,197217,8594,3321,1254784,16.67,0.038253596,209132,,,,unlabeled
IG0002238,125042,7458,2357,277637,48.57,0.106614032,134857,,,,unlabeled
IG0002239,21993,1130,4123,128294,21.24,0.260339533,27246,,,,unlabeled
IG0002240,98988,6755,1867,1962728,5.48,0.043612768,107610,,,,unlabeled
IG0002241,152010,6096,2366,1236115,12.98,0.033734725,160472,,,,unlabeled
IG0002242,61283,8178,2740,1739731,4.15,0.050352612,72201,,,,unlabeled
IG0002243,174162,8529,2542,1385698,13.37,0.021433242,185233,,,,unlabeled
IG0002244,56223,155,337,46907,120.91,1.206642932,56715,,,,unlabeled
IG0002245,121898,1242,3633,214055,59.22,0.17472145,126773,,,,unlabeled
IG0002246,188163,3399,4205,1247202,15.7,0.017158407,195767,,,,unlabeled
IG0002247,76619,5035,157,1105304,7.4,0.089206227,81811,,,,unlabeled
IG0002248,70366,8961,712,1225284,6.53,0.004651983,80039,,,,unlabeled
IG0002249,127685,3022,4929,272442,49.79,0.259504775,135636,,,,unlabeled
IG0002250,146314,6703,169,6104,2509.6,13.76146789,153186,,,,unlabeled
IG0002251,72660,3236,4016,330440,24.18,0.00090788,79912,,,,unlabeled
IG0002252,86372,9307,3389,923163,10.73,0.012998788,99068,,,,unlabeled
IG0002253,29870,4045,2676,1566762,2.34,0.015509695,36591,,,,unlabeled
IG0002254,15430,8555,3993,357166,7.83,0.162949441,27978,,,,unlabeled
IG0002255,166895,4464,3066,713765,24.44,0.104235988,174425,,,,unlabeled
IG0002256,151446,3410,3015,1042785,15.14,0.02531682,157871,,,,unlabeled
IG0002257,76821,5496,3540,302798,28.35,0.121202914,85857,,,,unlabeled
IG0002258,5728,6587,2395,1204304,1.22,0.012621398,14710,,,,unlabeled
IG0002259,167677,4152,2728,234385,74.47,0.332785801,174557,,,,unlabeled
IG0002260,198528,7506,3413,1763207,11.88,0.024217236,209447,,,,unlabeled
IG0002261,134820,2679,4064,599377,23.62,0.015516111,141563,,,,unlabeled
IG0002262,137852,991,2313,184964,76.32,0.168681473,141156,,,,unlabeled
IG0002263,19369,3581,3766,1446026,1.85,0.019501724,26716,,,,unlabeled
IG0002264,34281,5080,3001,1610175,2.63,0.003974723,42362,,,,unlabeled
IG0002265,98322,6311,2167,1170451,9.12,0.002819426,106800,,,,unlabeled
IG0002266,113412,6769,4789,1422781,8.78,0.064943234,124970,,,,unlabeled
IG0002267,67562,4492,1298,1673843,4.38,0.019715111,73352,,,,unlabeled
IG0002268,170127,8303,4094,1911491,9.55,0.046874403,182524,,,,unlabeled
IG0002269,198497,266,615,514380,38.76,0.169913294,199378,,,,unlabeled
IG0002270,164457,5571,873,1955025,8.74,0.040613291,170901,,,,unlabeled
IG0002271,69278,2043,1910,116850,62.67,0.81300813,73231,,,,unlabeled
IG0002272,125782,7288,2601,1891562,7.17,0.012264996,135671,,,,unlabeled
IG0002273,159425,5627,2214,1383217,12.09,0.052630932,167266,,,,unlabeled
IG0002274,3293,4611,1890,406504,2.41,0.239358038,9794,,,,unlabeled
IG0002275,184754,3751,4167,222125,86.74,0.3110861,192672,,,,unlabeled
IG0002276,17313,5980,1277,152238,16.14,0.265373954,24570,,,,unlabeled
IG0002277,73562,7952,1639,593150,14.02,0.037764478,83153,,,,unlabeled
IG0002278,167056,3976,122,312030,54.85,0.017306028,171154,,,,unlabeled
IG0002279,43660,5846,1608,269133,18.99,0.311741778,51114,,,,unlabeled
IG0002280,189729,8349,1543,1698988,11.75,0.023307993,199621,,,,unlabeled
IG0002281,76932,2606,1222,641587,12.59,0.097570556,80760,,,,unlabeled
IG0002282,86369,1374,4720,1705381,5.42,0.023513807,92463,,,,unlabeled
IG0002283,80776,446,3494,569956,14.86,0.107727614,84716,,,,unlabeled
IG0002284,188911,7802,3980,476675,42.1,0.142864635,200693,,,,unlabeled
IG0002285,99021,4247,1941,1961711,5.36,0.023856725,105209,,,,unlabeled
IG0002286,182468,1952,3916,58183,323.7,0.09452933,188336,,,,unlabeled
IG0002287,100809,6227,2064,1711713,6.37,0.010223677,109100,,,,unlabeled
IG0002288,190425,674,1978,423186,45.62,0.008506898,193077,,,,unlabeled
IG0002289,33551,2820,1156,1569160,2.39,0.029761146,37527,,,,unlabeled
IG0002290,189578,8004,4938,1761857,11.49,0.007889403,202520,,,,unlabeled
IG0002291,107052,5177,4921,657406,17.82,0.104653745,117150,,,,unlabeled
IG0002292,197076,1700,4836,1942410,10.48,0.029756848,203612,,,,unlabeled
IG0002293,114347,5318,4278,452273,27.4,0.054834138,123943,,,,unlabeled
IG0002294,27397,2326,4913,1624392,2.13,0.005294289,34636,,,,unlabeled
IG0002295,132657,7987,2721,649649,22.07,0.151620337,143365,,,,unlabeled
IG0002296,72049,7787,4423,715357,11.78,0.127349002,84259,,,,unlabeled
IG0002297,145469,300,1267,424601,34.63,0.169806477,147036,,,,unlabeled
IG0002298,9139,7578,4193,104085,20.09,0.860834895,20910,,,,unlabeled
IG0002299,167305,7436,291,1308620,13.38,0.05991044,175032,,,,unlabeled
IG0002300,41957,5141,532,269292,17.69,0.065727909,47630,,,,unlabeled
IG0002301,154372,1073,4152,250607,63.68,0.118911283,159597,,,,unlabeled
IG0002302,76848,479,3435,1015271,7.95,0.06461329,80762,,,,unlabeled
IG0002303,23794,9916,1100,1090003,3.19,0.047155834,34810,,,,unlabeled
IG0002304,68243,8988,3749,1884857,4.3,0.047271491,80980,,,,unlabeled
IG0002305,149112,6126,1010,854517,18.28,0.055001831,156248,,,,unlabeled
IG0002306,100534,9951,4087,354944,32.28,0.016340606,114572,,,,unlabeled
IG0002307,94972,3407,795,1043597,9.5,0.087773345,99174,,,,unlabeled
IG0002308,190122,7759,2463,782132,25.62,0.023781152,200344,,,,unlabeled
IG0002309,169793,3936,1533,1022052,17.15,0.052737043,175262,,,,unlabeled
IG0002310,74996,1731,3751,1322969,6.08,0.009372858,80478,,,,unlabeled
IG0002311,198999,1845,4504,1648897,12.45,0.013645485,205348,,,,unlabeled
IG0002312,116538,3190,3813,635305,19.45,0.087674424,123541,,,,unlabeled
IG0002313,151663,8637,1956,415110,39.09,0.163089302,162256,,,,unlabeled
IG0002314,27214,863,2138,1698684,1.78,0.038382654,30215,,,,unlabeled
IG0002315,50161,9025,1943,1677929,3.64,0.031050182,61129,,,,unlabeled
IG0002316,162262,227,3196,466607,35.51,0.112300073,165685,,,,unlabeled
IG0002317,192852,6488,3655,1905467,10.65,0.000577286,202995,,,,unlabeled
IG0002318,100366,5162,1112,94781,112.51,0.750150347,106640,,,,unlabeled
IG0002319,53667,6119,2475,1770947,3.52,0.0063243,62261,,,,unlabeled
IG0002320,171661,7530,1267,19724,914.92,4.892516731,180458,,,,unlabeled
IG0002321,150997,5421,1836,1666340,9.5,0.016023141,158254,,,,unlabeled
IG0002322,162201,6677,1764,1155801,14.76,0.055632414,170642,,,,unlabeled
IG0002323,147660,6589,1177,1261881,12.32,0.052223625,155426,,,,unlabeled
IG0002324,77402,2766,4248,4396,1920.29,13.85350318,84416,,,,unlabeled
IG0002325,104422,4652,2013,229762,48.35,0.429139718,111087,,,,unlabeled
IG0002326,9634,652,1570,1335209,0.89,0.070700542,11856,,,,unlabeled
IG0002327,167334,9251,2515,1349496,13.27,0.033197579,179100,,,,unlabeled
IG0002328,149895,3551,2121,1218495,12.77,0.080180879,155567,,,,unlabeled
IG0002329,166205,925,2101,1671450,10.12,0.021897155,169231,,,,unlabeled
IG0002330,92163,5035,554,572289,17.08,0.097328448,97752,,,,unlabeled
IG0002331,187300,362,4539,1742064,11.03,0.013834165,192201,,,,unlabeled
IG0002332,75167,9088,4693,213479,41.67,0.127881431,88948,,,,unlabeled
IG0002333,30634,7068,956,741292,5.21,0.02077454,38658,,,,unlabeled
IG0002334,103400,7428,4838,1449661,7.98,0.02980007,115666,,,,unlabeled
IG0002335,29625,5333,1078,294489,12.24,0.284221142,36036,,,,unlabeled
IG0002336,50986,6113,4035,1257148,4.86,0.029670333,61134,,,,unlabeled
IG0002337,128870,4545,4731,343484,40.22,0.17962991,138146,,,,unlabeled
IG0002338,16766,1987,3169,1373861,1.6,0.020526094,21922,,,,unlabeled
IG0002339,162112,7879,2367,669423,25.75,0.146394731,172358,,,,unlabeled
IG0002340,115434,7772,4944,1753210,7.31,0.036732622,128150,,,,unlabeled
IG0002341,37502,2872,1194,1078230,3.86,0.090240487,41568,,,,unlabeled
IG0002342,85071,8237,4888,822727,11.94,0.08836467,98196,,,,unlabeled
IG0002343,36026,3788,931,1290858,3.16,0.063833512,40745,,,,unlabeled
IG0002344,116294,2125,2912,668061,18.16,0.109121772,121331,,,,unlabeled
IG0002345,11018,9006,4855,26818,92.77,2.438660601,24879,,,,unlabeled
IG0002346,109691,6311,3043,366007,32.53,0.266661567,119045,,,,unlabeled
IG0002347,114544,8791,2711,1881206,6.7,0.041888023,126046,,,,unlabeled
IG0002348,191522,2212,894,552933,35.2,0.17271532,194628,,,,unlabeled
IG0002349,34753,1306,4232,1709910,2.36,0.02777924,40291,,,,unlabeled
IG0002350,58131,5832,208,1874601,3.42,0.043635952,64171,,,,unlabeled
IG0002351,187979,6239,1437,1194169,16.38,0.011388673,195655,,,,unlabeled
IG0002352,26912,2654,1647,1091717,2.86,0.02976962,31213,,,,unlabeled
IG0002353,79468,2058,4134,116372,73.61,0.186470972,85660,,,,unlabeled
IG0002354,161037,2860,705,669056,24.6,0.059187871,164602,,,,unlabeled
IG0002355,95365,1138,4407,502362,20.09,0.136753974,100910,,,,unlabeled
IG0002356,194994,5166,3845,1995559,10.22,0.007366357,204005,,,,unlabeled
IG0002357,198104,2055,427,276047,72.66,0.181128576,200586,,,,unlabeled
IG0002358,159555,3122,879,304637,53.69,0.069591021,163556,,,,unlabeled
IG0002359,77891,5728,2048,1119299,7.65,0.040561101,85667,,,,unlabeled
IG0002360,4513,4161,1330,678894,1.47,0.03034347,10004,,,,unlabeled
IG0002361,38169,3260,3620,1769222,2.55,0.006273944,45049,,,,unlabeled
IG0002362,96802,4335,3778,971524,10.8,0.068757951,104915,,,,unlabeled
IG0002363,96818,544,3221,52427,191.85,0.932725504,100583,,,,unlabeled
IG0002364,73128,7967,4174,1927095,4.42,0.047895926,85269,,,,unlabeled
IG0002365,183421,1388,4077,1264046,14.94,0.046991961,188886,,,,unlabeled
IG0002366,63426,5274,1605,1129312,6.23,0.005578618,70305,,,,unlabeled
IG0002367,130914,1893,2134,885241,15.24,0.064615173,134941,,,,unlabeled
IG0002368,2581,212,4602,121600,6.08,0.255756579,7395,,,,unlabeled
IG0002369,71252,5421,4102,1923478,4.2,0.050637439,80775,,,,unlabeled
IG0002370,89970,1810,849,1552224,5.97,0.001352898,92629,,,,unlabeled
IG0002371,13650,4909,4510,1542824,1.5,0.039602703,23069,,,,unlabeled
IG0002372,43211,2088,4925,677990,7.41,0.005309813,50224,,,,unlabeled
IG0002373,830,5411,1238,1389726,0.54,0.022090686,7479,,,,unlabeled
IG0002374,162717,871,2463,821053,20.22,0.041410238,166051,,,,unlabeled
IG0002375,147150,9986,3190,377410,42.48,0.017487613,160326,,,,unlabeled
IG0002376,160934,1975,1161,84124,195.03,0.704911797,164070,,,,unlabeled
IG0002377,13771,559,2505,1631369,1.03,0.046096254,16835,,,,unlabeled
IG0002378,27339,4762,176,255901,12.61,0.062914955,32277,,,,unlabeled
IG0002379,79108,9955,1552,1227249,7.38,0.013118772,90615,,,,unlabeled
IG0002380,45498,9717,2659,898310,6.44,0.017588583,57874,,,,unlabeled
IG0002381,17211,6922,2772,135038,19.92,0.435432989,26905,,,,unlabeled
IG0002382,42333,6708,3367,841608,6.23,0.073549681,52408,,,,unlabeled
IG0002383,120407,908,2800,1201841,10.33,0.060240914,124115,,,,unlabeled
IG0002384,87253,6077,1321,81170,116.61,0.866083528,94651,,,,unlabeled
IG0002385,19797,3990,1354,1516062,1.66,0.026054343,25141,,,,unlabeled
IG0002386,20513,450,3917,941775,2.64,0.0926973,24880,,,,unlabeled
IG0002387,168407,122,1292,556113,30.54,0.088471228,169821,,,,unlabeled
IG0002388,139459,5940,823,767038,19.06,0.061013926,146222,,,,unlabeled
IG0002389,135798,6707,4820,1941608,7.59,0.025391325,147325,,,,unlabeled
IG0002390,133668,7741,4150,1617766,9,0.05829026,145559,,,,unlabeled
IG0002391,34006,6970,1854,851845,5.03,0.005517436,42830,,,,unlabeled
IG0002392,169929,7687,4371,559207,32.54,0.037195529,181987,,,,unlabeled
IG0002393,29273,9850,1911,385412,10.65,0.180326508,41034,,,,unlabeled
IG0002394,159657,7003,2012,801549,21.04,0.006861714,168672,,,,unlabeled
IG0002395,4986,5671,4559,1977572,0.77,0.026800541,15216,,,,unlabeled
IG0002396,82230,5749,3252,1700267,5.37,0.042522733,91231,,,,unlabeled
IG0002397,147285,3626,4598,629487,24.7,0.007625257,155509,,,,unlabeled
IG0002398,72568,1074,1022,615193,12.14,0.064695144,74664,,,,unlabeled
IG0002399,45512,7495,1684,824317,6.63,0.106391109,54691,,,,unlabeled
IG0002400,12452,5044,4828,444447,5.02,0.039149775,22324,,,,unlabeled
IG0002401,174175,2151,565,890807,19.86,0.072630772,176891,,,,unlabeled
IG0002402,179130,1872,2092,982405,18.64,0.0985337,183094,,,,unlabeled
IG0002403,72640,301,1671,889285,8.39,0.064096437,74612,,,,unlabeled
IG0002404,66732,9879,3228,980264,8.14,0.094770388,79839,,,,unlabeled
IG0002405,192628,7945,1547,1477450,13.68,0.003181157,202120,,,,unlabeled
IG0002406,164630,3655,2913,164923,103.8,0.076399289,171198,,,,unlabeled
IG0002407,20298,7099,384,316411,8.78,0.140323819,27781,,,,unlabeled
IG0002408,121112,2519,3588,57187,222.46,0.330494693,127219,,,,unlabeled
IG0002409,104438,4919,3657,1848126,6.12,0.0305174,113014,,,,unlabeled
IG0002410,124784,8450,5000,1661769,8.32,0.021182246,138234,,,,unlabeled
IG0002411,29485,3945,4009,634018,5.91,0.111037857,37439,,,,unlabeled
IG0002412,76449,1217,1358,1190837,6.64,0.062645014,79024,,,,unlabeled
IG0002413,77478,1313,357,965614,8.2,0.081916791,79148,,,,unlabeled
IG0002414,62921,2029,4672,1741413,4,0.015562075,69622,,,,unlabeled
IG0002415,13603,2167,21,1637052,0.96,0.029870768,15791,,,,unlabeled
IG0002416,109011,7127,215,951496,12.23,0.10226002,116353,,,,unlabeled
IG0002417,15170,9277,1715,314734,8.31,0.210336348,26162,,,,unlabeled
IG0002418,82722,7040,3557,34797,268.18,1.333448286,93319,,,,unlabeled
IG0002419,48713,1374,57,1270608,3.95,0.020226537,50144,,,,unlabeled
IG0002420,1372,3434,4585,1386394,0.68,0.040392558,9391,,,,unlabeled
IG0002421,29554,2,834,694926,4.37,0.093535139,30390,,,,unlabeled
IG0002422,3879,8822,2096,1879066,0.79,0.0056411,14797,,,,unlabeled
IG0002423,150692,1308,2341,887696,17.39,0.02106577,154341,,,,unlabeled
IG0002424,742,184,426,976733,0.14,0.05927925,1352,,,,unlabeled
IG0002425,18730,8719,4856,1459296,2.21,0.012745872,32305,,,,unlabeled
IG0002426,17568,5675,2527,243240,10.59,0.14717974,25770,,,,unlabeled
IG0002427,177923,160,3024,1308894,13.84,0.029261346,181107,,,,unlabeled
IG0002428,105525,6413,2204,211968,53.85,0.11888587,114142,,,,unlabeled
IG0002429,53396,1068,1189,789920,7.05,0.050384849,55653,,,,unlabeled
IG0002430,176007,8796,3393,1556737,12.09,0.057492049,188196,,,,unlabeled
IG0002431,112760,6941,3727,1323200,9.33,0.024561669,123428,,,,unlabeled
IG0002432,162486,3050,3096,728199,23.16,0.029524896,168632,,,,unlabeled
IG0002433,145645,130,2900,1418027,10.48,0.04217127,148675,,,,unlabeled
IG0002434,97355,7343,837,184379,57.24,0.373144447,105535,,,,unlabeled
IG0002435,40992,3567,476,1358029,3.32,0.028497182,45035,,,,unlabeled
IG0002436,104202,3175,4457,550762,20.31,0.07916305,111834,,,,unlabeled
IG0002437,194294,87,3704,1334468,14.84,0.014762437,198085,,,,unlabeled
IG0002438,162226,1479,2405,1785718,9.3,0.031975933,166110,,,,unlabeled
IG0002439,4388,8675,3917,1185465,1.43,0.069255524,16980,,,,unlabeled
IG0002440,160561,6210,4101,1982952,8.62,0.022037851,170872,,,,unlabeled
IG0002441,143518,1833,2560,445801,33.18,0.085464142,147911,,,,unlabeled
IG0002442,60162,7251,4156,1165179,6.14,0.045829868,71569,,,,unlabeled
IG0002443,79304,4909,669,910797,9.32,0.096289294,84882,,,,unlabeled
IG0002444,11072,7050,3366,1078943,1.99,0.08814182,21488,,,,unlabeled
IG0002445,4516,6597,4566,168957,9.28,0.316648615,15679,,,,unlabeled
IG0002446,146120,8317,4381,1255644,12.65,0.024051403,158818,,,,unlabeled
IG0002447,155573,8853,283,1347878,12.22,0.066697431,164709,,,,unlabeled
IG0002448,88251,170,2551,1507935,6.03,0.064061117,90972,,,,unlabeled
IG0002449,66895,9616,3467,951102,8.41,0.101776676,79978,,,,unlabeled
IG0002450,70721,8941,2559,776064,10.59,0.001546264,82221,,,,unlabeled
IG0002451,186168,7346,385,1022413,18.96,0.055163618,193899,,,,unlabeled
IG0002452,179199,9066,1129,1955671,9.68,0.031344741,189394,,,,unlabeled
IG0002453,50938,1245,3661,718285,7.77,0.133094802,55844,,,,unlabeled
IG0002454,179066,8461,921,1727326,10.91,0.005673509,188448,,,,unlabeled
IG0002455,97598,3300,3169,200320,51.95,0.464257188,104067,,,,unlabeled
IG0002456,54157,8968,4610,606924,11.16,0.10495548,67735,,,,unlabeled
IG0002457,22716,7146,1386,14895,209.79,5.612621685,31248,,,,unlabeled
IG0002458,159147,2242,179,247882,65.18,0.282795846,161568,,,,unlabeled
IG0002459,121388,9298,4947,458286,29.6,0.030548609,135633,,,,unlabeled
IG0002460,20797,9870,247,305425,10.12,0.242612753,30914,,,,unlabeled
IG0002461,63167,9791,52,736440,9.91,0.042637554,73010,,,,unlabeled
IG0002462,82323,8102,2193,1123050,8.25,0.077378567,92618,,,,unlabeled
IG0002463,129042,828,4860,801807,16.8,0.074706257,134730,,,,unlabeled
IG0002464,116707,7438,3721,465917,27.44,0.204113608,127866,,,,unlabeled
IG0002465,26540,4087,4797,989599,3.58,0.025869064,35424,,,,unlabeled
IG0002466,126695,8077,55,804756,16.75,0.068840742,134827,,,,unlabeled
IG0002467,83799,2880,1265,1292865,6.8,0.067679147,87944,,,,unlabeled
IG0002468,53943,1246,14,898191,6.15,0.079270445,55203,,,,unlabeled
IG0002469,196938,2826,1575,1861560,10.82,0.043673048,201339,,,,unlabeled
IG0002470,70546,3019,1216,702086,10.65,0.117506972,74781,,,,unlabeled
IG0002471,102560,4846,4749,1943253,5.77,0.0297954,112155,,,,unlabeled
IG0002472,35358,3937,3253,99189,42.9,0.821663693,42548,,,,unlabeled
IG0002473,95697,3496,216,157440,63.14,0.315675813,99409,,,,unlabeled
IG0002474,166823,4581,1624,1261138,13.72,0.072157052,173028,,,,unlabeled
IG0002475,151003,4925,4761,1869811,8.59,0.045084771,160689,,,,unlabeled
IG0002476,173578,619,2464,1519464,11.63,0.035999537,176661,,,,unlabeled
IG0002477,96301,518,1045,1217106,8.04,0.045189162,97864,,,,unlabeled
IG0002478,139816,1234,4711,1758312,8.29,0.007279709,145761,,,,unlabeled
IG0002479,80647,8014,4989,43244,216.56,1.253353066,93650,,,,unlabeled
IG0002480,28568,4544,1668,506984,6.86,0.012623673,34780,,,,unlabeled
IG0002481,138121,3553,4664,970676,15.08,0.097560875,146338,,,,unlabeled
IG0002482,49132,9164,2816,516862,11.82,0.166001757,61112,,,,unlabeled
IG0002483,126882,8775,972,1793242,7.62,0.016004533,136629,,,,unlabeled
IG0002484,94946,735,1372,1395301,6.96,0.021070722,97053,,,,unlabeled
IG0002485,52569,8574,4071,919846,7.09,0,65214,,,,unlabeled
IG0002486,135420,2313,2616,1265283,11.09,0.03651357,140349,,,,unlabeled
IG0002487,172504,4246,946,1556215,11.42,0.020691228,177696,,,,unlabeled
IG0002488,120708,3644,4267,1168922,11,0.044228785,128619,,,,unlabeled
IG0002489,16186,3988,4140,1550292,1.57,0.022124864,24314,,,,unlabeled
IG0002490,179501,4996,3420,348049,53.99,0.243931171,187917,,,,unlabeled
IG0002491,103868,8529,1041,507351,22.36,0.064255318,113438,,,,unlabeled
IG0002492,155412,215,1433,1467319,10.7,0.023444118,157060,,,,unlabeled
IG0002493,21547,2324,484,271050,8.99,0.040213983,24355,,,,unlabeled
IG0002494,134168,4323,2215,994434,14.15,0.021922018,140706,,,,unlabeled
IG0002495,129828,9344,3179,630663,22.57,0.131448967,142351,,,,unlabeled
IG0002496,27519,7977,827,425762,8.53,0.077742964,36323,,,,unlabeled
IG0002497,118864,6281,3560,1646193,7.82,0.06056398,128705,,,,unlabeled
IG0002498,93937,2725,1881,1986292,4.96,0.018124223,98543,,,,unlabeled
IG0002499,163698,7937,2667,1091564,15.97,0.085656911,174302,,,,unlabeled
IG0002500,112693,1022,70,1880569,6.05,0.030682203,113785,,,,unlabeled
IG0002501,189283,4454,4163,1708302,11.58,0.017092996,197900,,,,unlabeled
IG0002502,34835,7288,3491,1768268,2.58,0.033705298,45614,,,,unlabeled
IG0002503,121505,1930,782,431695,28.77,0.220757711,124217,,,,unlabeled
IG0002504,90483,8129,1102,944846,10.55,0.096417829,99714,,,,unlabeled
IG0002505,155696,6925,1836,1668326,9.86,0.058861398,164457,,,,unlabeled
IG0002506,33142,384,1430,1832886,1.91,0.007310875,34956,,,,unlabeled
IG0002507,16432,5423,2698,865541,2.84,0.111837567,24553,,,,unlabeled
IG0002508,14340,8824,2616,395618,6.52,0.114504396,25780,,,,unlabeled
IG0002509,39839,7977,3480,469516,10.93,0.11160429,51296,,,,unlabeled
IG0002510,173794,9167,3744,1398132,13.35,0.014447849,186705,,,,unlabeled
IG0002511,6813,6310,3777,948578,1.78,0.023298031,16900,,,,unlabeled
IG0002512,85970,5012,2115,392693,23.71,0.011459333,93097,,,,unlabeled
IG0002513,189006,4896,963,978344,19.92,0.022895832,194865,,,,unlabeled
IG0002514,40661,8195,2615,846113,6.08,0.022810192,51471,,,,unlabeled
IG0002515,67787,25,4666,688385,10.53,0.040820181,72478,,,,unlabeled
IG0002516,15986,7361,4195,1506817,1.83,0.022497755,27542,,,,unlabeled
IG0002517,72269,374,3734,1946034,3.92,0.043524419,76377,,,,unlabeled
IG0002518,95014,7904,2010,1284814,8.17,0.077209619,104928,,,,unlabeled
IG0002519,35491,8492,1157,528757,8.54,0.163780338,45140,,,,unlabeled
IG0002520,109359,2053,2532,1426162,7.99,0.046418289,113944,,,,unlabeled
IG0002521,44756,6880,3491,731155,7.54,0.022019955,55127,,,,unlabeled
IG0002522,24106,7179,304,1594139,1.98,0.007088466,31589,,,,unlabeled
IG0002523,62709,7036,3172,1860867,3.92,0.036595845,72917,,,,unlabeled
IG0002524,189416,7522,4258,375042,53.65,0.041328705,201196,,,,unlabeled
IG0002525,1485,171,4632,1646109,0.38,0.009902139,6288,,,,unlabeled
IG0002526,155164,8857,40,1994074,8.23,0.027832468,164061,,,,unlabeled
IG0002527,103539,4257,1345,991514,11.01,0.077961582,109141,,,,unlabeled
IG0002528,30224,1820,3674,102415,34.88,0.373968657,35718,,,,unlabeled
IG0002529,49567,4807,1803,532496,10.55,0.074178961,56177,,,,unlabeled
IG0002530,187313,9918,4123,612530,32.87,0.040814327,201354,,,,unlabeled
IG0002531,69957,6793,1324,239527,32.6,0.148208761,78074,,,,unlabeled
IG0002532,131833,1168,228,1130634,11.78,0.023703515,133229,,,,unlabeled
IG0002533,61904,2312,3330,1816073,3.72,0.01552801,67546,,,,unlabeled
IG0002534,53836,1139,757,507996,10.97,0.12047339,55732,,,,unlabeled
IG0002535,70530,3965,920,1968227,3.83,0.013057437,75415,,,,unlabeled
IG0002536,86093,3737,265,372642,24.18,0.045351839,90095,,,,unlabeled
IG0002537,187738,9379,3718,1591924,12.62,0.044474485,200835,,,,unlabeled
IG0002538,104463,4435,1128,841338,13.08,0.003090316,110026,,,,unlabeled
IG0002539,96343,6839,1731,524554,20,0.183775169,104913,,,,unlabeled
IG0002540,150329,9022,2087,670300,24.08,0.062807698,161438,,,,unlabeled
IG0002541,106427,9658,4681,298649,40.44,0.087058721,120766,,,,unlabeled
IG0002542,97301,8048,1877,1760081,6.09,0.024601141,107226,,,,unlabeled
IG0002543,74766,7494,3255,606320,14.1,0.026718564,85515,,,,unlabeled
IG0002544,176069,2793,3659,768423,23.75,0.028890338,182521,,,,unlabeled
IG0002545,27633,4909,549,669463,4.94,0.13324112,33091,,,,unlabeled
IG0002546,94076,1,3772,224701,43.55,0.260791007,97849,,,,unlabeled
IG0002547,88636,9750,4184,154738,66.29,0.094353035,102570,,,,unlabeled
IG0002548,119462,9527,1955,1898489,6.9,0.009691918,130944,,,,unlabeled
IG0002549,123339,4564,1633,899373,14.4,0.001223074,129536,,,,unlabeled
IG0002550,96678,9251,3166,1002268,10.88,0.02095248,109095,,,,unlabeled
IG0002551,123446,9720,3265,573125,23.8,0.001570338,136431,,,,unlabeled
IG0002552,70456,6281,655,56653,136.61,1.759836196,77392,,,,unlabeled
IG0002553,33428,5677,4680,1167507,3.75,0.054303743,43785,,,,unlabeled
IG0002554,47181,7180,4939,1093511,5.42,0.06959235,59300,,,,unlabeled
IG0002555,106251,7759,1720,1658063,6.98,0.013992231,115730,,,,unlabeled
IG0002556,108625,8512,937,1226889,9.62,0.040753483,118074,,,,unlabeled
IG0002557,160384,1827,2777,1819265,9.07,0.003462937,164988,,,,unlabeled
IG0002558,190064,9582,3186,755909,26.83,0.088370426,202832,,,,unlabeled
IG0002559,155283,7259,2231,1723225,9.56,0.003017598,164773,,,,unlabeled
IG0002560,100107,7467,4813,1308009,8.59,0.059938426,112387,,,,unlabeled
IG0002561,122717,8017,3494,1681088,7.98,0.050740949,134228,,,,unlabeled
IG0002562,152888,2885,1733,1658671,9.5,0.011696111,157506,,,,unlabeled
IG0002563,176612,8117,2748,1766598,10.61,0.055360642,187477,,,,unlabeled
IG0002564,156657,3682,2044,931062,17.44,0.03146944,162383,,,,unlabeled
IG0002565,24219,6845,177,1223846,2.55,0.008416092,31241,,,,unlabeled
IG0002566,31839,628,3958,1227324,2.97,0.012955014,36425,,,,unlabeled
IG0002567,199408,4382,2092,372925,55.21,0.104578669,205882,,,,unlabeled
IG0002568,104997,878,2293,1492086,7.25,0.045037618,108168,,,,unlabeled
IG0002569,51141,3059,4370,1509639,3.88,0.014506779,58570,,,,unlabeled
IG0002570,138377,2777,2609,1230396,11.68,0.061931281,143763,,,,unlabeled
IG0002571,29922,1151,4185,1884359,1.87,0.05216628,35258,,,,unlabeled
IG0002572,77642,5534,4317,355151,24.64,0.230606137,87493,,,,unlabeled
IG0002573,42041,3310,1791,602388,7.83,0.083999017,47142,,,,unlabeled
IG0002574,180685,9320,1275,1229301,15.56,0.060522199,191280,,,,unlabeled
IG0002575,81194,2274,3317,1946133,4.46,0.019628669,86785,,,,unlabeled
IG0002576,84219,8241,4911,1905064,5.11,0.048134866,97371,,,,unlabeled
IG0002577,8435,1160,4652,454476,3.13,0.01034158,14247,,,,unlabeled
IG0002578,102568,9099,3653,725413,15.9,0.077748813,115320,,,,unlabeled
IG0002579,29855,9322,1711,1118849,3.65,0.086964371,40888,,,,unlabeled
IG0002580,19789,3636,1237,1793912,1.37,0.007915661,24662,,,,unlabeled
IG0002581,54351,7990,3561,1423898,4.63,0.045789797,65902,,,,unlabeled
IG0002582,148335,6713,1202,142483,109.66,0.112995936,156250,,,,unlabeled
IG0002583,97228,4272,3276,1836518,5.71,0.037026591,104776,,,,unlabeled
IG0002584,62964,6303,43,1468277,4.72,0.055098595,69310,,,,unlabeled
IG0002585,175520,2201,1342,1885880,9.49,0.010976308,179063,,,,unlabeled
IG0002586,113359,5901,1591,1662366,7.27,0.034529099,120851,,,,unlabeled
IG0002587,171086,3758,4501,1655545,10.83,0.050919788,179345,,,,unlabeled
IG0002588,190796,6711,1258,1336745,14.87,0.014064014,198765,,,,unlabeled
IG0002589,159979,74,4838,912305,18.07,0.091855246,164891,,,,unlabeled
IG0002590,37456,1188,2349,1886919,2.17,0.034606679,40993,,,,unlabeled
IG0002591,43572,8490,2419,908396,6,0.013100014,54481,,,,unlabeled
IG0002592,28151,1541,3584,359100,9.27,0.214703425,33276,,,,unlabeled
IG0002593,3069,5110,2643,1395435,0.78,0.018775507,10822,,,,unlabeled
IG0002594,144395,2303,829,1068978,13.8,0.086718342,147527,,,,unlabeled
IG0002595,157422,6619,4320,1826127,9.22,0.005202267,168361,,,,unlabeled
IG0002596,119485,1855,2541,729920,16.97,0.124397194,123881,,,,unlabeled
IG0002597,69631,7598,3484,350427,23.03,0.127558664,80713,,,,unlabeled
IG0002598,56320,3976,2798,526113,11.99,0.040485599,63094,,,,unlabeled
IG0002599,93359,706,1749,320897,29.86,0.020878974,95814,,,,unlabeled
IG0002600,145373,6932,3550,1320927,11.8,0.016806379,155855,,,,unlabeled
IG0002601,179634,201,4554,546149,33.76,0.016295919,184389,,,,unlabeled
IG0002602,59067,8781,2775,766018,9.22,0.116054714,70623,,,,unlabeled
IG0002603,137236,1157,3006,52363,270.04,1.686305216,141399,,,,unlabeled
IG0002604,79640,16,3293,860390,9.64,0.072292797,82949,,,,unlabeled
IG0002605,91852,5096,2056,812483,12.19,0.069539917,99004,,,,unlabeled
IG0002606,154280,8263,2340,1709478,9.65,0.012810928,164883,,,,unlabeled
IG0002607,71008,8541,3977,1279254,6.53,0.048465746,83526,,,,unlabeled
IG0002608,61217,9936,2051,1915595,3.82,0.041710278,73204,,,,unlabeled
IG0002609,72589,347,4090,34158,225.5,2.722641841,77026,,,,unlabeled
IG0002610,125173,658,2579,246455,52.1,0.348948084,128410,,,,unlabeled
IG0002611,68002,795,1796,1229990,5.74,0.019268449,70593,,,,unlabeled
IG0002612,12099,3144,1817,245347,6.95,0.404732889,17060,,,,unlabeled
IG0002613,134541,5126,1380,730096,19.32,0.116970919,141047,,,,unlabeled
IG0002614,149557,5073,4179,727454,21.83,0.029142736,158809,,,,unlabeled
IG0002615,197028,4372,2265,634686,32.09,0.103200638,203665,,,,unlabeled
IG0002616,119401,1618,3059,571163,21.72,0.162300429,124078,,,,unlabeled
IG0002617,48125,106,982,604197,8.15,0.128269422,49213,,,,unlabeled
IG0002618,123907,160,4328,1862401,6.89,0.024591911,128395,,,,unlabeled
IG0002619,181941,2732,4392,1323093,14.29,0.010656847,189065,,,,unlabeled
IG0002620,153487,4589,1236,863147,18.46,0.078202207,159312,,,,unlabeled
IG0002621,55839,6244,4630,1801305,3.7,0.026036679,66713,,,,unlabeled
IG0002622,43297,9206,4180,944364,6,0.093819756,56683,,,,unlabeled
IG0002623,150688,7826,1313,1479884,10.8,0.012298261,159827,,,,unlabeled
IG0002624,170667,1646,2376,508053,34.38,0.049404294,174689,,,,unlabeled
IG0002625,171087,2113,2898,1525211,11.55,0.023078774,176098,,,,unlabeled
IG0002626,151511,3350,642,1233849,12.6,0.074725513,155503,,,,unlabeled
IG0002627,71908,7330,2956,319940,25.69,0.207851472,82194,,,,unlabeled
IG0002628,131082,1089,1334,1575898,8.47,0.047528457,133505,,,,unlabeled
IG0002629,143673,7263,118,1973361,7.65,0.044898019,151054,,,,unlabeled
IG0002630,136887,2179,1167,288386,48.63,0.144251108,140233,,,,unlabeled
IG0002631,127084,4290,3022,39357,341.48,0.729222248,134396,,,,unlabeled
IG0002632,179401,7826,3850,1513158,12.63,0.000793043,191077,,,,unlabeled
IG0002633,187604,8004,364,761141,25.75,0.117455242,195972,,,,unlabeled
IG0002634,134140,5103,1608,1015863,13.87,0.021164271,140851,,,,unlabeled
IG0002635,121831,1275,1124,1782993,6.97,0.049691726,124230,,,,unlabeled
IG0002636,26313,3492,1796,600450,5.26,0.133566492,31601,,,,unlabeled
IG0002637,130092,4984,3205,1472060,9.39,0.017322663,138281,,,,unlabeled
IG0002638,1610,3943,2883,436249,1.93,0.008481395,8436,,,,unlabeled
IG0002639,88461,6715,1913,1710518,5.68,0.043963291,97089,,,,unlabeled
IG0002640,95811,1169,653,1532188,6.37,0.052147648,97633,,,,unlabeled
IG0002641,194097,4415,4337,1609508,12.6,0.016216136,202849,,,,unlabeled
IG0002642,198283,2395,914,1699691,11.86,0.049891421,201592,,,,unlabeled
IG0002643,57159,5649,1535,1080263,5.96,0.069149827,64343,,,,unlabeled
IG0002644,27212,1935,2613,1484920,2.14,0.041955122,31760,,,,unlabeled
IG0002645,13363,258,3540,1349297,1.27,0.070777598,17161,,,,unlabeled
IG0002646,52469,4678,3712,1980572,3.07,0.046905641,60859,,,,unlabeled
IG0002647,138322,1331,2113,506949,27.96,0.059769326,141766,,,,unlabeled
IG0002648,131739,7697,3585,1167122,12.25,0.010367382,143021,,,,unlabeled
IG0002649,177914,540,14,3980,4484.12,18.2160804,178468,,,,unlabeled
IG0002650,141976,5735,974,1269411,11.71,0.022293804,148685,,,,unlabeled
IG0002651,65167,8908,4507,554613,14.17,0.097545496,78582,,,,unlabeled
IG0002652,172299,2189,4516,1896422,9.44,0.021356006,179004,,,,unlabeled
IG0002653,176356,1108,1112,563521,31.69,0.020407403,178576,,,,unlabeled
IG0002654,65213,3448,337,1593740,4.33,0.041537516,68998,,,,unlabeled
IG0002655,34109,5886,1953,525942,7.98,0.165607615,41948,,,,unlabeled
IG0002656,79064,4368,4003,559695,15.62,0.139361617,87435,,,,unlabeled
IG0002657,15749,6833,1565,78331,30.83,1.21152545,24147,,,,unlabeled
IG0002658,164127,7209,536,1227543,14,0.025253698,171872,,,,unlabeled
IG0002659,169525,6243,3513,235140,76.24,0.391681551,179281,,,,unlabeled
IG0002660,68399,1344,2159,796886,9.02,0.046305243,71902,,,,unlabeled
IG0002661,103215,9317,3489,225275,51.5,0.366662967,116021,,,,unlabeled
IG0002662,54391,5666,528,88843,68.19,0.279144108,60585,,,,unlabeled
IG0002663,127613,536,4847,1772253,7.5,0.051290645,132996,,,,unlabeled
IG0002664,134288,1955,2316,1043574,13.28,0.009199156,138559,,,,unlabeled
IG0002665,107312,9690,3628,146066,82.59,0.640806211,120630,,,,unlabeled
IG0002666,117781,9504,166,734870,17.34,0.067086696,127451,,,,unlabeled
IG0002667,71490,55,55,885921,8.08,0.095268088,71600,,,,unlabeled
IG0002668,179476,1255,1452,651386,27.97,0.004605564,182183,,,,unlabeled
IG0002669,15775,5686,289,1089705,2,0.073781436,21750,,,,unlabeled
IG0002670,87169,6909,3226,836692,11.63,0.059759147,97304,,,,unlabeled
IG0002671,195126,723,466,1915030,10.25,0.048563208,196315,,,,unlabeled
IG0002672,109369,8162,2665,1591125,7.55,0.040474507,120196,,,,unlabeled
IG0002673,167949,3630,1410,688995,25.11,0.115966008,172989,,,,unlabeled
IG0002674,145193,4888,2285,456791,33.36,0.169661837,152366,,,,unlabeled
IG0002675,47427,9262,4236,1927592,3.16,0.00461716,60925,,,,unlabeled
IG0002676,44378,4280,4228,776225,6.81,0.089407066,52886,,,,unlabeled
IG0002677,56924,6249,777,346337,18.46,0.263327337,63950,,,,unlabeled
IG0002678,36849,7276,4732,194781,25.08,0.022076075,48857,,,,unlabeled
IG0002679,95537,94,1640,1951505,4.98,0.020548244,97271,,,,unlabeled
IG0002680,194779,2284,4565,805044,25.05,0.060617805,201628,,,,unlabeled
IG0002681,85915,4442,4561,1361238,6.97,0.065528585,94918,,,,unlabeled
IG0002682,58869,2053,4344,1583307,4.12,0.004989557,65266,,,,unlabeled
IG0002683,126109,1709,937,1338710,9.62,0.02136385,128755,,,,unlabeled
IG0002684,79727,971,881,1351535,6.04,0.023232843,81579,,,,unlabeled
IG0002685,104376,3218,3971,903405,12.35,0.043391391,111565,,,,unlabeled
IG0002686,31554,2981,2782,492867,7.57,0.122751168,37317,,,,unlabeled
IG0002687,50325,221,1654,161196,32.38,0.495669868,52200,,,,unlabeled
IG0002688,156581,4429,3706,1113664,14.79,0.036456238,164716,,,,unlabeled
IG0002689,84236,9161,4381,1789003,5.47,0.014756823,97778,,,,unlabeled
IG0002690,93154,3436,2482,1280866,7.73,0.048248607,99072,,,,unlabeled
IG0002691,58615,8800,2897,181914,38.65,0.404037072,70312,,,,unlabeled
IG0002692,140595,4301,3162,501239,29.54,0.028928316,148058,,,,unlabeled
IG0002693,168525,1324,4576,1868054,9.34,0.044003011,174425,,,,unlabeled
IG0002694,194061,6110,1784,95863,210.67,0.084495582,201955,,,,unlabeled
IG0002695,32060,9279,2653,33407,131.68,0.484928308,43992,,,,unlabeled
IG0002696,42459,7762,4124,1212003,4.48,0.06757409,54345,,,,unlabeled
IG0002697,63156,585,4460,1878852,3.63,0.023684676,68201,,,,unlabeled
IG0002698,105996,7982,689,865711,13.25,0.054175123,114667,,,,unlabeled
IG0002699,176991,8895,3176,401326,47.11,0.12060021,189062,,,,unlabeled
IG0002700,11566,4950,3716,947117,2.14,0.009608105,20232,,,,unlabeled
IG0002701,104386,3859,1787,1138237,9.67,0.001932814,110032,,,,unlabeled
IG0002702,29774,2762,2189,1359320,2.55,0.042668393,34725,,,,unlabeled
IG0002703,2842,9622,2403,783114,1.9,0.100240833,14867,,,,unlabeled
IG0002704,98616,6721,3268,428587,25.34,0.093329942,108605,,,,unlabeled
IG0002705,111048,2234,4329,847266,13.88,0.02065467,117611,,,,unlabeled
IG0002706,90776,1190,3526,1679661,5.69,0.041556004,95492,,,,unlabeled
IG0002707,153704,2613,30,8892,1758.29,10.51506973,156347,,,,unlabeled
IG0002708,175675,8878,3235,1801268,10.43,0.043524895,187788,,,,unlabeled
IG0002709,18677,9713,4190,985124,3.31,0.057759226,32580,,,,unlabeled
IG0002710,172476,4649,2231,1729225,10.37,0.02029811,179356,,,,unlabeled
IG0002711,71241,1534,666,1790563,4.1,0.01256588,73441,,,,unlabeled
IG0002712,10853,5889,567,1139958,1.52,0.005087907,17309,,,,unlabeled
IG0002713,84368,1014,1497,1852072,4.69,0.049080165,86879,,,,unlabeled
IG0002714,54898,3487,4612,1682189,3.74,0.01890394,62997,,,,unlabeled
IG0002715,15599,4795,805,1225698,1.73,0.026189159,21199,,,,unlabeled
IG0002716,12073,6594,1978,401272,5.14,0.190145338,20645,,,,unlabeled
IG0002717,72905,953,2513,101773,75.04,0.590529905,76371,,,,unlabeled
IG0002718,98753,7,2384,874368,11.57,0.07422504,101144,,,,unlabeled
IG0002719,182411,98,1595,770445,23.9,0.046856038,184104,,,,unlabeled
IG0002720,56215,513,828,1720424,3.35,0.018890692,57556,,,,unlabeled
IG0002721,115583,2172,2779,1049264,11.49,0.073384773,120534,,,,unlabeled
IG0002722,110923,5371,144,61983,187.85,1.334236807,116438,,,,unlabeled
IG0002723,158457,8833,1924,1691599,10,0.006029798,169214,,,,unlabeled
IG0002724,185327,1845,2654,270463,70.19,0.294679864,189826,,,,unlabeled
IG0002725,40865,5722,1958,1088806,4.46,0.068882795,48545,,,,unlabeled
IG0002726,109053,2116,1744,1653340,6.83,0.001088705,112913,,,,unlabeled
IG0002727,183957,8769,4978,450641,43.87,0.17086772,197704,,,,unlabeled
IG0002728,124197,7875,4303,467219,29.19,0.121356366,136375,,,,unlabeled
IG0002729,32200,6677,3298,577219,7.31,0.04105894,42175,,,,unlabeled
IG0002730,196550,1340,3170,1304456,15.41,0.034573799,201060,,,,unlabeled
IG0002731,31400,8657,2482,395253,10.76,0.082225815,42539,,,,unlabeled
IG0002732,3330,4358,623,1656361,0.5,0.055301954,8311,,,,unlabeled
IG0002733,187165,5793,2138,1178555,16.55,0.01272745,195096,,,,unlabeled
IG0002734,189482,7102,780,689736,28.61,0.106272545,197364,,,,unlabeled
IG0002735,111670,712,2761,1202366,9.58,0.000831694,115143,,,,unlabeled
IG0002736,126920,3676,633,1420086,9.24,0.020421298,131229,,,,unlabeled
IG0002737,185936,4063,2392,328964,58.48,0.149256454,192391,,,,unlabeled
IG0002738,194623,7328,1270,1524005,13.33,0.040879131,203221,,,,unlabeled
IG0002739,144158,1476,3442,1899597,7.85,0.008580767,149076,,,,unlabeled
IG0002740,14605,3747,2340,1033760,2,0.016928494,20692,,,,unlabeled
IG0002741,148624,5492,1573,1222636,12.73,0.072302795,155689,,,,unlabeled
IG0002742,58521,634,3229,887180,7.03,0.090511508,62384,,,,unlabeled
IG0002743,77720,3739,220,373854,21.85,0.261599448,81679,,,,unlabeled
IG0002744,163496,4652,749,1691329,9.99,0.056346222,168897,,,,unlabeled
IG0002745,44691,1707,517,1878626,2.5,0.045831368,46915,,,,unlabeled
IG0002746,113231,169,3621,878945,13.31,0.004778456,117021,,,,unlabeled
IG0002747,105476,8168,1870,492328,23.46,0.184836126,115514,,,,unlabeled
IG0002748,119693,7101,2626,468618,27.62,0.121847646,129420,,,,unlabeled
IG0002749,137878,470,278,429436,32.28,0.114103149,138626,,,,unlabeled
IG0002750,31169,6399,2994,135898,29.85,0.316413781,40562,,,,unlabeled
IG0002751,132474,250,4225,191963,71.34,0.173991863,136949,,,,unlabeled
IG0002752,80146,7987,2128,1254650,7.19,0.078029729,90261,,,,unlabeled
IG0002753,45133,8429,1842,41449,133.67,2.01934908,55404,,,,unlabeled
IG0002754,192888,5644,453,1573726,12.64,0.001906304,198985,,,,unlabeled
IG0002755,59430,4798,357,1988543,3.25,0.028261898,64585,,,,unlabeled
IG0002756,134788,1345,4767,1845279,7.64,0.042053261,140900,,,,unlabeled
IG0002757,161786,1814,2943,1985263,8.39,0.006850478,166543,,,,unlabeled
IG0002758,175090,7504,3421,313713,59.29,0.005418966,186015,,,,unlabeled
IG0002759,10367,4009,3157,538448,3.26,0.046986896,17533,,,,unlabeled
IG0002760,180063,4698,1374,914384,20.36,0.095146022,186135,,,,unlabeled
IG0002761,197174,6316,1778,1949371,10.53,0.001282465,205268,,,,unlabeled
IG0002762,31398,5139,1150,1884760,2,0.048228952,37687,,,,unlabeled
IG0002763,185180,5017,356,105269,181.02,0.365729702,190553,,,,unlabeled
IG0002764,196163,7481,3272,1595108,12.97,0.021315171,206916,,,,unlabeled
IG0002765,28491,6438,3983,1032945,3.77,0.014521586,38912,,,,unlabeled
IG0002766,18093,914,2524,1293959,1.66,0.045441934,21531,,,,unlabeled
IG0002767,116015,9581,1374,1058663,11.99,0.070088404,126970,,,,unlabeled
IG0002768,102483,4263,253,208853,51.23,0.047880567,106999,,,,unlabeled
IG0002769,133167,9715,511,1852437,7.74,0.024940119,143393,,,,unlabeled
IG0002770,6422,668,4911,1418991,0.85,0.001409452,12001,,,,unlabeled
IG0002771,102676,8170,1737,814343,13.83,0.066188326,112583,,,,unlabeled
IG0002772,192654,5781,3365,1528188,13.21,0.06079095,201800,,,,unlabeled
IG0002773,75626,4250,3255,500077,16.62,0.13337946,83131,,,,unlabeled
IG0002774,133722,8722,631,215789,66.3,0.105658769,143075,,,,unlabeled
IG0002775,9980,7892,4653,1495061,1.51,0.032774582,22525,,,,unlabeled
IG0002776,96117,8132,4260,684498,15.85,0.044996479,108509,,,,unlabeled
IG0002777,75427,8424,4397,1863933,4.73,0.031760798,88248,,,,unlabeled
IG0002778,54296,5352,4131,19411,328.57,3.194065221,63779,,,,unlabeled
IG0002779,190728,3252,1654,1196885,16.35,0.002422956,195634,,,,unlabeled
IG0002780,177557,3404,3971,1777106,10.41,0.039389884,184932,,,,unlabeled
IG0002781,54335,373,867,1885260,2.95,0.003076499,55575,,,,unlabeled
IG0002782,151125,8673,628,1590374,10.09,0.047158719,160426,,,,unlabeled
IG0002783,13484,6810,1425,1868008,1.16,0.001552456,21719,,,,unlabeled
IG0002784,116174,1162,294,37498,313.7,1.349405302,117630,,,,unlabeled
IG0002785,98810,2998,3599,1073896,9.82,0.035850771,105407,,,,unlabeled
IG0002786,178066,9988,491,1356002,13.9,0.004719757,188545,,,,unlabeled
IG0002787,115126,7231,4890,7991,1592.38,1.426604931,127247,,,,unlabeled
IG0002788,68758,5552,4412,583237,13.5,0.013716551,78722,,,,unlabeled
IG0002789,61056,3183,4320,1006180,6.81,0.092925719,68559,,,,unlabeled
IG0002790,37520,4592,4333,1749583,2.65,0.03503692,46445,,,,unlabeled
IG0002791,162171,190,2598,1362892,12.1,0.065008819,164959,,,,unlabeled
IG0002792,58321,1797,233,918151,6.57,0.020258106,60351,,,,unlabeled
IG0002793,132006,3955,1774,1825095,7.55,0.037203543,137735,,,,unlabeled
IG0002794,99484,9850,688,220293,49.94,0.035407389,110022,,,,unlabeled
IG0002795,57638,6271,3960,1078954,6.29,0.068770309,67869,,,,unlabeled
IG0002796,26177,3683,2641,153259,21.21,0.439778414,32501,,,,unlabeled
IG0002797,169469,9763,957,892831,20.18,0.016128472,180189,,,,unlabeled
IG0002798,59737,3801,536,643327,9.96,0.057979845,64074,,,,unlabeled
IG0002799,44809,7497,2204,1674296,3.26,0.028907672,54510,,,,unlabeled
IG0002800,120965,7797,3007,1860330,7.08,0.034294991,131769,,,,unlabeled
IG0002801,138888,9962,353,1477072,10.1,0.003114269,149203,,,,unlabeled
IG0002802,72072,7995,2973,408876,20.31,0.139406568,83040,,,,unlabeled
IG0002803,701,9643,3487,788923,1.75,0.0685745,13831,,,,unlabeled
IG0002804,57989,1326,2907,1154699,5.39,0.02511477,62222,,,,unlabeled
IG0002805,133848,1029,552,1657346,8.17,0.022264512,135429,,,,unlabeled
IG0002806,81726,8916,632,1069856,8.53,0.050287141,91274,,,,unlabeled
IG0002807,183885,1340,2292,1153310,16.26,0.036243508,187517,,,,unlabeled
IG0002808,195955,1190,1188,830699,23.88,0.018538604,198333,,,,unlabeled
IG0002809,192417,4565,575,817825,24.16,0.006358328,197557,,,,unlabeled
IG0002810,87304,7473,2300,1125540,8.62,0.070810455,97077,,,,unlabeled
IG0002811,72385,2647,202,1143408,6.58,0.083434784,75234,,,,unlabeled
IG0002812,12734,2000,1873,851420,1.95,0.00833901,16607,,,,unlabeled
IG0002813,151288,4982,2629,1724849,9.21,0.053164074,158899,,,,unlabeled
IG0002814,7890,2455,2343,94160,13.47,0.59473237,12688,,,,unlabeled
IG0002815,52496,1830,2797,1160369,4.92,0.047398715,57123,,,,unlabeled
IG0002816,153623,698,1004,1321924,11.75,0.069444234,155325,,,,unlabeled
IG0002817,93083,5947,2771,732355,13.9,0.134361068,101801,,,,unlabeled
IG0002818,157562,1786,1205,695972,23.07,0.002729995,160553,,,,unlabeled
IG0002819,177288,3463,4700,1968576,9.42,0.025551465,185451,,,,unlabeled
IG0002820,3999,6590,4325,683363,2.18,0.02604765,14914,,,,unlabeled
IG0002821,84484,7312,812,1884265,4.91,0.049356115,92608,,,,unlabeled
IG0002822,6351,2248,4144,900615,1.41,0.043192707,12743,,,,unlabeled
IG0002823,11614,6607,3998,29696,74.82,0.218884698,22219,,,,unlabeled
IG0002824,132708,9584,4875,1789002,8.23,0.002571266,147167,,,,unlabeled
IG0002825,165184,3830,225,780169,21.69,0.06883124,169239,,,,unlabeled
IG0002826,22572,4203,1004,544179,5.1,0.047043344,27779,,,,unlabeled
IG0002827,30427,6135,2227,1066944,3.64,0.009841191,38789,,,,unlabeled
IG0002828,13968,111,3859,1941973,0.92,0.021730477,17938,,,,unlabeled
IG0002829,68675,6249,4718,329834,24.15,0.013340044,79642,,,,unlabeled
IG0002830,64133,9875,2032,1646370,4.62,0.02332404,76040,,,,unlabeled
IG0002831,154414,8666,1391,1747472,9.41,0.039600062,164471,,,,unlabeled
IG0002832,30376,6322,324,68271,54.23,0.867132457,37022,,,,unlabeled
IG0002833,52061,3830,4630,1416514,4.27,0.00967163,60521,,,,unlabeled
IG0002834,157932,602,3805,1627135,9.98,0.023046643,162339,,,,unlabeled
IG0002835,123122,3246,2340,1818664,7.08,0.045967809,128708,,,,unlabeled
IG0002836,146420,6315,943,908958,16.91,0.051267495,153678,,,,unlabeled
IG0002837,2150,9576,379,1277832,0.95,0.043980742,12105,,,,unlabeled
IG0002838,202,4244,3227,733017,1.05,0.133011922,7673,,,,unlabeled
IG0002839,43105,2602,4994,1447727,3.5,0.045726853,50701,,,,unlabeled
IG0002840,6498,4403,852,1216989,0.97,0.0687763,11753,,,,unlabeled
IG0002841,68537,1375,1641,1259749,5.68,0.034530688,71553,,,,unlabeled
IG0002842,82487,3048,4495,1166535,7.72,0.043547772,90030,,,,unlabeled
IG0002843,83312,8293,2291,1431132,6.56,0.016979566,93896,,,,unlabeled
IG0002844,92138,251,4197,654901,14.75,0.128721746,96586,,,,unlabeled
IG0002845,59133,7605,2385,1327458,5.21,0.012580436,69123,,,,unlabeled
IG0002846,108022,6041,1410,338449,34.12,0.202689327,115473,,,,unlabeled
IG0002847,21505,7000,1047,57596,51.31,1.401138968,29552,,,,unlabeled
IG0002848,35837,5124,4839,856806,5.35,0.004084939,45800,,,,unlabeled
IG0002849,65413,741,4025,668238,10.5,0.068538455,70179,,,,unlabeled
IG0002850,123059,4898,495,1244494,10.32,0.042828652,128452,,,,unlabeled
IG0002851,179924,3544,4863,1345693,14,0.055510432,188331,,,,unlabeled
IG0002852,21738,8874,1096,1927183,1.65,0.051266538,31708,,,,unlabeled
IG0002853,35286,1258,4368,1262501,3.24,0.068118758,40912,,,,unlabeled
IG0002854,28773,9972,4887,326077,13.38,0.088322697,43632,,,,unlabeled
IG0002855,32118,5743,1448,459688,8.55,0.148143959,39309,,,,unlabeled
IG0002856,138305,7151,2363,1942685,7.61,0.049879419,147819,,,,unlabeled
IG0002857,57712,6944,3223,48207,140.81,1.118094882,67879,,,,unlabeled
IG0002858,196738,3730,1759,732958,27.59,0.129611792,202227,,,,unlabeled
IG0002859,116236,5046,496,614938,19.8,0.117735447,121778,,,,unlabeled
IG0002860,100197,7272,4567,86578,129.4,0.965603271,112036,,,,unlabeled
IG0002861,67263,7230,2794,1518278,5.09,0.025028354,77287,,,,unlabeled
IG0002862,85494,267,3497,1616776,5.52,0.026905397,89258,,,,unlabeled
IG0002863,142778,3615,4327,1535497,9.82,0.051058387,150720,,,,unlabeled
IG0002864,138441,7596,4530,832243,18.09,0.11559124,150567,,,,unlabeled
IG0002865,11707,9820,1682,1089997,2.13,0.009908284,23209,,,,unlabeled
IG0002866,66855,8743,3759,299836,26.47,0.025680705,79357,,,,unlabeled
IG0002867,128719,7517,1506,894321,15.4,0.012747101,137742,,,,unlabeled
IG0002868,51238,5933,1231,1461928,3.99,0.01867397,58402,,,,unlabeled
IG0002869,55599,6218,4624,1416503,4.69,0.036639527,66441,,,,unlabeled
IG0002870,31998,1933,1241,1675864,2.1,0.039263329,35172,,,,unlabeled
IG0002871,37871,8491,4,1353496,3.43,0.020022224,46366,,,,unlabeled
IG0002872,143133,8578,3543,1097335,14.15,0.052581937,155254,,,,unlabeled
IG0002873,18546,4574,3372,1399106,1.89,0.037595436,26492,,,,unlabeled
IG0002874,72832,8121,1884,1316990,6.29,0.04950683,82837,,,,unlabeled
IG0002875,86208,369,3327,781736,11.5,0.050272726,89904,,,,unlabeled
IG0002876,25190,9931,1167,232541,15.6,0.068375039,36288,,,,unlabeled
IG0002877,185598,4836,2802,103183,187.28,0.21999748,193236,,,,unlabeled
IG0002878,59852,1309,1305,892232,7,0.078567009,62466,,,,unlabeled
IG0002879,112736,6860,3489,1916085,6.42,0.009498535,123085,,,,unlabeled
IG0002880,11268,2935,4665,1952138,0.97,0.019004804,18868,,,,unlabeled
IG0002881,123337,5873,2393,1074430,12.25,0.080042441,131603,,,,unlabeled
IG0002882,23218,886,3764,686070,4.06,0.024487297,27868,,,,unlabeled
IG0002883,4890,2292,2984,1965296,0.52,0.037907776,10166,,,,unlabeled
IG0002884,111994,1882,1223,1272993,9.04,0.007698393,115099,,,,unlabeled
IG0002885,178480,8782,4118,1433676,13.35,0.053429087,191380,,,,unlabeled
IG0002886,79324,8696,1112,559065,15.94,0.104638995,89132,,,,unlabeled
IG0002887,149163,7232,1238,133694,117.91,0.676170958,157633,,,,unlabeled
IG0002888,1129,9855,484,1605051,0.71,0.017818748,11468,,,,unlabeled
IG0002889,79417,281,4013,1531737,5.47,0.007050819,83711,,,,unlabeled
IG0002890,26586,2809,733,1276994,2.36,0.016053325,30128,,,,unlabeled
IG0002891,10113,2120,1044,46990,28.25,1.596084273,13277,,,,unlabeled
IG0002892,198971,4771,992,1564448,13.09,0.040014114,204734,,,,unlabeled
IG0002893,10308,5352,2304,624106,2.88,0.065854198,17964,,,,unlabeled
IG0002894,128831,8335,3585,1183853,11.89,0.040545574,140751,,,,unlabeled
IG0002895,183139,9678,2837,685908,28.52,0.135586697,195654,,,,unlabeled
IG0002896,39259,5632,1586,678425,6.85,0.019751631,46477,,,,unlabeled
IG0002897,88477,2531,4980,1396831,6.87,0.034005545,95988,,,,unlabeled
IG0002898,186424,1967,91,842139,22.38,0.044766957,188482,,,,unlabeled
IG0002899,184911,8537,315,713313,27.16,0.032804673,193763,,,,unlabeled
IG0002900,78423,7153,3176,347309,25.55,0.225735584,88752,,,,unlabeled
IG0002901,113893,5195,1133,508040,23.66,0.182269113,120221,,,,unlabeled
IG0002902,77220,4228,1604,1921286,4.32,0.034299943,83052,,,,unlabeled
IG0002903,104,956,3841,461393,1.06,0.083009495,4901,,,,unlabeled
IG0002904,69236,8266,3225,520634,15.51,0.161341749,80727,,,,unlabeled
IG0002905,112053,6090,4350,1648836,7.43,0.022925264,122493,,,,unlabeled
IG0002906,39953,8216,2713,57418,88.62,1.32885158,50882,,,,unlabeled
IG0002907,10335,6879,4985,84067,26.41,0.279538939,22199,,,,unlabeled
IG0002908,194923,8614,641,1768408,11.55,0.021262062,204178,,,,unlabeled
IG0002909,46516,5916,4877,1373574,4.17,0.013759725,57309,,,,unlabeled
IG0002910,193248,2723,3672,1969732,10.14,0.045691495,199643,,,,unlabeled
IG0002911,128311,3651,2475,1773212,7.58,0.016580082,134437,,,,unlabeled
IG0002912,196225,4276,3505,1428160,14.28,0.053845508,204006,,,,unlabeled
IG0002913,47075,1770,4802,1805278,2.97,0.018279733,53647,,,,unlabeled
IG0002914,1944,2180,2553,466574,1.43,0.128811293,6677,,,,unlabeled
IG0002915,159556,5,4403,1082414,15.15,0.058295624,163964,,,,unlabeled
IG0002916,27853,6618,3239,949899,3.97,0.005474266,37710,,,,unlabeled
IG0002917,179497,5376,1015,656291,28.32,0.028341086,185888,,,,unlabeled
IG0002918,103403,2352,3635,936517,11.68,0.014308336,109390,,,,unlabeled
IG0002919,64330,3431,4764,549635,13.2,0.174115549,72525,,,,unlabeled
IG0002920,23608,4224,4217,798628,4.01,0.000375644,32049,,,,unlabeled
IG0002921,193408,2390,3511,1682767,11.84,0.019610558,199309,,,,unlabeled
IG0002922,95468,3319,3281,960778,10.62,0.086492405,102068,,,,unlabeled
IG0002923,161021,614,4212,668668,24.8,0.105134387,165847,,,,unlabeled
IG0002924,60331,4463,791,1021508,6.42,0.001566312,65585,,,,unlabeled
IG0002925,177160,8655,287,298973,62.25,0.312402792,186102,,,,unlabeled
IG0002926,76866,3733,2941,932719,8.96,0.00343083,83540,,,,unlabeled
IG0002927,186619,9143,1691,1181459,16.71,0.008633393,197453,,,,unlabeled
IG0002928,15518,3579,4258,29798,78.38,2.32901537,23355,,,,unlabeled
IG0002929,75302,593,3941,1274352,6.26,0.053674338,79836,,,,unlabeled
IG0002930,128259,575,374,1780174,7.26,0.045276473,129208,,,,unlabeled
IG0002931,117653,3415,3575,1652537,7.54,0.049983752,124643,,,,unlabeled
IG0002932,133341,1822,1039,1853585,7.35,0.037764656,136202,,,,unlabeled
IG0002933,14976,8097,4683,527548,5.26,0.021040739,27756,,,,unlabeled
IG0002934,90021,8456,4368,1171899,8.78,0.068435932,102845,,,,unlabeled
IG0002935,61217,5749,439,1466618,4.6,0.019227911,67405,,,,unlabeled
IG0002936,1473,9489,2837,1529657,0.9,0.030137475,13799,,,,unlabeled
IG0002937,105191,8171,2598,73498,157.77,0.311573104,115960,,,,unlabeled
IG0002938,99504,4979,176,1668763,6.27,0.02486872,104659,,,,unlabeled
IG0002939,150829,8737,4922,1278511,12.87,0.002033616,164488,,,,unlabeled
IG0002940,103372,6221,392,109981,100,0.054554878,109985,,,,unlabeled
IG0002941,12023,3827,2859,513969,3.64,0.162072032,18709,,,,unlabeled
IG0002942,49842,3242,361,1023180,5.22,0.036259505,53445,,,,unlabeled
IG0002943,117274,8868,440,496163,25.51,0.057037707,126582,,,,unlabeled
IG0002944,144234,5574,418,1697142,8.85,0.033291263,150226,,,,unlabeled
IG0002945,13555,6386,3889,1292425,1.84,0.034121903,23830,,,,unlabeled
IG0002946,72473,8867,911,641765,12.82,0.018230972,82251,,,,unlabeled
IG0002947,18938,6031,2078,1130341,2.39,0.06387453,27047,,,,unlabeled
IG0002948,37120,6563,4379,666297,7.21,0.114063248,48062,,,,unlabeled
IG0002949,72737,5386,4633,881987,9.38,0.062245815,82756,,,,unlabeled
IG0002950,124574,193,3660,903304,14.22,0.045721042,128427,,,,unlabeled
IG0002951,84907,1584,2529,1949294,4.57,0.024111294,89020,,,,unlabeled
IG0002952,76903,4720,3327,200892,42.29,0.118471617,84950,,,,unlabeled
IG0002953,132665,8675,4754,155556,93.92,0.046285582,146094,,,,unlabeled
IG0002954,80879,665,2784,1990778,4.24,0.038477419,84328,,,,unlabeled
IG0002955,21072,6656,4885,206714,15.78,0.219627118,32613,,,,unlabeled
IG0002956,63539,3477,1285,343429,19.89,0.265557073,68301,,,,unlabeled
IG0002957,77977,6922,1165,1321985,6.51,0.025643256,86064,,,,unlabeled
IG0002958,36332,6078,1021,1739941,2.5,0.057013427,43431,,,,unlabeled
IG0002959,99547,4148,1708,680472,15.49,0.070980143,105403,,,,unlabeled
IG0002960,125405,3607,3766,1450797,9.15,0.007168474,132778,,,,unlabeled
IG0002961,151219,7706,3641,1846389,8.8,0.007203249,162566,,,,unlabeled
IG0002962,195435,8049,1076,669628,30.55,0.085569899,204560,,,,unlabeled
IG0002963,19618,880,4188,1080486,2.28,0.043036189,24686,,,,unlabeled
IG0002964,40550,9714,2938,502307,10.59,0.048774952,53202,,,,unlabeled
IG0002965,62348,8257,1433,291864,24.68,0.29431516,72038,,,,unlabeled
IG0002966,121910,9848,2319,586554,22.86,0.033756483,134077,,,,unlabeled
IG0002967,187814,9878,1150,1452109,13.69,0.04386723,198842,,,,unlabeled
IG0002968,175042,3038,2361,1598875,11.29,0.000250176,180441,,,,unlabeled
IG0002969,79097,8754,1139,1555338,5.72,0.021667316,88990,,,,unlabeled
IG0002970,35178,4415,1456,1802876,2.28,0.005879495,41049,,,,unlabeled
IG0002971,117717,6187,4822,785476,16.39,0.06951199,128726,,,,unlabeled
IG0002972,164950,120,3998,1564217,10.81,0.037846411,169068,,,,unlabeled
IG0002973,153360,7775,2776,458256,35.77,0.054772878,163911,,,,unlabeled
IG0002974,14677,4727,3503,1773292,1.29,0.005639229,22907,,,,unlabeled
IG0002975,54426,5686,423,1987851,3.05,0.031642211,60535,,,,unlabeled
IG0002976,185546,3534,1641,1172293,16.27,0.018851942,190721,,,,unlabeled
IG0002977,78890,3518,3425,310160,27.67,0.179262316,85833,,,,unlabeled
IG0002978,197524,1681,3734,1367053,14.84,0.005047354,202939,,,,unlabeled
IG0002979,57904,715,223,802344,7.33,0.086247295,58842,,,,unlabeled
IG0002980,17961,5732,704,250939,9.72,0.162589315,24397,,,,unlabeled
IG0002981,178974,9597,3611,1902729,10.1,0.022967012,192182,,,,unlabeled
IG0002982,84470,620,3116,1798432,4.9,0.054102685,88206,,,,unlabeled
IG0002983,159308,7447,196,1470257,11.36,0.008910007,166951,,,,unlabeled
IG0002984,81930,8911,3723,1353337,6.99,0.072191923,94564,,,,unlabeled
IG0002985,190286,3622,4029,1759204,11.25,0.002444287,197937,,,,unlabeled
IG0002986,99061,8336,4250,899720,12.41,0.015449251,111647,,,,unlabeled
IG0002987,40554,3313,1368,1203191,3.76,0.025349259,45235,,,,unlabeled
IG0002988,199881,5876,1166,833147,24.84,0.082458438,206923,,,,unlabeled
IG0002989,82364,2697,308,1601156,5.33,0.033288449,85369,,,,unlabeled
IG0002990,86231,2998,16,1776450,5.02,0.036814996,89245,,,,unlabeled
IG0002991,19977,2683,475,428436,5.4,0.038745577,23135,,,,unlabeled
IG0002992,114483,5367,2356,1733968,7.05,0.036217508,122206,,,,unlabeled
IG0002993,56157,6495,1287,1687350,3.79,0.038462678,63939,,,,unlabeled
IG0002994,180446,4568,510,248920,74.53,0.013659007,185524,,,,unlabeled
IG0002995,80690,7664,3588,33350,275.69,0.27886057,91942,,,,unlabeled
IG0002996,153220,5117,2937,1716761,9.39,0.034250545,161274,,,,unlabeled
IG0002997,50215,3646,737,515175,10.6,0.107730383,54598,,,,unlabeled
IG0002998,32079,8817,196,1464323,2.81,0.039540457,41092,,,,unlabeled
IG0002999,41875,9281,1017,1812913,2.88,0.027800562,52173,,,,unlabeled
IG0003000,13986,149,4795,1645780,1.15,0.020172806,18930,,,,unlabeled
IG0003001,173748,9829,824,1943478,9.49,0.026344523,184401,,,,unlabeled
IG0003002,100286,6616,1313,937837,11.54,0.00447839,108215,,,,unlabeled
IG0003003,129985,574,4443,1640890,8.23,0.037967201,135002,,,,unlabeled
IG0003004,181442,686,2536,492429,37.5,0.197795012,184664,,,,unlabeled
IG0003005,51770,7412,69,213123,27.8,0.230383394,59251,,,,unlabeled
IG0003006,145971,667,4457,424506,35.59,0.174320269,151095,,,,unlabeled
IG0003007,116390,2345,1485,719896,16.7,0.13279696,120220,,,,unlabeled
IG0003008,183606,1394,337,1821165,10.18,0.028772791,185337,,,,unlabeled
IG0003009,58791,325,4559,1406416,4.53,0.069182944,63675,,,,unlabeled
IG0003010,22360,9008,2208,1906898,1.76,0.017515357,33576,,,,unlabeled
IG0003011,117015,1697,2941,1930558,6.3,0.000414388,121653,,,,unlabeled
IG0003012,128814,1851,4703,495507,27.32,0.078101823,135368,,,,unlabeled
IG0003013,24157,7347,783,3613,893.63,26.93052865,32287,,,,unlabeled
IG0003014,86254,8728,4386,1140753,8.71,0.078895256,99368,,,,unlabeled
IG0003015,65566,3744,2982,191112,37.83,0.274708025,72292,,,,unlabeled
IG0003016,141076,3053,233,1294454,11.15,0.051064001,144362,,,,unlabeled
IG0003017,27574,6580,875,1602028,2.19,0.023282989,35029,,,,unlabeled
IG0003018,135099,5239,2802,1680197,8.52,0.004344729,143140,,,,unlabeled
IG0003019,153103,9778,4591,1227812,13.64,0.042758989,167472,,,,unlabeled
IG0003020,140983,3893,2482,440672,33.44,0.195610341,147358,,,,unlabeled
IG0003021,37669,3209,3501,1361835,3.26,0.062562645,44379,,,,unlabeled
IG0003022,51161,3579,1600,982356,5.74,0.043975911,56340,,,,unlabeled
IG0003023,19874,4777,4550,1269735,2.3,0.020240444,29201,,,,unlabeled
IG0003024,47777,6091,249,1628032,3.32,0.005221028,54117,,,,unlabeled
IG0003025,52650,6241,4591,361568,17.56,0.107033808,63482,,,,unlabeled
IG0003026,93765,2404,3628,293966,33.95,0.337453991,99797,,,,unlabeled
IG0003027,64685,8623,783,1575070,4.7,0.000761871,74091,,,,unlabeled
IG0003028,72134,2408,4296,344433,22.89,0.189586944,78838,,,,unlabeled
IG0003029,73285,858,4658,1893218,4.16,0.043154037,78801,,,,unlabeled
IG0003030,85539,3683,494,1872685,4.79,0.01302942,89716,,,,unlabeled
IG0003031,72391,4057,1923,1298981,6.03,0.010315778,78371,,,,unlabeled
IG0003032,9369,8094,117,446073,3.94,0.075548173,17580,,,,unlabeled
IG0003033,3129,6791,1384,213889,5.28,0.428259518,11304,,,,unlabeled
IG0003034,183628,4435,1085,1733145,10.91,0.036234706,189148,,,,unlabeled
IG0003035,97881,6197,4152,1326117,8.16,0.03785488,108230,,,,unlabeled
IG0003036,16647,7024,931,1525926,1.61,0.043186891,24602,,,,unlabeled
IG0003037,127202,2705,2866,1696934,7.82,0.043372341,132773,,,,unlabeled
IG0003038,148681,7922,2662,797595,19.97,0.077357556,159265,,,,unlabeled
IG0003039,190587,5902,4442,1755493,11.45,0.038165917,200931,,,,unlabeled
IG0003040,61181,6919,2974,1717457,4.14,0.036158111,71074,,,,unlabeled
IG0003041,137410,3067,4463,480299,30.18,0.190922738,144940,,,,unlabeled
IG0003042,6029,430,1014,1511317,0.49,0.055051323,7473,,,,unlabeled
IG0003043,103733,3895,3577,758133,14.67,0.130056336,111205,,,,unlabeled
IG0003044,11692,590,841,1921156,0.68,0.041329283,13123,,,,unlabeled
IG0003045,1283,6494,2176,146483,6.79,0.553647864,9953,,,,unlabeled
IG0003046,69148,8623,4254,684769,11.98,0.131285149,82025,,,,unlabeled
IG0003047,82446,8054,2517,1297906,7.17,0.030125448,93017,,,,unlabeled
IG0003048,79644,8461,3586,1416248,6.47,0.066796211,91691,,,,unlabeled
IG0003049,41594,1592,4067,1365509,3.46,0.002270216,47253,,,,unlabeled
IG0003050,156131,2254,1529,390814,40.92,0.19037189,159914,,,,unlabeled
IG0003051,149595,4149,4014,348106,45.32,0.20941897,157758,,,,unlabeled
IG0003052,159938,2563,2841,440330,37.55,0.069493335,165342,,,,unlabeled
IG0003053,134110,8586,3742,311572,47,0.079917322,146438,,,,unlabeled
IG0003054,64180,9096,1171,307523,24.21,0.123567993,74447,,,,unlabeled
IG0003055,2180,2609,267,261439,1.93,0.117809508,5056,,,,unlabeled
IG0003056,161343,5629,2869,1017302,16.7,0.00894523,169841,,,,unlabeled
IG0003057,125508,3756,4436,1195967,11.18,0.032024295,133700,,,,unlabeled
IG0003058,146904,5425,2792,1209649,12.82,0.06415084,155121,,,,unlabeled
IG0003059,167967,2465,4741,681429,25.71,0.092159271,175173,,,,unlabeled
IG0003060,142570,8625,1136,464026,32.83,0.006034145,152331,,,,unlabeled
IG0003061,90100,8051,1380,1220680,8.15,0.001720353,99531,,,,unlabeled
IG0003062,157327,7780,284,664400,24.89,0.093618302,165391,,,,unlabeled
IG0003063,70471,9792,4257,878724,9.62,0.009673117,84520,,,,unlabeled
IG0003064,149307,405,3777,1527399,10.05,0.034634041,153489,,,,unlabeled
IG0003065,116149,6895,181,1600521,7.7,0.003498861,123225,,,,unlabeled
IG0003066,120124,3383,4303,86481,147.79,1.056879546,127810,,,,unlabeled
IG0003067,15726,5997,845,445484,5.07,0.021100646,22568,,,,unlabeled
IG0003068,136185,3339,600,980042,14.3,0.001632583,140124,,,,unlabeled
IG0003069,134558,1868,3954,505097,27.79,0.063552149,140380,,,,unlabeled
IG0003070,42817,6041,75,682072,7.17,0.037092858,48933,,,,unlabeled
IG0003071,60541,5258,970,331269,20.16,0.27168253,66769,,,,unlabeled
IG0003072,52492,2908,981,783587,7.2,0.036243582,56381,,,,unlabeled
IG0003073,187280,898,1791,562756,33.76,0.145178372,189969,,,,unlabeled
IG0003074,167974,9964,2770,1295073,13.95,0.023936875,180708,,,,unlabeled
IG0003075,174400,6913,2887,491590,37.47,0.139140341,184200,,,,unlabeled
IG0003076,98959,5160,3192,653428,16.42,0.143091511,107311,,,,unlabeled
IG0003077,47565,2888,891,603432,8.51,0.115008816,51344,,,,unlabeled
IG0003078,118187,3857,4392,800730,15.79,0.047456696,126436,,,,unlabeled
IG0003079,88273,6876,4317,885237,11.24,0.059193188,99466,,,,unlabeled
IG0003080,63994,3032,1286,1226342,5.57,0.001386236,68312,,,,unlabeled
IG0003081,187225,709,1437,1186152,15.97,0.000252919,189371,,,,unlabeled
IG0003082,12803,7858,2974,1063705,2.22,0.062611344,23635,,,,unlabeled
IG0003083,7833,4480,1086,993438,1.35,0.076502006,13399,,,,unlabeled
IG0003084,9175,2763,655,1475513,0.85,0.065807621,12593,,,,unlabeled
IG0003085,30141,1019,3980,1783605,1.97,0.015754609,35140,,,,unlabeled
IG0003086,166522,5367,4910,605901,29.18,0.052318778,176799,,,,unlabeled
IG0003087,1359,7570,1560,666683,1.57,0.105447417,10489,,,,unlabeled
IG0003088,51550,8782,4689,479440,13.56,0.083222092,65021,,,,unlabeled
IG0003089,181840,3154,4803,1754228,10.82,0.038136434,189797,,,,unlabeled
IG0003090,18310,8010,2928,1027301,2.85,0.080891579,29248,,,,unlabeled
IG0003091,60980,7442,4757,1256741,5.82,0.037796173,73179,,,,unlabeled
IG0003092,27392,4111,302,1253283,2.54,0.056731002,31805,,,,unlabeled
IG0003093,23403,4366,3011,1992623,1.54,0.025343479,30780,,,,unlabeled
IG0003094,103315,1419,1002,219639,48.14,0.28228138,105736,,,,unlabeled
IG0003095,163985,3442,4248,45178,380,1.195272035,171675,,,,unlabeled
IG0003096,102462,6246,4511,1804074,6.28,0.054044346,113219,,,,unlabeled
IG0003097,105291,8651,2937,1064791,10.98,0.063486637,116879,,,,unlabeled
IG0003098,119996,9232,4957,1762681,7.61,0.016565675,134185,,,,unlabeled
IG0003099,86972,1576,1596,281454,32.03,0.007105957,90144,,,,unlabeled
IG0003100,178801,4038,389,1165419,15.72,0.012699295,183228,,,,unlabeled
IG0003101,125990,1050,2279,1038251,12.46,0.053840545,129319,,,,unlabeled
IG0003102,144910,2373,550,1220949,12.11,0.012203622,147833,,,,unlabeled
IG0003103,93314,9368,3492,298165,35.61,0.277363205,106174,,,,unlabeled
IG0003104,116351,7083,750,1623478,7.65,0.046012327,124184,,,,unlabeled
IG0003105,49184,5403,3301,1121049,5.16,0.014629155,57888,,,,unlabeled
IG0003106,11182,4810,231,1633716,0.99,0.010222095,16223,,,,unlabeled
IG0003107,24833,2295,4523,49286,64.22,0.286085298,31651,,,,unlabeled
IG0003108,56277,1023,1474,1797830,3.27,0.007620298,58774,,,,unlabeled
IG0003109,198703,2452,4869,1675909,12.29,0.033295364,206024,,,,unlabeled
IG0003110,119878,2040,4905,1807367,7.02,0.015326162,126823,,,,unlabeled
IG0003111,145820,9637,2081,191665,82.19,0.258784859,157538,,,,unlabeled
IG0003112,20088,591,1913,1061525,2.13,0.023362615,22592,,,,unlabeled
IG0003113,31812,7003,2223,271341,15.12,0.006265179,41038,,,,unlabeled
IG0003114,47993,5411,414,402747,13.36,0.16586095,53818,,,,unlabeled
IG0003115,51895,2865,4991,683702,8.74,0.018282819,59751,,,,unlabeled
IG0003116,125422,2290,2323,1541504,8.44,0.044372249,130035,,,,unlabeled
IG0003117,106895,3476,4133,589786,19.41,0.103257792,114504,,,,unlabeled
IG0003118,183730,9781,2032,659092,29.67,0.12532393,195543,,,,unlabeled
IG0003119,23457,6278,3936,439164,7.67,0.12091155,33671,,,,unlabeled
IG0003120,41008,2095,139,1697205,2.55,0.018501006,43242,,,,unlabeled
IG0003121,83352,4859,4615,1231920,7.54,0.026219235,92826,,,,unlabeled
IG0003122,10478,8972,28,102442,19.01,0.914663907,19478,,,,unlabeled
IG0003123,48011,4938,1917,525226,10.45,0.079965577,54866,,,,unlabeled
IG0003124,109570,7137,35,15182,768.95,6.263996838,116742,,,,unlabeled
IG0003125,38267,5819,4899,699499,7,0.028163014,48985,,,,unlabeled
IG0003126,118321,8149,261,357848,35.41,0.181920816,126731,,,,unlabeled
IG0003127,10244,5673,1133,1683271,1.01,0.040932209,17050,,,,unlabeled
IG0003128,159231,7552,3078,1914978,8.87,0.043864734,169861,,,,unlabeled
IG0003129,147983,4982,2682,1528586,10.18,0.035588446,155647,,,,unlabeled
IG0003130,20724,8507,1012,1894108,1.6,0.021857254,30243,,,,unlabeled
IG0003131,63957,1727,952,73240,90.98,0.442381212,66636,,,,unlabeled
IG0003132,46334,1715,2712,1066947,4.76,0.058578355,50761,,,,unlabeled
IG0003133,31324,3239,2311,56000,65.85,1.708928571,36874,,,,unlabeled
IG0003134,103860,7306,550,707284,15.8,0.138275431,111716,,,,unlabeled
IG0003135,114618,6412,4444,323297,38.81,0.188371683,125474,,,,unlabeled
IG0003136,167174,4885,678,222829,77.52,0.322220178,172737,,,,unlabeled
IG0003137,182662,1895,952,249311,74.41,0.147205699,185509,,,,unlabeled
IG0003138,62524,8209,142,1239066,5.72,0.031394615,70875,,,,unlabeled
IG0003139,86009,7708,3311,5984,1621.46,10.5447861,97028,,,,unlabeled
IG0003140,58308,4142,3481,1518749,4.34,0.016000011,65931,,,,unlabeled
IG0003141,50621,515,434,1494844,3.45,0.003077244,51570,,,,unlabeled
IG0003142,197453,7198,2170,1330855,15.54,0.01352514,206821,,,,unlabeled
IG0003143,127330,7139,4164,686243,20.2,0.038324617,138633,,,,unlabeled
IG0003144,194156,3134,3726,1366553,14.71,0.015952546,201016,,,,unlabeled
IG0003145,20908,2108,70,13980,165.14,5.450643777,23086,,,,unlabeled
IG0003146,147805,684,582,1495263,9.97,0.045276316,149071,,,,unlabeled
IG0003147,48149,9509,1728,1040081,5.71,0.025286492,59386,,,,unlabeled
IG0003148,123819,5376,256,105903,122.24,0.446635128,129451,,,,unlabeled
IG0003149,60475,8528,192,1617177,4.28,0.048541378,69195,,,,unlabeled
IG0003150,141912,4799,4399,605114,24.97,0.082959575,151110,,,,unlabeled
IG0003151,87698,6776,1039,953989,10.01,0.077149737,95513,,,,unlabeled
IG0003152,165049,9985,4078,1957068,9.15,0.005518459,179112,,,,unlabeled
IG0003153,97460,9963,2250,611475,17.94,0.129849953,109673,,,,unlabeled
IG0003154,190652,1334,3775,1473135,13.29,0.019957438,195761,,,,unlabeled
IG0003155,192697,2751,1196,1299753,15.13,0.019157486,196644,,,,unlabeled
IG0003156,175328,4353,2128,333687,54.48,0.246937999,181809,,,,unlabeled
IG0003157,193427,4344,1913,531454,37.57,0.039702401,199684,,,,unlabeled
IG0003158,158918,8228,3254,377459,45.14,0.093255161,170400,,,,unlabeled
IG0003159,162769,5332,3435,874831,19.61,0.070985139,171536,,,,unlabeled
IG0003160,86370,5597,1683,256376,36.53,0.2956595,93650,,,,unlabeled
IG0003161,86201,6990,3320,301899,31.97,0.277245039,96511,,,,unlabeled
IG0003162,191941,794,3038,187671,104.32,0.031970843,195773,,,,unlabeled
IG0003163,63870,1959,1313,1905284,3.52,0.019839562,67142,,,,unlabeled
IG0003164,180901,3061,3654,723502,25.93,0.007601914,187616,,,,unlabeled
IG0003165,90368,1327,2470,23182,406.2,3.416443793,94165,,,,unlabeled
IG0003166,35115,1408,1747,794313,4.82,0.066094852,38270,,,,unlabeled
IG0003167,106929,3148,504,1368912,8.08,0.052450413,110581,,,,unlabeled
IG0003168,70422,1859,3386,1128993,6.7,0.022940798,75667,,,,unlabeled
IG0003169,100184,8812,2327,1143401,9.74,0.049326527,111323,,,,unlabeled
IG0003170,41773,1489,4278,854367,5.56,0.085092238,47540,,,,unlabeled
IG0003171,166875,1091,148,1604186,10.48,0.036342419,168114,,,,unlabeled
IG0003172,130379,5794,4993,1232901,11.45,0.057182207,141166,,,,unlabeled
IG0003173,148410,8242,1934,1382267,11.47,0.057731249,158586,,,,unlabeled
IG0003174,7414,1104,1627,73783,13.75,1.347193798,10145,,,,unlabeled
IG0003175,64298,5900,4838,1962398,3.82,0.003974729,75036,,,,unlabeled
IG0003176,92430,2712,2156,89114,109.18,0.193011199,97298,,,,unlabeled
IG0003177,98634,3107,166,376953,27.03,0.171639435,101907,,,,unlabeled
IG0003178,27676,2401,2288,90988,35.57,0.777025542,32365,,,,unlabeled
IG0003179,14738,5785,393,942038,2.22,0.013693715,20916,,,,unlabeled
IG0003180,178238,5629,3988,1340265,14.02,0.044841878,187855,,,,unlabeled
IG0003181,151307,7741,656,328551,48.61,0.156748876,159704,,,,unlabeled
IG0003182,199640,3347,4921,1626467,12.78,0.040947649,207908,,,,unlabeled
IG0003183,2043,3334,3078,1816470,0.47,0.010625003,8455,,,,unlabeled
IG0003184,131391,890,790,1328245,10.02,0.043440781,133071,,,,unlabeled
IG0003185,165556,1001,311,827979,20.15,0.078383631,166868,,,,unlabeled
IG0003186,48975,4259,1873,1787733,3.08,0.051853381,55107,,,,unlabeled
IG0003187,98498,4405,1867,56057,186.9,1.073906916,104770,,,,unlabeled
IG0003188,111021,9144,1437,1212380,10.03,0.048087233,121602,,,,unlabeled
IG0003189,57387,3364,3650,427131,15.08,0.15498758,64401,,,,unlabeled
IG0003190,144555,2191,2359,1753624,8.5,0.013229746,149105,,,,unlabeled
IG0003191,175545,262,2875,1519267,11.76,0.032252395,178682,,,,unlabeled
IG0003192,198836,8704,3781,751204,28.13,0.096644853,211321,,,,unlabeled
IG0003193,167276,8704,3843,1290515,13.93,0.064005455,179823,,,,unlabeled
IG0003194,196523,1438,1867,481836,41.47,0.097958642,199828,,,,unlabeled
IG0003195,48013,2127,3079,1501849,3.54,0.063055607,53219,,,,unlabeled
IG0003196,2673,8243,3357,1372987,1.04,0.01922815,14273,,,,unlabeled
IG0003197,3197,4859,3388,507673,2.25,0.078396921,11444,,,,unlabeled
IG0003198,94907,6121,3828,1761928,5.95,0.01123769,104856,,,,unlabeled
IG0003199,140623,1248,2800,274753,52.65,0.326111089,144671,,,,unlabeled
IG0003200,54986,2655,3891,1069357,5.75,0.024874761,61532,,,,unlabeled
IG0003201,173109,4267,1351,812079,22.01,0.088661325,178727,,,,unlabeled
IG0003202,35795,9250,4791,987638,5.05,0.001113768,49836,,,,unlabeled
IG0003203,179974,9228,4305,1834859,10.55,0.018312034,193507,,,,unlabeled
IG0003204,94326,9198,2654,896181,11.85,0.012385891,106178,,,,unlabeled
IG0003205,117919,8150,3567,491497,26.38,0.177417156,129636,,,,unlabeled
IG0003206,54592,3019,3852,692932,8.87,0.140562133,61463,,,,unlabeled
IG0003207,83965,2952,775,259139,33.84,0.338042518,87692,,,,unlabeled
IG0003208,139061,9305,2632,354329,42.62,0.182034211,150998,,,,unlabeled
IG0003209,135005,7924,2682,1688563,8.62,0.048680446,145611,,,,unlabeled
IG0003210,129282,9937,1443,390681,36,0.152298167,140662,,,,unlabeled
IG0003211,71279,2920,4449,201991,38.94,0.12030239,78648,,,,unlabeled
IG0003212,43473,5176,893,1683321,2.94,0.017881319,49542,,,,unlabeled
IG0003213,17601,1227,2299,45225,46.72,2.175787728,21127,,,,unlabeled
IG0003214,162328,5077,3898,1973254,8.68,0.030761372,171303,,,,unlabeled
IG0003215,50411,665,4254,185510,29.83,0.295401865,55330,,,,unlabeled
IG0003216,133854,210,369,1503081,8.94,0.005122811,134433,,,,unlabeled
IG0003217,42592,7132,1747,648558,7.94,0.087578906,51471,,,,unlabeled
IG0003218,35599,33,4292,634217,6.3,0.122040248,39924,,,,unlabeled
IG0003219,61218,1358,1982,1825055,3.54,0.024273241,64558,,,,unlabeled
IG0003220,102893,428,329,533143,19.44,0.044265797,103650,,,,unlabeled
IG0003221,146412,6922,3017,1001420,15.61,0.040242855,156351,,,,unlabeled
IG0003222,15446,6808,1936,1718286,1.41,0.004364815,24190,,,,unlabeled
IG0003223,33718,1504,4132,1047408,3.76,0.08563998,39354,,,,unlabeled
IG0003224,195474,8368,3098,1505785,13.74,0.020055984,206940,,,,unlabeled
IG0003225,179364,1755,2874,739059,24.9,0.043027688,183993,,,,unlabeled
IG0003226,130530,1553,3315,1440847,9.4,0.037824974,135398,,,,unlabeled
IG0003227,194364,5701,3222,1908806,10.65,0.041806239,203287,,,,unlabeled
IG0003228,178034,5437,3344,1852359,10.09,0.040974779,186815,,,,unlabeled
IG0003229,56397,8419,4279,389912,17.72,0.029237366,69095,,,,unlabeled
IG0003230,91387,6540,2839,976083,10.32,0.042004625,100766,,,,unlabeled
IG0003231,163289,6788,2810,1614057,10.71,6.20E-05,172887,,,,unlabeled
IG0003232,1626,3573,4299,367861,2.58,0.061708091,9498,,,,unlabeled
IG0003233,165661,9,4226,1076572,15.78,0.075145926,169896,,,,unlabeled
IG0003234,180884,2291,2977,502483,37.05,0.191250251,186152,,,,unlabeled
IG0003235,34958,3471,933,1479573,2.66,0.031698335,39362,,,,unlabeled
IG0003236,51311,2814,1589,420543,13.25,0.087981491,55714,,,,unlabeled
IG0003237,71809,8081,2403,286108,28.76,0.335537629,82293,,,,unlabeled
IG0003238,105307,6204,3394,1694859,6.78,0.008909296,114905,,,,unlabeled
IG0003239,124917,5682,930,257211,51.14,0.242213591,131529,,,,unlabeled
IG0003240,166952,9702,2181,487442,36.69,0.047595406,178835,,,,unlabeled
IG0003241,156831,3090,1737,751230,21.52,0.030483341,161658,,,,unlabeled
IG0003242,74726,9016,3224,1977610,4.4,0.04743099,86966,,,,unlabeled
IG0003243,76874,9811,3555,1107858,8.15,0.079703355,90240,,,,unlabeled
IG0003244,36791,3343,4885,627315,7.18,0.069661972,45019,,,,unlabeled
IG0003245,41986,6560,1408,1780582,2.81,0.008087243,49954,,,,unlabeled
IG0003246,117541,2917,4332,348524,35.81,0.162399146,124790,,,,unlabeled
IG0003247,117784,5917,1051,531719,23.46,0.102685817,124752,,,,unlabeled
IG0003248,19820,4880,1995,1247875,2.14,0.080056095,26695,,,,unlabeled
IG0003249,187684,130,2495,926813,20.53,0.046611344,190309,,,,unlabeled
IG0003250,40559,9949,3271,482236,11.15,0.092278469,53779,,,,unlabeled
IG0003251,150963,5581,4708,1978660,8.15,0.047254202,161252,,,,unlabeled
IG0003252,189835,339,2830,1463575,13.19,0.023504091,193004,,,,unlabeled
IG0003253,5283,4571,2717,1868782,0.67,0.045270128,12571,,,,unlabeled
IG0003254,143316,7533,1396,108925,139.77,0.298370438,152245,,,,unlabeled
IG0003255,75213,8645,1727,919019,9.31,0.087049343,85585,,,,unlabeled
IG0003256,193199,8366,3555,1160336,17.68,0.063602267,205120,,,,unlabeled
IG0003257,74851,4704,4350,1185872,7.08,0.067882537,83905,,,,unlabeled
IG0003258,188884,912,1413,1443900,13.24,0.058106517,191209,,,,unlabeled
IG0003259,96967,522,3547,60411,167.25,1.125622817,101036,,,,unlabeled
IG0003260,111651,8238,2913,1848778,6.64,0.009627981,122802,,,,unlabeled
IG0003261,131654,2163,2507,110105,123.81,0.790154852,136324,,,,unlabeled
IG0003262,44945,1629,3469,1159238,4.32,0.037352123,50043,,,,unlabeled
IG0003263,5484,400,1900,128604,6.05,0.337470063,7784,,,,unlabeled
IG0003264,124484,8554,3825,450358,30.39,0.018651828,136863,,,,unlabeled
IG0003265,185727,5172,4818,703234,27.83,0.02417403,195717,,,,unlabeled
IG0003266,118407,8681,4678,1904094,6.92,0.005356878,131766,,,,unlabeled
IG0003267,135167,6920,4320,292082,50.13,0.005477914,146407,,,,unlabeled
IG0003268,141578,5428,57,231889,63.42,0.331192941,147063,,,,unlabeled
IG0003269,80168,4770,3173,910011,9.68,0.051757616,88111,,,,unlabeled
IG0003270,101206,396,4706,384101,27.68,0.196562883,106308,,,,unlabeled
IG0003271,7004,1518,2341,1372044,0.79,0.027914557,10863,,,,unlabeled
IG0003272,139154,9,3682,828277,17.25,0.038513686,142845,,,,unlabeled
IG0003273,51103,7676,2720,1839323,3.34,0.028760582,61499,,,,unlabeled
IG0003274,107088,2487,1565,744194,14.93,0.110186322,111140,,,,unlabeled
IG0003275,17129,5099,4065,1908528,1.38,0.038825734,26293,,,,unlabeled
IG0003276,135825,5515,3364,680260,21.27,0.00279305,144704,,,,unlabeled
IG0003277,106645,3119,2678,375135,29.97,0.15221187,112442,,,,unlabeled
IG0003278,53206,3434,4734,1298493,4.73,0.060685733,61374,,,,unlabeled
IG0003279,169830,6926,2159,1931852,9.26,0.020291409,178915,,,,unlabeled
IG0003280,19717,6215,3718,307729,9.64,0.293115046,29650,,,,unlabeled
IG0003281,36915,3654,3062,1008574,4.33,0.022507025,43631,,,,unlabeled
IG0003282,191352,4247,2754,992403,19.99,0.039298551,198353,,,,unlabeled
IG0003283,106622,1614,2159,757413,14.58,0.116449018,110395,,,,unlabeled
IG0003284,173182,8054,4674,1177519,15.79,0.049765651,185910,,,,unlabeled
IG0003285,8516,9132,1262,921053,2.05,0.055479978,18910,,,,unlabeled
IG0003286,16667,9046,2087,1609007,1.73,0.012678627,27800,,,,unlabeled
IG0003287,8315,1284,4854,344643,4.19,0.151461077,14453,,,,unlabeled
IG0003288,110,8962,873,280881,3.54,0.319708346,9945,,,,unlabeled
IG0003289,499,1500,4,301822,0.66,0.214696079,2003,,,,unlabeled
IG0003290,32344,5442,3123,128282,31.89,0.67351616,40909,,,,unlabeled
IG0003291,197054,8145,3089,1290289,16.14,0.051461339,208288,,,,unlabeled
IG0003292,107753,5639,4315,623929,18.87,0.093600394,117707,,,,unlabeled
IG0003293,184626,6837,1446,809388,23.83,0.058192116,192909,,,,unlabeled
IG0003294,46686,6345,3791,246517,23.05,0.06855511,56822,,,,unlabeled
IG0003295,101298,6274,1572,807412,13.52,0.010899021,109144,,,,unlabeled
IG0003296,168703,3970,2654,595397,29.45,0.148304409,175327,,,,unlabeled
IG0003297,119133,3952,3118,1108582,11.38,0.044922252,126203,,,,unlabeled
IG0003298,111858,4391,3345,1222044,9.79,0.000900131,119594,,,,unlabeled
IG0003299,199837,453,4909,1330320,15.42,0.065548139,205199,,,,unlabeled
IG0003300,66524,2050,3150,1633300,4.39,0.034286414,71724,,,,unlabeled
IG0003301,131763,3136,3048,1753691,7.87,0.018133183,137947,,,,unlabeled
IG0003302,77250,6135,2617,1771062,4.86,0.047767949,86002,,,,unlabeled
IG0003303,70856,7132,3995,1831445,4.48,0.029539517,81983,,,,unlabeled
IG0003304,112904,7486,2167,749325,16.36,0.087812364,122557,,,,unlabeled
IG0003305,59059,6290,2590,1043836,6.51,0.019830701,67939,,,,unlabeled
IG0003306,66824,6235,3045,911912,8.35,0.104396038,76104,,,,unlabeled
IG0003307,65549,5117,172,153689,46.09,0.336393626,70838,,,,unlabeled
IG0003308,96047,4950,4493,700786,15.05,0.100173234,105490,,,,unlabeled
IG0003309,134556,2245,4596,1236666,11.43,0.07059303,141397,,,,unlabeled
IG0003310,118035,8647,4032,50197,260.4,0.358587167,130714,,,,unlabeled
IG0003311,67650,5102,3294,1809289,4.2,0.029072194,76046,,,,unlabeled
IG0003312,29142,9144,1206,797597,4.95,0.047768485,39492,,,,unlabeled
IG0003313,24314,3665,218,1625706,1.73,0.004797915,28197,,,,unlabeled
IG0003314,124032,9486,2752,642973,21.19,0.052257249,136270,,,,unlabeled
IG0003315,98777,6601,1801,752887,14.24,0.047550296,107179,,,,unlabeled
IG0003316,85100,3384,1398,1990156,4.52,0.004673001,89882,,,,unlabeled
IG0003317,11459,7663,2191,1029288,2.07,0.043816697,21313,,,,unlabeled
IG0003318,166015,3972,2702,385438,44.8,0.005188902,172689,,,,unlabeled
IG0003319,111252,2028,1227,1716605,6.67,0.022661008,114507,,,,unlabeled
IG0003320,123167,5769,3303,1478320,8.95,0.043089453,132239,,,,unlabeled
IG0003321,175827,1868,1478,30593,585.67,3.203347171,179173,,,,unlabeled
IG0003322,68060,1616,382,1995140,3.51,0.000651583,70058,,,,unlabeled
IG0003323,180553,9369,2282,526005,36.54,0.107793652,192204,,,,unlabeled
IG0003324,182106,6259,1244,1112238,17.05,0.016363404,189609,,,,unlabeled
IG0003325,46034,9570,3008,1185981,4.94,0.037774636,58612,,,,unlabeled
IG0003326,65517,9687,2043,1121542,6.89,0.06999292,77247,,,,unlabeled
IG0003327,197069,3623,1168,453374,44.52,0.139840397,201860,,,,unlabeled
IG0003328,93213,581,3780,1793462,5.44,0.030388154,97574,,,,unlabeled
IG0003329,178403,4335,3162,312538,59.48,0.068471674,185900,,,,unlabeled
IG0003330,99960,9265,223,185574,58.98,0.074363866,109448,,,,unlabeled
IG0003331,187301,9832,1351,1904195,10.42,0.043220363,198484,,,,unlabeled
IG0003332,118537,7530,2388,420631,30.54,0.080355466,128455,,,,unlabeled
IG0003333,50522,1140,4859,748538,7.55,0.099660939,56521,,,,unlabeled
IG0003334,52082,4285,2218,771994,7.59,0.077202673,58585,,,,unlabeled
IG0003335,16097,8821,3427,327022,8.67,0.251970815,28345,,,,unlabeled
IG0003336,130583,8600,2450,1824575,7.76,0.053437102,141633,,,,unlabeled
IG0003337,138032,7924,818,155939,94.12,0.499554313,146774,,,,unlabeled
IG0003338,164711,7225,1298,929608,18.64,0.015813117,173234,,,,unlabeled
IG0003339,181454,8091,3915,740393,26.13,0.058077264,193460,,,,unlabeled
IG0003340,106027,2331,1848,1823696,6.04,0.048966494,110206,,,,unlabeled
IG0003341,160620,1410,3100,368297,44.84,0.050502719,165130,,,,unlabeled
IG0003342,3238,9307,3693,1918103,0.85,0.046243606,16238,,,,unlabeled
IG0003343,121664,7530,2636,907193,14.53,0.041666988,131830,,,,unlabeled
IG0003344,196885,7516,691,169463,121.02,0.179390191,205092,,,,unlabeled
IG0003345,163362,4293,4303,325311,52.86,0.171835567,171958,,,,unlabeled
IG0003346,186392,556,4799,1736351,11.04,0.001785353,191747,,,,unlabeled
IG0003347,38313,4067,3520,1232573,3.72,0.045595677,45900,,,,unlabeled
IG0003348,74118,6447,4754,1825281,4.67,0.043116649,85319,,,,unlabeled
IG0003349,150255,5281,4669,1520729,10.53,0.013151587,160205,,,,unlabeled
IG0003350,21100,2125,1767,1623488,1.54,0.044287362,24992,,,,unlabeled
IG0003351,11024,2822,3807,908000,1.94,0.038215859,17653,,,,unlabeled
IG0003352,60753,6530,1650,1299601,5.3,0.002693134,68933,,,,unlabeled
IG0003353,164620,6731,4351,1526896,11.51,0.025214553,175702,,,,unlabeled
IG0003354,109578,6169,4258,898259,13.36,0.040077528,120005,,,,unlabeled
IG0003355,62527,7088,3888,1246806,5.9,0.048684398,73503,,,,unlabeled
IG0003356,197773,2191,2471,244658,82.74,0.398106745,202435,,,,unlabeled
IG0003357,48424,3407,832,1236492,4.26,0.00655079,52663,,,,unlabeled
IG0003358,56637,3434,4702,1894407,3.42,0.014516416,64773,,,,unlabeled
IG0003359,31424,1668,124,683057,4.86,0.143619054,33216,,,,unlabeled
IG0003360,56471,4882,145,1132319,5.43,0.06049532,61498,,,,unlabeled
IG0003361,167683,5018,626,1713452,10.12,0.019084281,173327,,,,unlabeled
IG0003362,75750,6543,3647,1936726,4.44,0.043423799,85940,,,,unlabeled
IG0003363,4203,7976,2068,1271720,1.12,0.057795741,14247,,,,unlabeled
IG0003364,71827,3290,4115,273394,28.98,0.188738597,79232,,,,unlabeled
IG0003365,123952,8682,4936,1471757,9.35,0.058773289,137570,,,,unlabeled
IG0003366,86996,7742,3227,1679523,5.83,0.016075993,97965,,,,unlabeled
IG0003367,34285,7417,2114,602490,7.27,0.099088782,43816,,,,unlabeled
IG0003368,25456,5426,2856,331080,10.19,0.010571463,33738,,,,unlabeled
IG0003369,167488,550,1915,1154970,14.71,0.065283081,169953,,,,unlabeled
IG0003370,30387,4575,1070,1848602,1.95,0.024721384,36032,,,,unlabeled
IG0003371,14496,1417,3609,930342,2.1,0.102650423,19522,,,,unlabeled
IG0003372,75490,4734,3483,773655,10.82,0.031150836,83707,,,,unlabeled
IG0003373,128058,5965,4367,1422022,9.73,0.068494018,138390,,,,unlabeled
IG0003374,137655,1365,1458,582366,24.12,0.136168664,140478,,,,unlabeled
IG0003375,9877,7587,2398,1371815,1.45,0.012173653,19862,,,,unlabeled
IG0003376,17139,6295,4243,300545,9.21,0.294465055,27677,,,,unlabeled
IG0003377,47770,1459,3556,1127387,4.68,0.035302873,52785,,,,unlabeled
IG0003378,6208,7575,1520,720896,2.12,0.033708052,15303,,,,unlabeled
IG0003379,101796,8155,1307,714453,15.57,0.011897214,111258,,,,unlabeled
IG0003380,179417,2669,4417,1404413,13.28,0.005838738,186503,,,,unlabeled
IG0003381,114753,9818,751,1406971,8.91,0.032054676,125322,,,,unlabeled
IG0003382,52515,5736,4143,522623,11.94,0.070414046,62394,,,,unlabeled
IG0003383,17775,6430,2600,566439,4.73,0.034249054,26805,,,,unlabeled
IG0003384,159072,6241,1054,1124308,14.8,0.066351925,166367,,,,unlabeled
IG0003385,180682,7361,3522,319403,59.98,0.26361681,191565,,,,unlabeled
IG0003386,146244,3426,309,1348229,11.12,0.035305575,149979,,,,unlabeled
IG0003387,119860,8564,3388,32329,407.72,0.491818491,131812,,,,unlabeled
IG0003388,196982,7877,4903,1170319,17.92,0.013329699,209762,,,,unlabeled
IG0003389,62832,9468,3150,1096674,6.88,0.054437326,75450,,,,unlabeled
IG0003390,185982,3860,196,1827551,10.4,0.038357343,190038,,,,unlabeled
IG0003391,64591,9646,3072,397203,19.46,0.044309837,77309,,,,unlabeled
IG0003392,152742,4120,1082,1247897,12.66,0.074845921,157944,,,,unlabeled
IG0003393,85517,9996,4032,425491,23.4,0.149944417,99545,,,,unlabeled
IG0003394,33676,342,3114,1902274,1.95,0.050676191,37132,,,,unlabeled
IG0003395,162359,3554,4062,185904,91.43,0.465293915,169975,,,,unlabeled
IG0003396,97894,9108,4830,1615261,6.92,0.052932622,111832,,,,unlabeled
IG0003397,11067,5879,1825,81754,22.96,0.325366343,18771,,,,unlabeled
IG0003398,7963,4445,1438,391337,3.54,0.139266157,13846,,,,unlabeled
IG0003399,117756,1900,1760,1759005,6.9,0.040534279,121416,,,,unlabeled
IG0003400,45753,4190,4032,551600,9.79,0.016860044,53975,,,,unlabeled
IG0003401,92967,8839,267,174965,58.34,0.463521276,102073,,,,unlabeled
IG0003402,48651,9569,3119,1860606,3.3,0.000537459,61339,,,,unlabeled
IG0003403,71897,5905,3632,386401,21.07,0.239647413,81434,,,,unlabeled
IG0003404,148849,2140,2123,405511,37.76,0.120835193,153112,,,,unlabeled
IG0003405,7993,6179,3597,1461406,1.22,0.066716573,17769,,,,unlabeled
IG0003406,70209,8476,2325,268505,30.17,0.351576321,81010,,,,unlabeled
IG0003407,195146,271,3832,172972,115.19,0.430127419,199249,,,,unlabeled
IG0003408,81438,7097,229,1164711,7.62,0.067484552,88764,,,,unlabeled
IG0003409,187005,7150,465,161071,120.83,0.042217407,194620,,,,unlabeled
IG0003410,180933,2398,3029,622456,29.94,0.072133613,186360,,,,unlabeled
IG0003411,175457,1111,3180,1754346,10.25,0.000912021,179748,,,,unlabeled
IG0003412,126194,6203,247,750053,17.68,0.113991945,132644,,,,unlabeled
IG0003413,15414,7226,1862,135509,18.08,0.106266004,24502,,,,unlabeled
IG0003414,170571,2255,3378,41299,426.65,1.142884816,176204,,,,unlabeled
IG0003415,134950,6882,948,379291,37.64,0.250730969,142780,,,,unlabeled
IG0003416,172008,4546,3885,842184,21.43,0.085017051,180439,,,,unlabeled
IG0003417,13729,4963,4887,1793435,1.31,0.049625439,23579,,,,unlabeled
IG0003418,90520,6120,3018,315271,31.61,0.224251517,99658,,,,unlabeled
IG0003419,153809,9147,4394,1055549,15.85,0.084126838,167350,,,,unlabeled
IG0003420,5025,6819,679,326272,3.84,0.268794135,12523,,,,unlabeled
IG0003421,177186,3096,545,1959314,9.23,0.036849632,180827,,,,unlabeled
IG0003422,154749,5612,3587,869632,18.85,0.028172836,163948,,,,unlabeled
IG0003423,132708,552,101,1493535,8.93,0.01506493,133361,,,,unlabeled
IG0003424,148399,2969,3423,717392,21.58,0.05533934,154791,,,,unlabeled
IG0003425,84675,4723,4492,1822908,5.15,0.010258334,93890,,,,unlabeled
IG0003426,184781,4054,2774,1586842,12.07,0.033210616,191609,,,,unlabeled
IG0003427,3018,3153,283,1807750,0.36,0.007633799,6454,,,,unlabeled
IG0003428,16556,6973,205,1449397,1.64,0.004967583,23734,,,,unlabeled
IG0003429,94669,5400,3649,1359807,7.63,0.042138333,103718,,,,unlabeled
IG0003430,168257,4878,4509,1351026,13.15,0.062248987,177644,,,,unlabeled
IG0003431,125938,7318,3629,513828,26.64,0.001946177,136885,,,,unlabeled
IG0003432,188323,1405,1886,566000,33.85,0.093109541,191614,,,,unlabeled
IG0003433,98537,3361,3618,365610,28.86,0.209786384,105516,,,,unlabeled
IG0003434,40165,932,3635,1565824,2.86,0.002490701,44732,,,,unlabeled
IG0003435,195171,5959,2091,1308628,15.53,0.048676935,203221,,,,unlabeled
IG0003436,119191,5612,2797,1741633,7.33,0.00700492,127600,,,,unlabeled
IG0003437,185491,2678,4236,990267,19.43,0.085633471,192405,,,,unlabeled
IG0003438,52476,9870,4432,228442,29.23,0.323495679,66778,,,,unlabeled
IG0003439,85722,1314,382,1994796,4.38,0.015039132,87418,,,,unlabeled
IG0003440,80701,3373,1824,1572808,5.46,0.038148331,85898,,,,unlabeled
IG0003441,80725,8447,2714,1526553,6.02,0.026726881,91886,,,,unlabeled
IG0003442,120298,1109,3721,385507,32.46,0.024902272,125128,,,,unlabeled
IG0003443,194049,6725,3614,541245,37.76,0.024942494,204388,,,,unlabeled
IG0003444,197,5671,3354,843359,1.09,0.00272719,9222,,,,unlabeled
IG0003445,128136,7436,702,42583,320.02,0.129159524,136274,,,,unlabeled
IG0003446,152397,965,1441,538878,28.73,0.125445834,154803,,,,unlabeled
IG0003447,198419,5216,1445,1360744,15.07,0.00837777,205080,,,,unlabeled
IG0003448,63428,5113,4259,1364731,5.33,0.022934923,72800,,,,unlabeled
IG0003449,117769,3627,374,1413303,8.62,0.066793886,121770,,,,unlabeled
IG0003450,172855,5779,3296,1283834,14.17,0.009736461,181930,,,,unlabeled
IG0003451,114713,1361,2604,1963754,6.04,0.008045814,118678,,,,unlabeled
IG0003452,119651,1555,2896,1963339,6.32,0.010797931,124102,,,,unlabeled
IG0003453,134860,6610,4261,1521972,9.58,0.029829721,145731,,,,unlabeled
IG0003454,77293,1356,2843,1027074,7.93,0.020056977,81492,,,,unlabeled
IG0003455,74418,1711,102,1814674,4.2,0.014933812,76231,,,,unlabeled
IG0003456,171095,1850,1032,875705,19.87,0.056525885,173977,,,,unlabeled
IG0003457,80250,4770,2662,1784018,4.91,0.014461737,87682,,,,unlabeled
IG0003458,3479,6756,3476,968509,1.42,0.013732449,13711,,,,unlabeled
IG0003459,176010,2783,3524,613575,29.71,0.108218229,182317,,,,unlabeled
IG0003460,189423,3118,3052,1613638,12.12,0.020822514,195593,,,,unlabeled
IG0003461,154055,9205,790,850206,19.3,0.037637937,164050,,,,unlabeled
IG0003462,24431,9179,3412,176883,20.93,0.423443745,37022,,,,unlabeled
IG0003463,72844,604,2298,1018933,7.43,0.043084285,75746,,,,unlabeled
IG0003464,155652,1252,2350,354987,44.86,0.020845834,159254,,,,unlabeled
IG0003465,180509,1031,302,1460952,12.45,0.021150592,181842,,,,unlabeled
IG0003466,81713,322,1277,846818,9.84,0.026097697,83312,,,,unlabeled
IG0003467,141883,78,3364,910597,15.96,0.084010819,145325,,,,unlabeled
IG0003468,109705,5285,2355,1598360,7.34,0.055744638,117345,,,,unlabeled
IG0003469,52798,9249,1994,1712366,3.74,0.014074094,64041,,,,unlabeled
IG0003470,85575,4375,1723,669462,13.69,0.074089343,91673,,,,unlabeled
IG0003471,6430,4468,350,1023783,1.1,0.086737131,11248,,,,unlabeled
IG0003472,143642,7081,2136,1910702,8,0.026273066,152859,,,,unlabeled
IG0003473,23983,7027,2354,1398285,2.39,0.058071137,33364,,,,unlabeled
IG0003474,31676,1565,4448,24834,151.76,1.304662962,37689,,,,unlabeled
IG0003475,1561,1293,2402,815533,0.64,0.092332254,5256,,,,unlabeled
IG0003476,29979,2146,1786,288248,11.76,0.016999251,33911,,,,unlabeled
IG0003477,112737,9068,749,1016806,12.05,0.051730615,122554,,,,unlabeled
IG0003478,84648,4469,824,1366369,6.58,0.066892618,89941,,,,unlabeled
IG0003479,175239,921,4203,1298935,13.89,0.064668363,180363,,,,unlabeled
IG0003480,103733,9981,1748,923547,12.5,0.097450373,115462,,,,unlabeled
IG0003481,165676,8956,4380,675550,26.5,0.037302938,179012,,,,unlabeled
IG0003482,50186,3195,3814,1278461,4.47,0.010246695,57195,,,,unlabeled
IG0003483,55271,6584,2211,1875427,3.42,0.053054584,64066,,,,unlabeled
IG0003484,188770,2063,3260,751839,25.82,0.125691804,194093,,,,unlabeled
IG0003485,129852,5398,513,861519,15.76,0.007660887,135763,,,,unlabeled
IG0003486,109774,4256,201,413001,27.66,0.20677916,114231,,,,unlabeled
IG0003487,4566,4934,2893,1980364,0.63,0.020248803,12393,,,,unlabeled
IG0003488,174781,6273,825,123809,146.9,0.403847862,181879,,,,unlabeled
IG0003489,1554,7981,1915,1608446,0.71,0.015480781,11450,,,,unlabeled
IG0003490,22457,4365,579,533922,5.13,0.022662486,27401,,,,unlabeled
IG0003491,174830,1922,226,871381,20.31,0.070921904,176978,,,,unlabeled
IG0003492,88627,6266,1704,937221,10.31,0.033396605,96597,,,,unlabeled
IG0003493,107918,5502,3864,421111,27.85,0.155066004,117284,,,,unlabeled
IG0003494,45343,4047,1946,1280305,4.01,0.050378621,51336,,,,unlabeled
IG0003495,169696,2407,552,1906670,9.06,0.001311187,172655,,,,unlabeled
IG0003496,102422,5508,4485,1204252,9.33,0.053477179,112415,,,,unlabeled
IG0003497,111025,8132,705,283012,42.35,0.275606688,119862,,,,unlabeled
IG0003498,21664,9689,1185,1316280,2.47,0.074452244,32538,,,,unlabeled
IG0003499,144099,3768,3617,1098011,13.8,0.063933786,151484,,,,unlabeled
IG0003500,86686,3011,560,954256,9.46,0.033638772,90257,,,,unlabeled
IG0003501,21021,5210,4211,533665,5.7,0.095752954,30442,,,,unlabeled
IG0003502,10786,7762,3037,197072,10.95,0.235446943,21585,,,,unlabeled
IG0003503,184321,2896,3042,1991879,9.55,0.031829243,190259,,,,unlabeled
IG0003504,150496,8376,917,40908,390.61,1.581597731,159789,,,,unlabeled
IG0003505,169297,1557,4148,1075093,16.28,0.047716802,175002,,,,unlabeled
IG0003506,177432,8374,930,667624,27.97,0.004343762,186736,,,,unlabeled
IG0003507,149180,1186,2655,1621021,9.44,0.000740274,153021,,,,unlabeled
IG0003508,4549,6266,3235,1767513,0.79,0.043790343,14050,,,,unlabeled
IG0003509,86842,7558,1380,178119,53.77,0.122390088,95780,,,,unlabeled
IG0003510,3436,8243,2837,132867,10.93,0.014300014,14516,,,,unlabeled
IG0003511,158369,946,4278,1938468,8.44,0.048801425,163593,,,,unlabeled
IG0003512,110170,8535,851,1350520,8.85,0.00466487,119556,,,,unlabeled
IG0003513,86458,1222,1874,1882410,4.76,0.009987197,89554,,,,unlabeled
IG0003514,25173,4013,475,31053,95.52,0.724567675,29661,,,,unlabeled
IG0003515,157778,2844,2025,175618,92.61,0.539238575,162647,,,,unlabeled
IG0003516,83075,5677,320,1183707,7.52,0.021458013,89072,,,,unlabeled
IG0003517,63560,55,226,1489813,4.29,0.006443762,63841,,,,unlabeled
IG0003518,72154,2000,2718,864778,8.89,0.054696119,76872,,,,unlabeled
IG0003519,119070,9308,1838,850866,15.3,0.053239876,130216,,,,unlabeled
IG0003520,172714,1066,4297,97706,182.26,0.674472397,178077,,,,unlabeled
IG0003521,162972,1470,3285,1158917,14.47,0.072654038,167727,,,,unlabeled
IG0003522,3278,9514,4836,1503875,1.17,0.026065996,17628,,,,unlabeled
IG0003523,64969,8624,1728,1946329,3.87,0.002568939,75321,,,,unlabeled
IG0003524,109778,115,430,431367,25.58,0.162506636,110323,,,,unlabeled
IG0003525,63764,2365,3137,1260743,5.49,0.023954129,69266,,,,unlabeled
IG0003526,125977,6006,1602,1432491,9.33,0.00593372,133585,,,,unlabeled
IG0003527,113619,299,4107,1617181,7.3,0.04650067,118025,,,,unlabeled
IG0003528,41041,4449,3636,1760914,2.79,0.05031478,49126,,,,unlabeled
IG0003529,172569,8240,391,1937472,9.35,0.019561573,181200,,,,unlabeled
IG0003530,178396,9741,174,1238474,15.21,0.052483944,188311,,,,unlabeled
IG0003531,107726,8013,439,1435972,8.09,0.031755494,116178,,,,unlabeled
IG0003532,31646,6454,4954,45342,94.95,0.701336509,43054,,,,unlabeled
IG0003533,81156,8056,3408,1046334,8.85,0.093851485,92620,,,,unlabeled
IG0003534,14678,6049,2279,349337,6.59,0.209253529,23006,,,,unlabeled
IG0003535,142552,3702,873,672256,21.89,0.094904322,147127,,,,unlabeled
IG0003536,92326,2008,3858,1614731,6.08,0.007741227,98192,,,,unlabeled
IG0003537,41705,5316,1300,1509696,3.2,0.036497414,48321,,,,unlabeled
IG0003538,13263,3020,2618,616227,3.07,0.08422221,18901,,,,unlabeled
IG0003539,126858,104,324,773717,16.45,0.007108542,127286,,,,unlabeled
IG0003540,159901,8976,2838,1692552,10.15,0.017311137,171715,,,,unlabeled
IG0003541,154787,6918,2143,93408,175.41,0.286913326,163848,,,,unlabeled
IG0003542,110766,5202,4742,1256396,9.61,0.05054139,120710,,,,unlabeled
IG0003543,75691,7085,773,1601339,5.22,0.012114861,83549,,,,unlabeled
IG0003544,92300,8715,3953,1095202,9.58,0.009039428,104968,,,,unlabeled
IG0003545,104832,8813,3555,1398952,8.38,0.001572606,117200,,,,unlabeled
IG0003546,128795,4010,1481,1920497,6.99,0.033637126,134286,,,,unlabeled
IG0003547,96379,5140,511,435815,23.41,0.120005048,102030,,,,unlabeled
IG0003548,19576,3140,1218,1118354,2.14,0.004113188,23934,,,,unlabeled
IG0003549,133703,3206,2897,605622,23.08,0.109309107,139806,,,,unlabeled
IG0003550,188041,1488,3400,1863718,10.35,0.018833321,192929,,,,unlabeled
IG0003551,134893,3858,2215,1740190,8.1,0.014711037,140966,,,,unlabeled
IG0003552,68113,1496,3969,1760580,4.18,0.015619853,73578,,,,unlabeled
IG0003553,196617,413,4083,743628,27.04,0.108253051,201113,,,,unlabeled
IG0003554,134052,2098,1636,1943781,7.09,0.045324036,137786,,,,unlabeled
IG0003555,84607,1833,469,1521431,5.71,0.065201774,86909,,,,unlabeled
IG0003556,67657,4666,2711,1160036,6.47,0.00999969,75034,,,,unlabeled
IG0003557,145573,2907,457,1970426,7.56,0.00903358,148937,,,,unlabeled
IG0003558,14982,9284,3669,694306,4.02,0.040039982,27935,,,,unlabeled
IG0003559,11576,9754,2331,126737,18.67,0.559426213,23661,,,,unlabeled
IG0003560,49226,45,309,653425,7.59,0.001836477,49580,,,,unlabeled
IG0003561,182095,5766,868,255626,73.83,0.234326712,188729,,,,unlabeled
IG0003562,173854,9962,4693,789358,23.88,0.033064845,188509,,,,unlabeled
IG0003563,157069,7697,252,1075342,15.35,0.031338867,165018,,,,unlabeled
IG0003564,82047,4458,4148,952088,9.52,0.049365185,90653,,,,unlabeled
IG0003565,83841,8164,1476,680092,13.75,0.06602048,93481,,,,unlabeled
IG0003566,98377,800,1278,1684705,5.96,0.033180883,100455,,,,unlabeled
IG0003567,194607,8185,850,1192651,17.07,0.041504179,203642,,,,unlabeled
IG0003568,155664,9490,2222,501261,33.39,0.067030948,167376,,,,unlabeled
IG0003569,58282,6832,2852,1024694,6.63,0.025958969,67966,,,,unlabeled
IG0003570,165198,9758,3740,175270,101.95,0.39196668,178696,,,,unlabeled
IG0003571,60666,8001,1271,1645542,4.25,0.018899548,69938,,,,unlabeled
IG0003572,163787,8108,4800,1994235,8.86,0.03610407,176695,,,,unlabeled
IG0003573,98521,7155,2942,857126,12.67,0.048184281,108618,,,,unlabeled
IG0003574,187588,6934,1722,266280,73.7,0.083370888,196244,,,,unlabeled
IG0003575,8919,734,1338,1385228,0.79,0.018047571,10991,,,,unlabeled
IG0003576,56861,3254,3405,972477,6.53,0.071055665,63520,,,,unlabeled
IG0003577,48002,6217,1779,1769935,3.16,0.039718973,55998,,,,unlabeled
IG0003578,144768,8263,2300,768660,20.21,0.103817032,155331,,,,unlabeled
IG0003579,113746,2322,2992,1832932,6.5,0.04948356,119060,,,,unlabeled
IG0003580,179115,7037,1000,1482180,12.63,0.036297886,187152,,,,unlabeled
IG0003581,77102,8308,2737,1402975,6.28,0.012045831,88147,,,,unlabeled
IG0003582,138904,9004,4514,1467148,10.39,0.008383612,152422,,,,unlabeled
IG0003583,21210,1720,2670,1886906,1.36,0.024696514,25600,,,,unlabeled
IG0003584,58901,2753,947,1719310,3.64,0.016867232,62601,,,,unlabeled
IG0003585,25598,7998,156,118244,28.54,0.272318257,33752,,,,unlabeled
IG0003586,112870,2657,3530,619061,19.23,0.133104815,119057,,,,unlabeled
IG0003587,138380,1681,1335,748461,18.89,0.006546767,141396,,,,unlabeled
IG0003588,136275,2002,332,226398,61.22,0.050795502,138609,,,,unlabeled
IG0003589,184722,7302,1982,375374,51.68,0.067932249,194006,,,,unlabeled
IG0003590,88829,4501,4548,683160,14.33,0.032496048,97878,,,,unlabeled
IG0003591,42341,5020,4220,1383078,3.73,0.062541664,51581,,,,unlabeled
IG0003592,156795,8194,2302,1474543,11.35,0.032349006,167291,,,,unlabeled
IG0003593,148419,3575,811,351588,43.46,0.031571043,152805,,,,unlabeled
IG0003594,19857,3818,1395,273781,9.16,0.29804844,25070,,,,unlabeled
IG0003595,8445,1194,225,11554,85.37,6.551843517,9864,,,,unlabeled
IG0003596,82776,8716,1714,1839758,5.07,0.035167669,93206,,,,unlabeled
IG0003597,86361,9174,4957,662684,15.16,0.077714265,100492,,,,unlabeled
IG0003598,160530,1869,2509,328435,50.21,0.059676953,164908,,,,unlabeled
IG0003599,17244,8298,603,65450,39.95,0.213903743,26145,,,,unlabeled
IG0003600,83331,2531,3997,1845441,4.87,0.016364652,89859,,,,unlabeled
IG0003601,120338,656,776,1072202,11.36,0.051762634,121770,,,,unlabeled
IG0003602,138452,7697,619,1152111,12.74,0.070826509,146768,,,,unlabeled
IG0003603,1915,3446,1685,1919967,0.37,0.019531586,7046,,,,unlabeled
IG0003604,133932,2416,2954,552264,25.22,0.024444831,139302,,,,unlabeled
IG0003605,103352,4224,2470,1423363,7.73,0.068851024,110046,,,,unlabeled
IG0003606,14151,1606,4105,304855,6.52,0.141378688,19862,,,,unlabeled
IG0003607,28404,7634,1345,1269579,2.94,0.03103391,37383,,,,unlabeled
IG0003608,4856,637,1520,1925999,0.36,0.048234708,7013,,,,unlabeled
IG0003609,162161,2198,1601,822797,20.17,0.087384859,165960,,,,unlabeled
IG0003610,104563,7256,307,571759,19.61,0.095669679,112126,,,,unlabeled
IG0003611,168194,5407,4410,1462125,12.17,0.027425836,178011,,,,unlabeled
IG0003612,83018,2092,2466,534977,16.37,0.126173649,87576,,,,unlabeled
IG0003613,198769,9436,4709,580644,36.67,0.022388934,212914,,,,unlabeled
IG0003614,114612,8541,4610,1828867,6.99,0.024550719,127763,,,,unlabeled
IG0003615,186792,6790,844,693700,28.03,0.005333718,194426,,,,unlabeled
IG0003616,103425,4650,63,238084,45.42,0.282673342,108138,,,,unlabeled
IG0003617,62104,4423,4468,854871,8.3,0.016259763,70995,,,,unlabeled
IG0003618,88511,1508,3928,1110217,8.46,0.04972001,93947,,,,unlabeled
IG0003619,154858,9936,1813,1250935,13.32,0.000799402,166607,,,,unlabeled
IG0003620,145747,8312,654,1193331,12.96,0.006452527,154713,,,,unlabeled
IG0003621,5722,7834,1075,719214,2.03,0.036845779,14631,,,,unlabeled
IG0003622,166382,2573,4323,1658331,10.45,0.001748746,173278,,,,unlabeled
IG0003623,21073,1737,2500,1114937,2.27,0.073008609,25310,,,,unlabeled
IG0003624,166813,8624,3413,1444386,12.38,0.063764118,178850,,,,unlabeled
IG0003625,174310,5180,2822,466201,39.11,0.167738808,182312,,,,unlabeled
IG0003626,182553,72,3134,55937,332.09,0.330729213,185759,,,,unlabeled
IG0003627,77674,9727,3921,178224,51.24,0.222192297,91322,,,,unlabeled
IG0003628,177144,2986,2203,151101,120.67,0.655190899,182333,,,,unlabeled
IG0003629,81229,5073,1011,1938833,4.5,0.037599938,87313,,,,unlabeled
IG0003630,13531,8467,3010,561771,4.45,0.172668222,25008,,,,unlabeled
IG0003631,102035,7963,4777,337999,33.96,0.243195986,114775,,,,unlabeled
IG0003632,181791,3971,4566,1010483,18.84,0.003562653,190328,,,,unlabeled
IG0003633,119664,6996,953,290072,43.99,0.123417634,127613,,,,unlabeled
IG0003634,193060,1811,4413,1383107,14.41,0.003904253,199284,,,,unlabeled
IG0003635,29090,2528,143,1185115,2.68,0.076701417,31761,,,,unlabeled
IG0003636,197837,8701,4809,1908538,11.07,0.009955264,211347,,,,unlabeled
IG0003637,120447,3845,4717,475857,27.11,0.069138418,129009,,,,unlabeled
IG0003638,111034,9471,4060,537805,23.16,0.137038518,124565,,,,unlabeled
IG0003639,47457,3614,1088,210355,24.8,0.174942359,52159,,,,unlabeled
IG0003640,155425,7714,4602,293592,57.13,0.15906428,167741,,,,unlabeled
IG0003641,119731,3830,4300,244908,52.21,0.321345158,127861,,,,unlabeled
IG0003642,179107,4884,2964,350917,53.28,0.198907434,186955,,,,unlabeled
IG0003643,112638,2954,1871,670600,17.52,0.083059946,117463,,,,unlabeled
IG0003644,43410,9680,3930,1220012,4.67,0.033114428,57020,,,,unlabeled
IG0003645,121965,3762,4755,422928,30.85,0.048471607,130482,,,,unlabeled
IG0003646,48114,9425,1209,1624181,3.62,0.005110268,58748,,,,unlabeled
IG0003647,30101,221,2037,1301630,2.49,0.015672657,32359,,,,unlabeled
IG0003648,15494,8362,24,1004886,2.38,0.018509562,23880,,,,unlabeled
IG0003649,115987,9047,1022,1292969,9.75,0.02699214,126056,,,,unlabeled
IG0003650,59246,3980,1436,63076,102.51,1.249286575,64662,,,,unlabeled
IG0003651,155178,696,4841,96235,167,0.378240765,160715,,,,unlabeled
IG0003652,44020,1455,1305,653333,7.16,0.135918437,46780,,,,unlabeled
IG0003653,149057,616,1969,1336978,11.34,0.042708257,151642,,,,unlabeled
IG0003654,180885,6387,1701,679030,27.83,0.111040749,188973,,,,unlabeled
IG0003655,16542,5323,2052,349199,6.85,0.152062291,23917,,,,unlabeled
IG0003656,34001,8771,4462,247591,19.08,0.270203683,47234,,,,unlabeled
IG0003657,134495,2769,2148,73819,188.86,1.354664788,139412,,,,unlabeled
IG0003658,169411,6149,3316,272580,65.62,0.133905642,178876,,,,unlabeled
IG0003659,50953,7181,1941,837706,7.17,0.099557601,60075,,,,unlabeled
IG0003660,179507,8011,4348,288230,66.57,0.286576692,191866,,,,unlabeled
IG0003661,186858,741,1514,1695718,11.15,0.042047086,189113,,,,unlabeled
IG0003662,8098,1287,561,1195822,0.83,0.056613777,9946,,,,unlabeled
IG0003663,131878,5619,3184,42184,333.49,0.045040774,140681,,,,unlabeled
IG0003664,166809,264,4640,560539,30.63,0.013201579,171713,,,,unlabeled
IG0003665,102259,8828,2695,512630,22.2,0.055985799,113782,,,,unlabeled
IG0003666,4081,6339,1539,123188,9.71,0.513848752,11959,,,,unlabeled
IG0003667,91937,7051,3244,1034662,9.88,0.038563318,102232,,,,unlabeled
IG0003668,106128,7448,4663,11772,1004.41,2.701325178,118239,,,,unlabeled
IG0003669,121480,5520,3292,151802,85.83,0.077074083,130292,,,,unlabeled
IG0003670,25243,4026,555,537076,5.55,0.171297917,29824,,,,unlabeled
IG0003671,11023,6478,890,527197,3.49,0.131449913,18391,,,,unlabeled
IG0003672,184957,7750,859,1141383,16.96,0.041178115,193566,,,,unlabeled
IG0003673,61529,5076,4913,898108,7.96,0.110899803,71518,,,,unlabeled
IG0003674,59672,9263,1862,1094992,6.47,0.023561816,70797,,,,unlabeled
IG0003675,133316,7269,4803,985982,14.75,0.038033149,145388,,,,unlabeled
IG0003676,67259,3438,3874,544097,13.71,0.155486981,74571,,,,unlabeled
IG0003677,158855,9214,67,426990,39.38,0.05761259,168136,,,,unlabeled
IG0003678,118712,1263,4312,1173556,10.59,0.006561255,124287,,,,unlabeled
IG0003679,74579,9687,1729,1792581,4.8,0.053721422,85995,,,,unlabeled
IG0003680,14466,2185,2428,669255,2.85,0.053342896,19079,,,,unlabeled
IG0003681,123400,1734,2576,420338,30.38,0.184851239,127710,,,,unlabeled
IG0003682,120532,8912,2395,784425,16.81,0.05532715,131839,,,,unlabeled
IG0003683,110681,8340,3370,104875,116.7,0.910607867,122391,,,,unlabeled
IG0003684,151184,9526,448,1475311,10.92,0.007930531,161158,,,,unlabeled
IG0003685,193382,321,3011,1240656,15.86,0.062628158,196714,,,,unlabeled
IG0003686,40151,3771,3127,543770,8.65,0.089376023,47049,,,,unlabeled
IG0003687,154505,5208,1968,242112,66.78,0.178429818,161681,,,,unlabeled
IG0003688,15327,6142,943,1958729,1.14,0.009547007,22412,,,,unlabeled
IG0003689,8173,3060,4522,310165,5.08,0.098657166,15755,,,,unlabeled
IG0003690,20373,6034,4013,495380,6.14,0.089426299,30420,,,,unlabeled
IG0003691,163679,1846,3535,1842394,9.18,0.038211154,169060,,,,unlabeled
IG0003692,72172,2894,895,1967763,3.86,0.048684725,75961,,,,unlabeled
IG0003693,129977,6501,2249,1011246,13.72,0.076440352,138727,,,,unlabeled
IG0003694,86914,5239,482,1441948,6.42,0.009570387,92635,,,,unlabeled
IG0003695,25858,5587,4176,59346,60.02,0.670643346,35621,,,,unlabeled
IG0003696,30412,9291,35,26430,150.35,1.161558835,39738,,,,unlabeled
IG0003697,28744,2858,2326,135124,25.11,0.587608419,33928,,,,unlabeled
IG0003698,23771,2553,3108,68087,43.23,1.307151145,29432,,,,unlabeled
IG0003699,53519,477,3045,1558626,3.66,0.062811733,57041,,,,unlabeled
IG0003700,139583,5900,2262,1213462,12.18,0.019530896,147745,,,,unlabeled
IG0003701,110186,9684,3709,1517649,8.14,0.01469378,123579,,,,unlabeled
IG0003702,198845,4234,3201,1458786,14.14,0.020976346,206280,,,,unlabeled
IG0003703,83573,3239,3540,1752108,5.16,0.012328007,90352,,,,unlabeled
IG0003704,59516,3354,4022,269504,24.82,0.328009974,66892,,,,unlabeled
IG0003705,53724,7811,3842,1438471,4.54,0.004310132,65377,,,,unlabeled
IG0003706,163725,4907,4028,1676445,10.3,0.003996552,172660,,,,unlabeled
IG0003707,89323,2906,1894,1830620,5.14,0.02747703,94123,,,,unlabeled
IG0003708,174264,3034,3365,1886276,9.58,0.051105989,180663,,,,unlabeled
IG0003709,12625,2358,4895,1961670,1.01,0.047357609,19878,,,,unlabeled
IG0003710,171492,3005,3792,840770,21.21,0.11572725,178289,,,,unlabeled
IG0003711,180404,6212,843,142629,131.43,0.253805327,187459,,,,unlabeled
IG0003712,21168,7861,4793,422099,8.01,0.145463505,33822,,,,unlabeled
IG0003713,189832,6488,3130,581124,34.32,0.111335963,199450,,,,unlabeled
IG0003714,55058,7031,3340,363764,17.99,0.022542088,65429,,,,unlabeled
IG0003715,193773,7676,1757,447612,45.4,0.034404797,203206,,,,unlabeled
IG0003716,63431,3350,3764,171096,41.23,0.084747744,70545,,,,unlabeled
IG0003717,53247,2910,4482,268689,22.57,0.327516199,60639,,,,unlabeled
IG0003718,58484,2362,1008,1424569,4.34,0.043732525,61854,,,,unlabeled
IG0003719,167241,6423,3052,1447365,12.21,0.059072867,176716,,,,unlabeled
IG0003720,129384,866,1660,1974993,6.68,0.020253236,131910,,,,unlabeled
IG0003721,26730,8209,2263,900236,4.13,0.102195424,37202,,,,unlabeled
IG0003722,45964,4609,1954,1564667,3.36,0.056241999,52527,,,,unlabeled
IG0003723,197136,4371,4500,1600730,12.87,0.033422251,206007,,,,unlabeled
IG0003724,181994,3563,187,566251,32.8,0.157527316,185744,,,,unlabeled
IG0003725,52107,2072,2832,420557,13.56,0.090594141,57011,,,,unlabeled
IG0003726,79151,9438,1020,1328542,6.74,0.045388102,89609,,,,unlabeled
IG0003727,131396,3246,2154,167310,81.76,0.340684956,136796,,,,unlabeled
IG0003728,57879,4108,211,1308811,4.75,0.066548952,62198,,,,unlabeled
IG0003729,26527,1670,3325,1167930,2.7,0.026285822,31522,,,,unlabeled
IG0003730,183003,8088,3480,1461318,13.31,0.024703726,194571,,,,unlabeled
IG0003731,118284,9844,3040,1302729,10.07,0.06701317,131168,,,,unlabeled
IG0003732,133970,988,136,1401841,9.64,0.04429889,135094,,,,unlabeled
IG0003733,30033,5673,4384,668165,6,0.125268459,40090,,,,unlabeled
IG0003734,167378,6556,770,490660,35.61,0.19443199,174704,,,,unlabeled
IG0003735,47792,237,226,852233,5.66,0.032854865,48255,,,,unlabeled
IG0003736,99337,6819,3210,5230,2091.13,13.55640535,109366,,,,unlabeled
IG0003737,55361,1042,977,398071,14.41,0.21051521,57380,,,,unlabeled
IG0003738,195173,243,1070,1335848,14.71,0.02402968,196486,,,,unlabeled
IG0003739,163082,8745,3359,974138,17.98,0.068573446,175186,,,,unlabeled
IG0003740,125621,4041,1620,353187,37.17,0.097115692,131282,,,,unlabeled
IG0003741,52736,5503,2856,700818,8.72,0.01441173,61095,,,,unlabeled
IG0003742,182627,2876,4122,1505052,12.6,0.026710041,189625,,,,unlabeled
IG0003743,197978,8573,4524,1561112,13.52,0.008455511,211075,,,,unlabeled
IG0003744,44654,4381,1500,817329,6.18,0.011623226,50535,,,,unlabeled
IG0003745,161236,4602,4121,1481832,11.47,0.02058263,169959,,,,unlabeled
IG0003746,34003,8944,2012,351211,12.8,0.249137983,44959,,,,unlabeled
IG0003747,165230,1330,2581,1760918,9.61,0.010165152,169141,,,,unlabeled
IG0003748,136636,2542,2699,343444,41.31,0.257683931,141877,,,,unlabeled
IG0003749,25047,4370,3504,43936,74.93,1.579570284,32921,,,,unlabeled
IG0003750,3389,7464,2112,1681367,0.77,0.024979674,12965,,,,unlabeled
IG0003751,45716,3889,1340,51106,99.68,0.780730247,50945,,,,unlabeled
IG0003752,199654,7656,4093,765658,27.61,0.116762314,211403,,,,unlabeled
IG0003753,7108,6071,4094,386936,4.46,0.173930572,17273,,,,unlabeled
IG0003754,154837,9055,3063,701414,23.8,0.050754619,166955,,,,unlabeled
IG0003755,143289,6478,4432,70208,219.63,0.314778943,154199,,,,unlabeled
IG0003756,184442,2982,4363,533120,35.97,0.112169868,191787,,,,unlabeled
IG0003757,78437,1746,1528,628197,13.01,0.030563661,81711,,,,unlabeled
IG0003758,170126,8949,2219,317942,57.02,0.201294576,181294,,,,unlabeled
IG0003759,100767,7338,126,1469108,7.37,0.045605905,108231,,,,unlabeled
IG0003760,69587,4460,2066,801566,9.5,0.032810773,76113,,,,unlabeled
IG0003761,159435,5102,1518,390937,42.48,0.187498241,166055,,,,unlabeled
IG0003762,132276,521,3545,1298802,10.5,0.044348561,136342,,,,unlabeled
IG0003763,85312,7193,3897,1726221,5.58,0.024794044,96402,,,,unlabeled
IG0003764,44534,624,1811,292156,16.08,0.175933405,46969,,,,unlabeled
IG0003765,190600,4315,4270,1489401,13.37,0.063045479,199185,,,,unlabeled
IG0003766,45601,7952,86,972999,5.51,0.069989794,53639,,,,unlabeled
IG0003767,137880,8614,2288,588174,25.3,0.044884677,148782,,,,unlabeled
IG0003768,35483,9304,1112,623030,7.37,0.008506813,45899,,,,unlabeled
IG0003769,70818,9851,4629,1236188,6.9,0.008008491,85298,,,,unlabeled
IG0003770,178217,9373,809,612419,30.76,0.142712751,188399,,,,unlabeled
IG0003771,37655,4911,1155,1563319,2.8,0.003965921,43721,,,,unlabeled
IG0003772,140813,5376,4936,55139,274.08,1.213297303,151125,,,,unlabeled
IG0003773,165967,4183,1770,1343988,12.79,0.045684932,171920,,,,unlabeled
IG0003774,91695,5856,2815,929187,10.8,0.074258465,100366,,,,unlabeled
IG0003775,117322,843,2157,1366043,8.81,0.045020545,120322,,,,unlabeled
IG0003776,95153,2115,1816,1926880,5.14,0.050599934,99084,,,,unlabeled
IG0003777,54110,7374,4295,422070,15.58,0.158267586,65779,,,,unlabeled
IG0003778,79237,1322,4609,252763,33.69,0.303841939,85168,,,,unlabeled
IG0003779,62032,6405,1781,1952407,3.6,0.033497114,70218,,,,unlabeled
IG0003780,178841,1284,2414,671595,27.18,0.114503533,182539,,,,unlabeled
IG0003781,130856,3880,1853,1412930,9.67,0.013234909,136589,,,,unlabeled
IG0003782,113200,4702,3894,446422,27.28,0.083777233,121796,,,,unlabeled
IG0003783,193384,3843,4414,396022,50.92,0.24544091,201641,,,,unlabeled
IG0003784,47634,8396,4949,897037,6.8,0.04570603,60979,,,,unlabeled
IG0003785,39736,7028,209,105582,44.49,0.944289746,46973,,,,unlabeled
IG0003786,120736,2492,456,441964,27.99,0.008824248,123684,,,,unlabeled
IG0003787,85746,4419,610,548741,16.54,0.069431663,90775,,,,unlabeled
IG0003788,59190,6510,1190,1216603,5.5,0.056715297,66890,,,,unlabeled
IG0003789,100072,2694,359,1774885,5.81,0.04062235,103125,,,,unlabeled
IG0003790,129618,3628,2801,341924,39.79,0.215544975,136047,,,,unlabeled
IG0003791,5762,7787,2980,1812886,0.91,0.015886272,16529,,,,unlabeled
IG0003792,125893,6577,4462,1292192,10.6,0.042099007,136932,,,,unlabeled
IG0003793,151198,1545,4363,840464,18.69,0.071746083,157106,,,,unlabeled
IG0003794,170407,5388,1927,1811315,9.81,0.0051896,177722,,,,unlabeled
IG0003795,29048,8991,3380,697113,5.94,0.137567367,41419,,,,unlabeled
IG0003796,48962,4317,2916,1494326,3.76,0.016328432,56195,,,,unlabeled
IG0003797,39537,3301,4025,1534238,3.05,0.026788543,46863,,,,unlabeled
IG0003798,120665,964,4401,468250,26.92,0.097810998,126030,,,,unlabeled
IG0003799,104227,9386,2414,72418,160.22,0.168466403,116027,,,,unlabeled
IG0003800,55261,8453,1178,572630,11.33,0.096571957,64892,,,,unlabeled
IG0003801,95990,1757,4882,133242,77.02,0.164362588,102629,,,,unlabeled
IG0003802,120243,7516,4565,888852,14.89,0.038701606,132324,,,,unlabeled
IG0003803,190780,1005,3871,564035,34.69,0.109035787,195656,,,,unlabeled
IG0003804,2470,9902,3136,791990,1.96,0.045455119,15508,,,,unlabeled
IG0003805,116551,5696,502,1185679,10.35,0.030699709,122749,,,,unlabeled
IG0003806,167830,3446,3954,1409443,12.43,0.027457655,175230,,,,unlabeled
IG0003807,866,5699,1262,157336,4.97,0.219275944,7827,,,,unlabeled
IG0003808,69425,8533,150,1129797,6.91,0.011595003,78108,,,,unlabeled
IG0003809,10352,3673,4825,426211,4.42,0.188638961,18850,,,,unlabeled
IG0003810,101210,4730,2391,389490,27.81,0.232611877,108331,,,,unlabeled
IG0003811,198996,2283,4462,1512858,13.6,0.040387135,205741,,,,unlabeled
IG0003812,154933,8930,141,830148,19.76,0.08335863,164004,,,,unlabeled
IG0003813,805,6883,4107,1623517,0.73,0.007945713,11795,,,,unlabeled
IG0003814,90323,1199,3891,1395411,6.84,0.012326118,95413,,,,unlabeled
IG0003815,8076,779,3749,1970455,0.64,0.04729872,12604,,,,unlabeled
IG0003816,161561,274,4065,435485,38.1,0.228480889,165900,,,,unlabeled
IG0003817,64955,9086,927,1832930,4.09,0.04440977,74968,,,,unlabeled
IG0003818,1552,8101,4852,419920,3.45,0.096208802,14505,,,,unlabeled
IG0003819,146283,1114,3867,1050720,14.4,0.002569667,151264,,,,unlabeled
IG0003820,15688,154,4172,1594329,1.26,0.032364713,20014,,,,unlabeled
IG0003821,182050,8501,3503,903647,21.47,0.057655257,194054,,,,unlabeled
IG0003822,127759,9360,3716,1230753,11.44,0.058175767,140835,,,,unlabeled
IG0003823,195228,7166,2682,1766242,11.61,0.033007934,205076,,,,unlabeled
IG0003824,135955,203,1657,1400068,9.84,0.023356008,137815,,,,unlabeled
IG0003825,2030,9832,1286,237187,5.54,0.355837377,13148,,,,unlabeled
IG0003826,112054,51,2262,1616283,7.08,0.027656048,114367,,,,unlabeled
IG0003827,90213,14,1912,155542,59.24,0.30024045,92139,,,,unlabeled
IG0003828,171710,5775,538,945405,18.83,0.041463711,178023,,,,unlabeled
IG0003829,163995,8543,3039,171079,102.63,0.150807522,175577,,,,unlabeled
IG0003830,75194,5322,3751,1540314,5.47,0.038433722,84267,,,,unlabeled
IG0003831,31569,8710,1177,26175,158.38,1.898758357,41456,,,,unlabeled
IG0003832,159175,7965,2899,1316696,12.91,0.065694739,170039,,,,unlabeled
IG0003833,16123,530,4761,1886574,1.14,0.04733448,21414,,,,unlabeled
IG0003834,141975,117,3160,332659,43.66,0.048097301,145252,,,,unlabeled
IG0003835,78440,3919,4183,407356,21.24,0.067999489,86542,,,,unlabeled
IG0003836,175780,1778,4468,192737,94.44,0.004150734,182026,,,,unlabeled
IG0003837,190421,969,1474,709772,27.17,0.002536026,192864,,,,unlabeled
IG0003838,160819,7865,4898,1982245,8.76,0.036978275,173582,,,,unlabeled
IG0003839,80030,1400,3758,1720912,4.95,0.028996253,85188,,,,unlabeled
IG0003840,199712,6083,3147,1782740,11.72,0.001851083,208942,,,,unlabeled
IG0003841,62933,4578,4063,229011,31.25,0.079472165,71574,,,,unlabeled
IG0003842,58991,2649,1993,1019509,6.24,0.063167662,63633,,,,unlabeled
IG0003843,180943,8802,3553,1809919,10.68,0.006243373,193298,,,,unlabeled
IG0003844,50051,7637,3938,1201269,5.13,0.055191635,61626,,,,unlabeled
IG0003845,60271,4146,4664,461944,14.95,0.197643004,69081,,,,unlabeled
IG0003846,17446,5199,4976,634822,4.35,0.157051898,27621,,,,unlabeled
IG0003847,45923,9629,243,525531,10.62,0.134530599,55795,,,,unlabeled
IG0003848,109113,3126,3968,571821,20.32,0.006995196,116207,,,,unlabeled
IG0003849,24074,6571,1460,809326,3.97,0.110215167,32105,,,,unlabeled
IG0003850,103170,7759,2379,1415807,8,0.041036667,113308,,,,unlabeled
IG0003851,133422,2052,4867,843257,16.64,0.035457755,140341,,,,unlabeled
IG0003852,57498,5686,2782,1580717,4.17,0.021699014,65966,,,,unlabeled
IG0003853,6363,7723,2468,36649,45.17,1.132363775,16554,,,,unlabeled
IG0003854,190347,9309,688,1192487,16.8,0.010985445,200344,,,,unlabeled
IG0003855,7734,1714,3138,628258,2,0.067169857,12586,,,,unlabeled
IG0003856,22822,4546,538,1909489,1.46,0.047133029,27906,,,,unlabeled
IG0003857,171381,134,3121,1587101,11,0.025707249,174636,,,,unlabeled
IG0003858,16272,7100,2755,620738,4.21,0.08860421,26127,,,,unlabeled
IG0003859,28156,9430,3109,701131,5.8,0.03023686,40695,,,,unlabeled
IG0003860,66526,6404,227,985023,7.43,0.07959205,73157,,,,unlabeled
IG0003861,15430,6517,3835,862488,2.99,0.008231999,25782,,,,unlabeled
IG0003862,188468,6557,3412,338208,58.67,0.284144668,198437,,,,unlabeled
IG0003863,34658,7403,3348,363926,12.48,0.15964784,45409,,,,unlabeled
IG0003864,71347,5411,4272,1686001,4.81,0.04572951,81030,,,,unlabeled
IG0003865,78799,6882,2045,1384736,6.34,0.022314723,87726,,,,unlabeled
IG0003866,147986,217,638,259322,57.4,0.239856241,148841,,,,unlabeled
IG0003867,97260,7059,4609,1108557,9.83,0.037075225,108928,,,,unlabeled
IG0003868,54029,2183,581,1581915,3.59,0.051014119,56793,,,,unlabeled
IG0003869,114232,3158,4735,433939,28.14,0.000460894,122125,,,,unlabeled
IG0003870,46398,6107,3122,1018613,5.46,0.060179872,55627,,,,unlabeled
IG0003871,129042,3869,2743,441646,30.72,0.051625057,135654,,,,unlabeled
IG0003872,68191,3742,3608,1727925,4.37,0.011400958,75541,,,,unlabeled
IG0003873,184202,8951,1340,398451,48.81,0.180197816,194493,,,,unlabeled
IG0003874,93758,1042,2698,1831276,5.32,0.021296626,97498,,,,unlabeled
IG0003875,63871,3994,2404,579442,12.13,0.116146223,70269,,,,unlabeled
IG0003876,119166,5597,3229,641419,19.95,0.101181911,127992,,,,unlabeled
IG0003877,189701,19,4788,1436398,13.54,0.064397194,194508,,,,unlabeled
IG0003878,62647,5986,2162,539764,13.12,0.088742487,70795,,,,unlabeled
IG0003879,199299,2227,1030,1177294,17.21,0.079164593,202556,,,,unlabeled
IG0003880,84252,4187,4539,271122,34.29,0.290644064,92978,,,,unlabeled
IG0003881,73905,8562,4751,988544,8.82,0.026301308,87218,,,,unlabeled
IG0003882,171167,788,3448,720550,24.34,0.040108251,175403,,,,unlabeled
IG0003883,181752,1503,3020,907649,20.52,0.069960965,186275,,,,unlabeled
IG0003884,73622,6169,2635,1835339,4.49,0.054485847,82426,,,,unlabeled
IG0003885,194216,1804,4150,217100,92.2,0.068631967,200170,,,,unlabeled
IG0003886,102305,9883,4032,714444,16.27,0.095458846,116220,,,,unlabeled
IG0003887,111638,6788,2809,1834163,6.61,0.018918711,121235,,,,unlabeled
IG0003888,93192,8037,2002,1458795,7.08,0.027282792,103231,,,,unlabeled
IG0003889,135058,5837,1559,593122,24.02,0.156123024,142454,,,,unlabeled
IG0003890,96034,1925,2112,1200727,8.33,0.055882811,100071,,,,unlabeled
IG0003891,46825,7971,859,1779319,3.13,0.043499788,55655,,,,unlabeled
IG0003892,123881,3889,2195,680607,19.1,0.007493311,129965,,,,unlabeled
IG0003893,43276,6240,1918,1865212,2.76,0.046965171,51434,,,,unlabeled
IG0003894,21273,2014,838,788056,3.06,0.066746526,24125,,,,unlabeled
IG0003895,43960,5551,369,169399,29.45,0.292209517,49880,,,,unlabeled
IG0003896,174318,7657,956,1463370,12.5,0.06457697,182931,,,,unlabeled
IG0003897,6787,1497,3439,1957445,0.6,0.005772831,11723,,,,unlabeled
IG0003898,145498,8117,240,1449439,10.61,0.019869757,153855,,,,unlabeled
IG0003899,7831,6331,1121,387050,3.95,0.028678465,15283,,,,unlabeled
IG0003900,73107,8587,477,1743785,4.71,0.00791382,82171,,,,unlabeled
IG0003901,4209,3115,4645,1490437,0.8,0.011137673,11969,,,,unlabeled
IG0003902,121114,3286,4508,950562,13.56,0.087106364,128908,,,,unlabeled
IG0003903,120210,7543,1376,26264,491.66,0.48355163,129129,,,,unlabeled
IG0003904,88567,3209,3200,8004,1186.61,10.76961519,94976,,,,unlabeled
IG0003905,13162,3004,1623,1719493,1.03,0.015353363,17789,,,,unlabeled
IG0003906,27109,3572,2299,531248,6.21,0.15303587,32980,,,,unlabeled
IG0003907,70725,4236,4764,1946564,4.1,0.014795301,79725,,,,unlabeled
IG0003908,136269,9466,3889,1242675,12.04,0.005069708,149624,,,,unlabeled
IG0003909,152757,3216,4607,67338,238.47,0.815290029,160580,,,,unlabeled
IG0003910,14963,1586,554,1985455,0.86,0.035911164,17103,,,,unlabeled
IG0003911,14960,9781,4201,1803007,1.61,0.055074661,28942,,,,unlabeled
IG0003912,128474,1043,2113,289345,45.49,0.271648033,131630,,,,unlabeled
IG0003913,31469,9907,4035,1595584,2.85,0.000438711,45411,,,,unlabeled
IG0003914,95177,1504,138,1158447,8.36,0.013984239,96819,,,,unlabeled
IG0003915,199944,7622,3851,208801,101.25,0.07806476,211417,,,,unlabeled
IG0003916,24288,5178,50,1841635,1.6,0.004452565,29516,,,,unlabeled
IG0003917,32737,6986,4438,17333,254.78,0.900017308,44161,,,,unlabeled
IG0003918,3781,4311,96,864085,0.95,0.106471007,8188,,,,unlabeled
IG0003919,127630,1145,1858,623373,20.96,0.083096316,130633,,,,unlabeled
IG0003920,104711,6622,2306,1388279,8.19,0.009003954,113639,,,,unlabeled
IG0003921,124244,8674,4246,329977,41.57,0.009697646,137164,,,,unlabeled
IG0003922,39150,2648,1143,1279113,3.36,0.067077733,42941,,,,unlabeled
IG0003923,98191,4196,5,1961992,5.22,0.039704545,102392,,,,unlabeled
IG0003924,113797,7321,4220,1008776,12.42,0.042328525,125338,,,,unlabeled
IG0003925,90428,1448,3251,1235862,7.7,0.06400391,95127,,,,unlabeled
IG0003926,93111,8827,21,1470635,6.93,0.051406365,101959,,,,unlabeled
IG0003927,106335,7317,1413,1764951,6.52,0.031728926,115065,,,,unlabeled
IG0003928,110267,5798,3124,1483691,8.03,0.045427249,119189,,,,unlabeled
IG0003929,81620,9584,3669,250618,37.86,0.144043923,94873,,,,unlabeled
IG0003930,193138,8370,4677,730537,28.22,0.020669727,206185,,,,unlabeled
IG0003931,50597,7754,3467,736945,8.39,0.107199316,61818,,,,unlabeled
IG0003932,25267,1301,3496,1090776,2.76,0.039146443,30064,,,,unlabeled
IG0003933,131485,4790,1705,538542,25.62,0.16526102,137980,,,,unlabeled
IG0003934,138541,8142,2118,1060150,14.04,0.051785125,148801,,,,unlabeled
IG0003935,174249,5127,2785,630959,28.87,0.153417258,182161,,,,unlabeled
IG0003936,20046,9780,2814,124643,26.19,0.549569571,32640,,,,unlabeled
IG0003937,134588,7910,892,1819013,7.88,0.003133567,143390,,,,unlabeled
IG0003938,86680,223,1415,1686090,5.24,0.033924642,88318,,,,unlabeled
IG0003939,55540,9845,1132,1495231,4.45,0.013108342,66517,,,,unlabeled
IG0003940,56666,8297,4541,870781,7.98,0.107489713,69504,,,,unlabeled
IG0003941,127970,7306,2623,271075,50.87,0.101447939,137899,,,,unlabeled
IG0003942,114774,2635,1710,1129468,10.55,0.079417921,119119,,,,unlabeled
IG0003943,37940,1960,4177,326793,13.49,0.1713623,44077,,,,unlabeled
IG0003944,72568,6883,4503,915675,9.17,0.050017746,83954,,,,unlabeled
IG0003945,153746,4643,613,1620185,9.81,0.027465999,159002,,,,unlabeled
IG0003946,146619,6844,1940,1908924,8.14,0.021949538,155403,,,,unlabeled
IG0003947,146558,594,4568,50482,300.54,0.417970762,151720,,,,unlabeled
IG0003948,113371,7489,4162,1677151,7.45,0.028679588,125022,,,,unlabeled
IG0003949,14732,6798,3198,112340,22.01,0.128182304,24728,,,,unlabeled
IG0003950,4728,278,4556,1601451,0.6,0.011239807,9562,,,,unlabeled
IG0003951,43103,8583,3551,1156010,4.78,0.000346018,55237,,,,unlabeled
IG0003952,52919,4064,2175,704199,8.4,0.053109987,59158,,,,unlabeled
IG0003953,156438,9262,4919,6048,2821.08,11.29298942,170619,,,,unlabeled
IG0003954,177876,779,3783,968757,18.83,0.070296266,182438,,,,unlabeled
IG0003955,105245,3700,741,1149446,9.54,0.056374984,109686,,,,unlabeled
IG0003956,75558,7573,2274,984721,8.67,0.048846323,85405,,,,unlabeled
IG0003957,40906,6255,2328,1742587,2.84,0.050327473,49489,,,,unlabeled
IG0003958,93689,5357,4501,2470,4192.19,33.2388664,103547,,,,unlabeled
IG0003959,51427,9371,3480,715539,8.98,0.093775462,64278,,,,unlabeled
IG0003960,192183,4245,4863,1367363,14.72,0.033568262,201291,,,,unlabeled
IG0003961,3644,5888,1117,328516,3.24,0.185683498,10649,,,,unlabeled
IG0003962,197390,8126,4661,967333,21.73,0.032873891,210177,,,,unlabeled
IG0003963,139661,45,4317,282808,50.93,0.106079036,144023,,,,unlabeled
IG0003964,71924,8808,2715,182364,45.76,0.211664583,83447,,,,unlabeled
IG0003965,80380,6989,2493,1547663,5.81,0.049170911,89862,,,,unlabeled
IG0003966,122101,1050,3399,1548516,8.17,0.062834352,126550,,,,unlabeled
IG0003967,166914,8305,491,1741372,10.09,0.048352678,175710,,,,unlabeled
IG0003968,179409,9916,260,97542,194.36,0.936007053,189585,,,,unlabeled
IG0003969,46369,1541,1864,794209,6.27,0.058296997,49774,,,,unlabeled
IG0003970,58388,2491,2421,486263,13.02,0.020565003,63300,,,,unlabeled
IG0003971,50643,5198,2028,1964044,2.95,0.021282619,57869,,,,unlabeled
IG0003972,18854,53,4838,963976,2.46,0.015560553,23745,,,,unlabeled
IG0003973,53730,6793,594,166918,36.61,0.286967253,61117,,,,unlabeled
IG0003974,33868,777,4504,441057,8.88,0.136036839,39149,,,,unlabeled
IG0003975,68249,5227,2304,687471,11.02,0.116077624,75780,,,,unlabeled
IG0003976,174332,3161,1910,1184,15152.28,32.17905405,179403,,,,unlabeled
IG0003977,166171,6740,2161,1055858,16.58,0.062034857,175072,,,,unlabeled
IG0003978,28409,4138,531,1535247,2.15,0.015176711,33078,,,,unlabeled
IG0003979,144661,9158,3997,1237469,12.75,0.071436133,157816,,,,unlabeled
IG0003980,180820,9446,3006,891796,21.67,0.065149429,193272,,,,unlabeled
IG0003981,162839,6314,4470,526402,32.98,0.142286693,173623,,,,unlabeled
IG0003982,17526,1143,4749,1386110,1.69,0.005699403,23418,,,,unlabeled
IG0003983,95555,4175,4355,830966,12.53,0.061976062,104085,,,,unlabeled
IG0003984,131776,9236,2985,1252728,11.49,0.045740177,143997,,,,unlabeled
IG0003985,125018,1011,4809,1010144,12.95,0.077513701,130838,,,,unlabeled
IG0003986,64604,38,3894,1848764,3.71,0.053765651,68536,,,,unlabeled
IG0003987,60066,1042,473,1182988,5.21,0.021132928,61581,,,,unlabeled
IG0003988,33835,997,4209,1703832,2.29,0.044429263,39041,,,,unlabeled
IG0003989,175158,9460,2088,1115009,16.74,0.011300357,186706,,,,unlabeled
IG0003990,109233,5174,671,1974126,5.83,0.001114417,115078,,,,unlabeled
IG0003991,191727,8399,832,1222849,16.43,0.039579703,200958,,,,unlabeled
IG0003992,164192,4949,2486,424719,40.41,0.025193128,171627,,,,unlabeled
IG0003993,124212,7015,3723,451212,29.91,0.154029591,134950,,,,unlabeled
IG0003994,23263,5280,838,238679,12.31,0.323446973,29381,,,,unlabeled
IG0003995,162589,4520,1718,105595,159.88,0.675221365,168827,,,,unlabeled
IG0003996,184660,3175,4962,592790,32.52,0.104252771,192797,,,,unlabeled
IG0003997,166827,6255,2628,904631,19.42,0.01912382,175710,,,,unlabeled
IG0003998,192655,1770,650,1328592,14.68,0.059235642,195075,,,,unlabeled
IG0003999,78239,8776,4226,1229279,7.42,0.023021625,91241,,,,unlabeled
IG0004000,40083,442,3748,1929904,2.29,0.027047978,44273,,,,unlabeled
IG0004001,16898,9078,1911,1917161,1.45,0.042510775,27887,,,,unlabeled
IG0004002,46832,7415,4633,405366,14.53,0.077214172,58880,,,,unlabeled
IG0004003,70365,9707,4006,852697,9.86,0.018294893,84078,,,,unlabeled
IG0004004,103655,5510,2339,1697976,6.57,0.022791842,111504,,,,unlabeled
IG0004005,182463,7817,2558,1064969,18.11,0.04582293,192838,,,,unlabeled
IG0004006,15673,1759,4057,14041,153.04,7.093511858,21489,,,,unlabeled
IG0004007,185998,4261,2020,784583,24.51,0.024726511,192279,,,,unlabeled
IG0004008,45259,7570,309,906298,5.86,0.030012203,53138,,,,unlabeled
IG0004009,112343,9745,1232,1681549,7.33,0.01688919,123320,,,,unlabeled
IG0004010,83791,8997,2726,44556,214.37,0.929167789,95514,,,,unlabeled
IG0004011,70097,5436,418,1347093,5.64,0.030435909,75951,,,,unlabeled
IG0004012,59196,2659,2428,299550,21.46,0.108162243,64283,,,,unlabeled
IG0004013,162171,3026,4223,182377,92.9,0.218229272,169420,,,,unlabeled
IG0004014,77791,7857,296,675244,12.73,0.120549016,85944,,,,unlabeled
IG0004015,48468,5461,985,376235,14.6,0.021794889,54914,,,,unlabeled
IG0004016,119312,751,2650,790076,15.53,0.115052223,122713,,,,unlabeled
IG0004017,6146,6566,4406,1235169,1.39,0.039427803,17118,,,,unlabeled
IG0004018,166997,3954,4598,269163,65.22,0.034551554,175549,,,,unlabeled
IG0004019,150982,6334,2539,361057,44.27,0.02603467,159855,,,,unlabeled
IG0004020,195454,8280,2270,630709,32.66,0.131756484,206004,,,,unlabeled
IG0004021,95438,4187,4455,992102,10.49,0.090111702,104080,,,,unlabeled
IG0004022,107914,8591,3003,31759,376.3,1.98998709,119508,,,,unlabeled
IG0004023,177856,2771,3132,30064,611.23,1.736295902,183759,,,,unlabeled
IG0004024,69861,198,2852,547509,13.32,0.160545306,72911,,,,unlabeled
IG0004025,7992,6733,3456,1853334,0.98,0.023687042,18181,,,,unlabeled
IG0004026,168161,4250,953,1695175,10.23,0.007609834,173364,,,,unlabeled
IG0004027,72067,2442,2623,1826856,4.22,0.013520496,77132,,,,unlabeled
IG0004028,145343,4914,4403,1260240,12.27,0.031898686,154660,,,,unlabeled
IG0004029,56172,2121,2350,238853,25.39,0.353774079,60643,,,,unlabeled
IG0004030,48046,3698,2770,249958,21.81,0.292849199,54514,,,,unlabeled
IG0004031,137817,2179,1990,126096,112.6,0.080097703,141986,,,,unlabeled
IG0004032,170790,7117,2652,232202,77.76,0.110248835,180559,,,,unlabeled
IG0004033,66181,3046,4786,1313249,5.64,0.029012015,74013,,,,unlabeled
IG0004034,173202,5948,953,1261812,14.27,0.078775602,180103,,,,unlabeled
IG0004035,77186,4630,1251,988670,8.4,0.064935722,83067,,,,unlabeled
IG0004036,140768,4046,2133,829626,17.71,0.033388539,146947,,,,unlabeled
IG0004037,190335,7069,2385,1828403,10.93,0.034729761,199789,,,,unlabeled
IG0004038,79716,8196,4938,1191587,7.79,0.022491014,92850,,,,unlabeled
IG0004039,68815,5552,4730,1696165,4.66,0.031482786,79097,,,,unlabeled
IG0004040,155611,2995,3807,84899,191.3,0.366317624,162413,,,,unlabeled
IG0004041,75324,9407,3925,278402,31.84,0.009339013,88656,,,,unlabeled
IG0004042,138367,8451,95,1344829,10.92,0.023274335,146913,,,,unlabeled
IG0004043,3047,6251,1943,1267576,0.89,0.062323679,11241,,,,unlabeled
IG0004044,68359,5765,2297,373480,20.46,0.009371318,76421,,,,unlabeled
IG0004045,137097,5523,3208,1344638,10.85,0.013981458,145828,,,,unlabeled
IG0004046,136846,646,3771,1925208,7.34,0.049656972,141263,,,,unlabeled
IG0004047,18522,3297,4796,433736,6.14,0.039655459,26615,,,,unlabeled
IG0004048,84299,1332,3876,112900,79.28,0.024800709,89507,,,,unlabeled
IG0004049,127545,1852,2369,104276,126.36,0.77198972,131766,,,,unlabeled
IG0004050,187756,1127,1808,701478,27.18,0.137851793,190691,,,,unlabeled
IG0004051,147295,655,1839,34607,432.83,1.710636576,149789,,,,unlabeled
IG0004052,116397,8603,1838,1885534,6.73,0.026146439,126838,,,,unlabeled
IG0004053,170576,811,260,766276,22.4,0.084956334,171647,,,,unlabeled
IG0004054,181495,5653,4311,1588496,12.05,0.012023952,191459,,,,unlabeled
IG0004055,9187,5051,1381,473324,3.3,0.157820013,15619,,,,unlabeled
IG0004056,186116,2941,116,1573509,12.02,0.032983605,189173,,,,unlabeled
IG0004057,104320,4443,488,562738,19.41,0.141095856,109251,,,,unlabeled
IG0004058,99504,7368,207,1039166,10.3,0.048211739,107079,,,,unlabeled
IG0004059,184684,4715,2812,1912179,10.05,0.027246403,192211,,,,unlabeled
IG0004060,10852,6023,2518,882006,2.2,0.099319052,19393,,,,unlabeled
IG0004061,115712,4137,536,370838,32.46,0.110021087,120385,,,,unlabeled
IG0004062,65820,7407,997,714210,10.39,0.10151076,74224,,,,unlabeled
IG0004063,85866,6139,1954,1243917,7.55,0.047430817,93959,,,,unlabeled
IG0004064,79585,9518,1565,473665,19.14,0.177129406,90668,,,,unlabeled
IG0004065,182669,6048,2926,691274,27.72,0.058442817,191643,,,,unlabeled
IG0004066,73690,3319,1015,531074,14.69,0.120510513,78024,,,,unlabeled
IG0004067,143894,7550,4183,1534935,10.14,0.06006769,155627,,,,unlabeled
IG0004068,192914,6815,4989,1916234,10.68,0.050150451,204718,,,,unlabeled
IG0004069,101510,9787,818,307626,36.45,0.279885315,112115,,,,unlabeled
IG0004070,88368,8564,2649,16436,605.87,2.810902896,99581,,,,unlabeled
IG0004071,34035,2372,1001,649884,5.76,0.04770082,37408,,,,unlabeled
IG0004072,3316,5220,2700,1970646,0.57,0.013498112,11236,,,,unlabeled
IG0004073,18138,4642,2220,1905962,1.31,0.009129248,25000,,,,unlabeled
IG0004074,65191,9962,997,1964261,3.88,0.013032891,76150,,,,unlabeled
IG0004075,160078,4427,1619,1616726,10.28,0.051400175,166124,,,,unlabeled
IG0004076,145471,8452,1413,1978891,7.85,0.010359338,155336,,,,unlabeled
IG0004077,113519,1750,283,626726,18.44,0.086162055,115552,,,,unlabeled
IG0004078,50556,6710,904,749421,7.76,0.012142708,58170,,,,unlabeled
IG0004079,175670,3674,3996,1042628,17.58,0.073372286,183340,,,,unlabeled
IG0004080,16684,3711,2779,1713387,1.35,0.007528947,23174,,,,unlabeled
IG0004081,124681,4151,2547,1159556,11.33,0.061747772,131379,,,,unlabeled
IG0004082,22648,1242,1654,216419,11.8,0.413087575,25544,,,,unlabeled
IG0004083,145247,350,53,1964677,7.41,0.027434535,145650,,,,unlabeled
IG0004084,85366,3355,341,922527,9.65,0.038156065,89062,,,,unlabeled
IG0004085,70077,9134,1890,1592988,5.09,0.0279977,81101,,,,unlabeled
IG0004086,11681,3027,1818,1551077,1.07,0.02275838,16526,,,,unlabeled
IG0004087,111776,9920,4649,1991478,6.34,0.041727802,126345,,,,unlabeled
IG0004088,191833,1899,374,318684,60.91,0.212749934,194106,,,,unlabeled
IG0004089,156220,3286,863,436113,36.77,0.198113792,160369,,,,unlabeled
IG0004090,187766,8530,1355,142061,139.13,0.486410767,197651,,,,unlabeled
IG0004091,165423,4417,571,1956371,8.71,0.008076178,170411,,,,unlabeled
IG0004092,112844,8102,3589,1351581,9.21,0.037881562,124535,,,,unlabeled
IG0004093,88490,6323,3652,1531873,6.43,0.038514942,98465,,,,unlabeled
IG0004094,14394,7646,3387,263516,9.65,0.099424703,25427,,,,unlabeled
IG0004095,20035,4786,703,1097510,2.33,0.057038205,25524,,,,unlabeled
IG0004096,35597,985,3118,1430783,2.77,0.015096629,39700,,,,unlabeled
IG0004097,91780,9694,1519,499216,20.63,0.019430467,102993,,,,unlabeled
IG0004098,132219,8898,1880,1113258,12.84,0.051650201,142997,,,,unlabeled
IG0004099,25267,8308,1778,512399,6.9,0.048985263,35353,,,,unlabeled
IG0004100,165038,9076,2287,389450,45.29,0.05520606,176401,,,,unlabeled
IG0004101,120548,4863,3526,42404,304.07,1.155551363,128937,,,,unlabeled
IG0004102,193856,9745,2022,1977890,10.4,0.025330023,205623,,,,unlabeled
IG0004103,49331,6076,4371,319078,18.73,0.21154702,59778,,,,unlabeled
IG0004104,87990,4786,891,422170,22.19,0.026529597,93667,,,,unlabeled
IG0004105,155085,2520,328,459552,34.37,0.0134914,157933,,,,unlabeled
IG0004106,38429,5422,295,136549,32.33,0.590264301,44146,,,,unlabeled
IG0004107,39264,2903,1956,1689715,2.61,0.001834629,44123,,,,unlabeled
IG0004108,81393,1062,149,1448465,5.7,0.034243147,82604,,,,unlabeled
IG0004109,147144,2695,3010,1553207,9.84,0.061743219,152849,,,,unlabeled
IG0004110,185324,3389,3705,1363078,14.12,0.007189611,192418,,,,unlabeled
IG0004111,158626,5696,3160,1361552,12.3,0.055818654,167482,,,,unlabeled
IG0004112,131829,8225,4650,1972526,7.34,0.014752657,144704,,,,unlabeled
IG0004113,112617,5952,3850,1003516,12.2,0.093770304,122419,,,,unlabeled
IG0004114,15782,6071,301,402699,5.5,0.14849801,22154,,,,unlabeled
IG0004115,3316,922,913,1333389,0.39,0.051897833,5151,,,,unlabeled
IG0004116,180714,3206,2251,795997,23.39,0.057537905,186171,,,,unlabeled
IG0004117,130563,589,320,67731,194.11,0.786936558,131472,,,,unlabeled
IG0004118,83455,4606,1666,1535934,5.84,0.044207629,89727,,,,unlabeled
IG0004119,188399,8564,365,255849,77.13,0.3771756,197328,,,,unlabeled
IG0004120,42154,6050,3478,557546,9.27,0.142768489,51682,,,,unlabeled
IG0004121,18927,1151,87,468390,4.31,0.196417515,20165,,,,unlabeled
IG0004122,49116,757,3584,1534620,3.48,0.060145183,53457,,,,unlabeled
IG0004123,101739,7423,325,209863,52.17,0.33498044,109487,,,,unlabeled
IG0004124,63350,9743,1261,1570929,4.73,0.061492276,74354,,,,unlabeled
IG0004125,93989,5083,2958,1461870,6.98,0.02804627,102030,,,,unlabeled
IG0004126,42629,9914,797,384235,13.88,0.091090088,53340,,,,unlabeled
IG0004127,73915,8853,957,1069350,7.83,0.093047178,83725,,,,unlabeled
IG0004128,49555,7205,462,1709669,3.35,0.013101951,57222,,,,unlabeled
IG0004129,12934,6692,560,1791792,1.13,0.004799664,20186,,,,unlabeled
IG0004130,14619,9609,47,1171553,2.07,0.029960232,24275,,,,unlabeled
IG0004131,147453,4105,2746,1516884,10.17,0.047465726,154304,,,,unlabeled
IG0004132,26957,2866,3419,1780235,1.87,0.053139052,33242,,,,unlabeled
IG0004133,159912,8744,4363,700086,24.71,0.062706582,173019,,,,unlabeled
IG0004134,94660,7382,1184,1396706,7.39,0.02577493,103226,,,,unlabeled
IG0004135,174357,1490,4382,441408,40.83,0.027412281,180229,,,,unlabeled
IG0004136,51042,1185,1315,796850,6.72,0.029993098,53542,,,,unlabeled
IG0004137,180111,711,250,1801449,10.05,0.047295261,181072,,,,unlabeled
IG0004138,129580,4968,970,375336,36.11,0.202218812,135518,,,,unlabeled
IG0004139,97245,40,4437,806977,12.61,0.077077785,101722,,,,unlabeled
IG0004140,42273,1563,1118,641276,7.01,0.001559391,44954,,,,unlabeled
IG0004141,5682,6316,2958,609585,2.45,0.056923973,14956,,,,unlabeled
IG0004142,108910,7315,4425,1867489,6.46,0.03914347,120650,,,,unlabeled
IG0004143,31311,4428,3434,994486,3.94,0.067270932,39173,,,,unlabeled
IG0004144,180683,4339,1269,106813,174.41,0.784548697,186291,,,,unlabeled
IG0004145,109787,468,248,48746,226.69,1.916054651,110503,,,,unlabeled
IG0004146,128984,3158,528,1239736,10.7,0.026376583,132670,,,,unlabeled
IG0004147,195710,730,3393,903573,22.12,0.095841731,199833,,,,unlabeled
IG0004148,40340,7809,3314,112550,45.72,0.615726344,51463,,,,unlabeled
IG0004149,190039,9067,2296,1394391,14.44,0.039587175,201402,,,,unlabeled
IG0004150,160680,5365,4075,155574,109.35,0.559862188,170120,,,,unlabeled
IG0004151,125540,709,359,270084,46.88,0.114038595,126608,,,,unlabeled
IG0004152,122260,9919,4183,1341665,10.16,0.047329251,136362,,,,unlabeled
IG0004153,51111,9606,2124,1082126,5.81,0.073651312,62841,,,,unlabeled
IG0004154,180783,446,3039,426674,43.19,0.226402359,184268,,,,unlabeled
IG0004155,159267,677,4462,801435,20.51,0.050035249,164406,,,,unlabeled
IG0004156,165331,1733,2013,1647191,10.26,0.015663029,169077,,,,unlabeled
IG0004157,109593,5032,1963,1086174,10.73,0.031946999,116588,,,,unlabeled
IG0004158,143930,6925,2944,1341315,11.47,0.010437518,153799,,,,unlabeled
IG0004159,79757,533,4057,364880,23.12,0.236516115,84347,,,,unlabeled
IG0004160,85383,3954,4239,493068,18.98,0.194902123,93576,,,,unlabeled
IG0004161,149287,7452,3195,1656065,9.66,0.02222135,159934,,,,unlabeled
IG0004162,75116,7871,3802,66902,129.73,0.224208544,86789,,,,unlabeled
IG0004163,154002,5241,3703,1438090,11.33,0.038384246,162946,,,,unlabeled
IG0004164,49467,9472,541,564295,10.54,0.145136852,59480,,,,unlabeled
IG0004165,38904,1544,4662,1349816,3.34,0.05452595,45110,,,,unlabeled
IG0004166,71252,5544,4721,1757339,4.64,0.030785181,81517,,,,unlabeled
IG0004167,12862,7182,163,337042,6,0.288094659,20207,,,,unlabeled
IG0004168,106828,4100,2909,1177698,9.67,0.071155763,113837,,,,unlabeled
IG0004169,165423,321,948,104194,159.98,0.200587366,166692,,,,unlabeled
IG0004170,153501,2401,4368,1594887,10.05,0.009655856,160270,,,,unlabeled
IG0004171,20375,2163,4939,1554017,1.77,0.021299638,27477,,,,unlabeled
IG0004172,72316,9296,741,1799886,4.58,0.051503262,82353,,,,unlabeled
IG0004173,101766,985,4552,222566,48.21,0.344167573,107303,,,,unlabeled
IG0004174,95876,1639,4796,134034,76.33,0.123849173,102311,,,,unlabeled
IG0004175,56761,6646,4286,1375162,4.92,0.071409768,67693,,,,unlabeled
IG0004176,188229,6038,954,1053698,18.53,0.004650289,195221,,,,unlabeled
IG0004177,184098,2356,45,1307768,14.26,0.07470744,186499,,,,unlabeled
IG0004178,16866,4623,2246,1751900,1.35,0.038415435,23735,,,,unlabeled
IG0004179,44918,6650,268,1718487,3.02,0.010299758,51836,,,,unlabeled
IG0004180,13087,5585,3306,1427413,1.54,0.066904253,21978,,,,unlabeled
IG0004181,14479,8809,1253,917230,2.68,0.017770897,24541,,,,unlabeled
IG0004182,121988,1500,2472,550296,22.89,0.140106415,125960,,,,unlabeled
IG0004183,33680,1557,1038,697483,5.2,0.021936019,36275,,,,unlabeled
IG0004184,156312,4291,2370,132275,123.21,0.415800416,162973,,,,unlabeled
IG0004185,185199,9988,3386,772217,25.71,0.056719808,198573,,,,unlabeled
IG0004186,79284,3700,2038,817474,10.4,0.103122546,85022,,,,unlabeled
IG0004187,156445,8316,4135,1896858,8.9,0.029206193,168896,,,,unlabeled
IG0004188,193158,401,3897,501295,39.39,0.082386619,197456,,,,unlabeled
IG0004189,168742,6999,2814,742623,24.04,0.124019859,178555,,,,unlabeled
IG0004190,83588,2904,392,1725328,5.04,0.052453794,86884,,,,unlabeled
IG0004191,136018,1596,4794,1988635,7.16,0.046413746,142408,,,,unlabeled
IG0004192,71375,203,571,496093,14.54,0.09433715,72149,,,,unlabeled
IG0004193,40530,9595,4197,1319769,4.12,0.02083698,54322,,,,unlabeled
IG0004194,159040,657,1154,1639331,9.81,0.026718216,160851,,,,unlabeled
IG0004195,32521,4308,1174,107202,35.45,0.389918099,38003,,,,unlabeled
IG0004196,48664,4199,1580,1484078,3.67,0.009231321,54443,,,,unlabeled
IG0004197,139909,3851,4759,1550401,9.58,0.008771924,148519,,,,unlabeled
IG0004198,113335,3963,3206,1135647,10.61,0.037335545,120504,,,,unlabeled
IG0004199,88695,5760,4085,312727,31.51,0.295465374,98540,,,,unlabeled
IG0004200,51086,7476,4744,1121913,5.64,0.054817085,63306,,,,unlabeled
IG0004201,137314,8642,3067,45498,327.54,0.918721702,149023,,,,unlabeled
IG0004202,198420,2161,662,1045055,19.26,0.028610934,201243,,,,unlabeled
IG0004203,103872,9088,4014,1616148,7.24,0.018748283,116974,,,,unlabeled
IG0004204,50199,3777,3272,1571818,3.64,0.060503188,57248,,,,unlabeled
IG0004205,171,9992,3269,1766047,0.76,0.055604409,13432,,,,unlabeled
IG0004206,26225,9957,126,955922,3.8,0.021340653,36308,,,,unlabeled
IG0004207,41085,7806,1479,1371433,3.67,0.056364401,50370,,,,unlabeled
IG0004208,17754,7404,4213,784106,3.75,0.023721283,29371,,,,unlabeled
IG0004209,115093,2511,4509,1290647,9.46,0.036958208,122113,,,,unlabeled
IG0004210,98174,7731,4537,1730812,6.38,0.053038689,110442,,,,unlabeled
IG0004211,2313,5047,3534,453384,2.4,0.166525506,10894,,,,unlabeled
IG0004212,14051,77,1024,213099,7.11,0.355233952,15152,,,,unlabeled
IG0004213,28577,6552,998,1971387,1.83,0.003601525,36127,,,,unlabeled
IG0004214,163544,690,2624,1009778,16.52,0.030006596,166858,,,,unlabeled
IG0004215,43608,3329,266,979834,4.82,0.092770816,47203,,,,unlabeled
IG0004216,167559,6910,1172,385179,45.6,0.188224176,175641,,,,unlabeled
IG0004217,28576,9549,4252,1464971,2.89,0.039318184,42377,,,,unlabeled
IG0004218,16653,6502,882,1330496,1.81,0.043066646,24037,,,,unlabeled
IG0004219,34149,3864,1945,1677198,2.38,0.006856674,39958,,,,unlabeled
IG0004220,169091,6927,1205,932121,19.01,0.01212289,177223,,,,unlabeled
IG0004221,13408,1266,3655,1640829,1.12,0.039309398,18329,,,,unlabeled
IG0004222,24778,7112,130,190506,16.81,0.508645397,32020,,,,unlabeled
IG0004223,87792,3671,891,988386,9.34,0.069406082,92354,,,,unlabeled
IG0004224,175237,4514,338,567792,31.72,0.129448812,180089,,,,unlabeled
IG0004225,90227,1598,3927,1906792,5.02,0.050241453,95752,,,,unlabeled
IG0004226,36014,6169,2933,75986,59.37,0.769878662,45116,,,,unlabeled
IG0004227,184305,5821,3620,76794,252.29,0.570357059,193746,,,,unlabeled
IG0004228,24726,5605,378,664238,4.62,0.059316089,30709,,,,unlabeled
IG0004229,115211,2645,365,1167125,10.13,0.023048088,118221,,,,unlabeled
IG0004230,50818,3807,2467,1694254,3.37,0.018769323,57092,,,,unlabeled
IG0004231,112329,9741,4180,345192,36.57,0.084590605,126250,,,,unlabeled
IG0004232,47543,5406,3990,1360056,4.19,0.050953784,56939,,,,unlabeled
IG0004233,115477,2143,312,1085920,10.86,0.044202151,117932,,,,unlabeled
IG0004234,130903,8880,2748,1321051,10.79,0.05700007,142531,,,,unlabeled
IG0004235,182383,3387,4926,244744,77.92,0.192445984,190696,,,,unlabeled
IG0004236,18880,6773,283,1941359,1.34,0.044865478,25936,,,,unlabeled
IG0004237,35450,7421,3827,399106,11.7,0.218488321,46698,,,,unlabeled
IG0004238,98049,9480,2034,1153737,9.5,0.041603936,109563,,,,unlabeled
IG0004239,154788,3063,3805,161206,100.28,0.22331675,161656,,,,unlabeled
IG0004240,111198,8538,2345,1397724,8.73,0.071473338,122081,,,,unlabeled
IG0004241,62360,4300,1308,893247,7.61,0.095270401,67968,,,,unlabeled
IG0004242,67645,8835,2975,1858337,4.28,0.018618797,79455,,,,unlabeled
IG0004243,9113,2429,3226,902078,1.64,0.089238403,14768,,,,unlabeled
IG0004244,75444,5907,2582,141860,59.17,0.271394332,83933,,,,unlabeled
IG0004245,25791,777,3988,1470776,2.08,0.053033229,30556,,,,unlabeled
IG0004246,123016,4530,163,1553104,8.22,0.025497327,127709,,,,unlabeled
IG0004247,33985,7251,4978,1851114,2.5,0.025984353,46214,,,,unlabeled
IG0004248,114368,543,3668,1501767,7.9,0.029698349,118579,,,,unlabeled
IG0004249,129514,5048,1669,1668935,8.16,0.033614251,136231,,,,unlabeled
IG0004250,151339,7582,2303,1692672,9.52,0.055710734,161224,,,,unlabeled
IG0004251,14734,7544,1729,537632,4.47,0.160890721,24007,,,,unlabeled
IG0004252,135537,1670,1544,1521869,9.12,0.02634918,138751,,,,unlabeled
IG0004253,128531,5745,3922,1698096,8.14,0.019963536,138198,,,,unlabeled
IG0004254,51447,448,4106,569966,9.83,0.094216146,56001,,,,unlabeled
IG0004255,139261,9216,3975,239698,63.6,0.042970738,152452,,,,unlabeled
IG0004256,44159,1684,2231,160204,30.01,0.045566902,48074,,,,unlabeled
IG0004257,161536,699,3541,1498140,11.07,0.009077923,165776,,,,unlabeled
IG0004258,193483,9748,401,1164136,17.49,0.056522606,203632,,,,unlabeled
IG0004259,38877,4370,4539,652163,7.33,0.052900885,47786,,,,unlabeled
IG0004260,20125,5429,4360,308085,9.71,0.025642274,29914,,,,unlabeled
IG0004261,14672,1268,4775,1591246,1.3,0.014768301,20715,,,,unlabeled
IG0004262,45193,6420,306,1653355,3.14,0.038769653,51919,,,,unlabeled
IG0004263,37071,4206,3277,1250002,3.56,0.02519996,44554,,,,unlabeled
IG0004264,17033,1711,1407,93381,21.58,0.86634326,20151,,,,unlabeled
IG0004265,129246,1251,3133,659589,20.26,0.038812048,133630,,,,unlabeled
IG0004266,68164,8698,3727,730131,11.04,0.054510766,80589,,,,unlabeled
IG0004267,179850,1298,3872,1825510,10.14,0.009148128,185020,,,,unlabeled
IG0004268,132367,1803,2505,481225,28.4,0.151696192,136675,,,,unlabeled
IG0004269,104164,334,3893,1950411,5.56,0.033069953,108391,,,,unlabeled
IG0004270,51220,9568,70,1459536,4.17,0.052208373,60858,,,,unlabeled
IG0004271,102128,200,431,1442281,7.12,0.065451878,102759,,,,unlabeled
IG0004272,34857,6915,1891,1231749,3.54,0.030200958,43663,,,,unlabeled
IG0004273,41807,7384,1287,1706046,2.96,0.00902672,50478,,,,unlabeled
IG0004274,57297,7607,2510,667325,10.1,0.10159967,67414,,,,unlabeled
IG0004275,55695,4836,4425,128815,50.43,0.651321663,64956,,,,unlabeled
IG0004276,138906,5730,2913,852384,17.31,0.00293295,147549,,,,unlabeled
IG0004277,191625,8881,2802,1322444,15.37,0.066316608,203308,,,,unlabeled
IG0004278,31491,9269,4150,605606,7.42,0.115421578,44910,,,,unlabeled
IG0004279,145028,2086,596,255035,57.92,0.380339953,147710,,,,unlabeled
IG0004280,105814,9293,4393,1286537,9.29,0.048735481,119500,,,,unlabeled
IG0004281,35292,7520,4001,452304,10.35,0.031173724,46813,,,,unlabeled
IG0004282,73655,2501,4583,1353156,5.97,0.045523206,80739,,,,unlabeled
IG0004283,169019,6418,3968,76377,234.89,1.07362164,179405,,,,unlabeled
IG0004284,199957,7758,2165,753303,27.86,0.046727545,209880,,,,unlabeled
IG0004285,8434,540,1242,1976553,0.52,0.003693298,10216,,,,unlabeled
IG0004286,39363,8781,353,185169,26.19,0.031322738,48497,,,,unlabeled
IG0004287,99337,8731,3749,1372948,8.14,0.021777955,111817,,,,unlabeled
IG0004288,101659,8540,3539,1220730,9.32,0.035142906,113738,,,,unlabeled
IG0004289,6428,1239,3556,120179,9.34,0.751379193,11223,,,,unlabeled
IG0004290,35814,3620,1983,476488,8.69,0.194758315,41417,,,,unlabeled
IG0004291,131065,1804,1320,1549177,8.66,0.028079425,134189,,,,unlabeled
IG0004292,198860,1957,3972,288814,70.91,0.001384974,204789,,,,unlabeled
IG0004293,19520,169,2272,984417,2.23,0.03423346,21961,,,,unlabeled
IG0004294,157180,1801,4697,893975,18.31,0.017002713,163678,,,,unlabeled
IG0004295,67037,8537,2090,735698,10.56,0.012912907,77664,,,,unlabeled
IG0004296,77428,3198,4326,90296,94.08,0.734251794,84952,,,,unlabeled
IG0004297,29952,7953,1886,601098,6.62,0.012144442,39791,,,,unlabeled
IG0004298,65392,6047,4671,1544943,4.93,0.018965101,76110,,,,unlabeled
IG0004299,27860,153,793,410002,7.03,0.043170521,28806,,,,unlabeled
IG0004300,2380,1273,4314,1952867,0.41,0.029648716,7967,,,,unlabeled
IG0004301,19242,4603,4769,989583,2.89,0.056690545,28614,,,,unlabeled
IG0004302,117050,3725,677,1940517,6.26,0.00484407,121452,,,,unlabeled
IG0004303,132245,8298,1640,583843,24.35,0.12880175,142183,,,,unlabeled
IG0004304,130154,8573,80,472652,29.37,0.145984784,138807,,,,unlabeled
IG0004305,16703,8166,227,1674721,1.5,0.03361754,25096,,,,unlabeled
IG0004306,116979,7513,1696,1501145,8.41,0.006461734,126188,,,,unlabeled
IG0004307,37940,9260,475,524490,9.09,0.173120555,47675,,,,unlabeled
IG0004308,74176,6482,2574,440177,18.91,0.020673502,83232,,,,unlabeled
IG0004309,87670,5087,1657,140023,67.43,0.660605758,94414,,,,unlabeled
IG0004310,19045,4897,661,237446,10.36,0.318809329,24603,,,,unlabeled
IG0004311,135357,1033,330,1838934,7.43,0.044319154,136720,,,,unlabeled
IG0004312,172137,483,2362,150219,116.48,0.547201086,174982,,,,unlabeled
IG0004313,142090,4231,1215,1041512,14.17,0.044838658,147536,,,,unlabeled
IG0004314,74537,7363,2737,1855035,4.56,0.017196441,84637,,,,unlabeled
IG0004315,106461,8327,3177,1258235,9.38,0.013113608,117965,,,,unlabeled
IG0004316,165313,7616,241,1361374,12.72,0.07147191,173170,,,,unlabeled
IG0004317,175971,8779,2382,1871799,10,0.033604035,187132,,,,unlabeled
IG0004318,99755,247,3333,1918805,5.39,0.042734931,103335,,,,unlabeled
IG0004319,57882,7249,1989,553701,12.12,0.067726083,67120,,,,unlabeled
IG0004320,155159,9340,197,1845344,8.92,0.049042347,164696,,,,unlabeled
IG0004321,197144,1418,4163,1057865,19.16,0.049155611,202725,,,,unlabeled
IG0004322,3846,6994,4959,124691,12.67,0.032881283,15799,,,,unlabeled
IG0004323,20200,716,1753,383513,5.91,0.121508267,22669,,,,unlabeled
IG0004324,81335,9281,1467,954823,9.64,0.101589509,92083,,,,unlabeled
IG0004325,176978,6987,162,881597,20.89,0.094941339,184127,,,,unlabeled
IG0004326,143539,5327,3819,1547256,9.87,0.028502071,152685,,,,unlabeled
IG0004327,133520,5386,1151,824166,16.99,0.078624937,140057,,,,unlabeled
IG0004328,197139,9365,1941,704955,29.57,0.116603187,208445,,,,unlabeled
IG0004329,62190,1087,3124,672987,9.87,0.118278659,66401,,,,unlabeled
IG0004330,76783,453,2911,1443916,5.55,0.057967361,80147,,,,unlabeled
IG0004331,35507,604,1844,34652,109.53,2.444303359,37955,,,,unlabeled
IG0004332,45587,5203,4609,1728486,3.21,0.002198456,55399,,,,unlabeled
IG0004333,173259,2560,4196,1813341,9.93,0.023878576,180015,,,,unlabeled
IG0004334,189866,9208,3515,1030354,19.66,0.095209996,202589,,,,unlabeled
IG0004335,117979,9123,292,1584066,8.04,0.021211237,127394,,,,unlabeled
IG0004336,134050,3598,1599,142815,97.5,0.322095018,139247,,,,unlabeled
IG0004337,196075,9611,2798,674624,30.9,0.054548904,208484,,,,unlabeled
IG0004338,49401,1143,3906,168290,32.35,0.540139046,54450,,,,unlabeled
IG0004339,79112,949,758,1729056,4.67,0.048928433,80819,,,,unlabeled
IG0004340,104829,7842,1137,525445,21.66,0.107527905,113808,,,,unlabeled
IG0004341,184437,1938,3207,50297,376.93,1.157126668,189582,,,,unlabeled
IG0004342,145156,600,341,1747953,8.36,0.03077886,146097,,,,unlabeled
IG0004343,170852,9766,2190,1876602,9.74,0.010870712,182808,,,,unlabeled
IG0004344,175965,533,4236,1951822,9.26,0.032175065,180734,,,,unlabeled
IG0004345,159203,7547,982,85770,195.56,1.150752011,167732,,,,unlabeled
IG0004346,104071,1354,4404,773767,14.19,0.063068081,109829,,,,unlabeled
IG0004347,195733,9767,4605,275060,76.39,0.134152549,210105,,,,unlabeled
IG0004348,104354,4764,4335,83652,135.62,0.971883517,113453,,,,unlabeled
IG0004349,20371,9581,1983,1885542,1.69,0.008379553,31935,,,,unlabeled
IG0004350,165646,4874,1893,32946,523.32,0.643477205,172413,,,,unlabeled
IG0004351,92774,8433,2851,1104616,9.42,0.02145542,104058,,,,unlabeled
IG0004352,125852,8513,3607,329837,41.83,0.201008377,137972,,,,unlabeled
IG0004353,115228,4454,1623,62057,195.47,0.960407367,121305,,,,unlabeled
IG0004354,181370,4720,461,1562026,11.94,0.020230137,186551,,,,unlabeled
IG0004355,79401,5391,2137,995340,8.73,0.022404405,86929,,,,unlabeled
IG0004356,66456,7252,1265,1759499,4.26,0.029042358,74973,,,,unlabeled
IG0004357,61838,4727,1952,991857,6.91,0.033976672,68517,,,,unlabeled
IG0004358,93086,6467,3515,1944357,5.3,0.021703833,103068,,,,unlabeled
IG0004359,47682,8635,2121,1584368,3.69,0.06311665,58438,,,,unlabeled
IG0004360,107556,3585,149,1838727,6.05,0.001903491,111290,,,,unlabeled
IG0004361,18274,6560,3977,1772608,1.63,0.041746399,28811,,,,unlabeled
IG0004362,5471,622,973,699781,1.01,0.06716387,7066,,,,unlabeled
IG0004363,120503,6857,1763,100037,129.08,0.195927507,129123,,,,unlabeled
IG0004364,66642,2497,2057,115958,61.4,0.227668639,71196,,,,unlabeled
IG0004365,108562,2672,4340,668743,17.28,0.080748509,115574,,,,unlabeled
IG0004366,42724,7162,4517,1172843,4.64,0.013727328,54403,,,,unlabeled
IG0004367,177443,2222,4591,1439682,12.8,0.038897479,184256,,,,unlabeled
IG0004368,184480,851,220,874984,21.21,0.087087307,185551,,,,unlabeled
IG0004369,47336,4550,4203,82227,68.21,0.408624904,56089,,,,unlabeled
IG0004370,75795,6924,2187,1705705,4.98,0.033065507,84906,,,,unlabeled
IG0004371,159747,4749,2126,1086034,15.34,0.055615202,166622,,,,unlabeled
IG0004372,173015,7924,224,1400681,12.93,0.036196679,181163,,,,unlabeled
IG0004373,194744,4757,3435,43625,465.18,0.391977077,202936,,,,unlabeled
IG0004374,179799,5864,1005,1596386,11.69,0.036707914,186668,,,,unlabeled
IG0004375,74816,5907,3089,1300907,6.44,0.059035734,83812,,,,unlabeled
IG0004376,178880,3664,2241,1256662,14.7,0.039071763,184785,,,,unlabeled
IG0004377,42514,9160,3338,354101,15.54,0.147415568,55012,,,,unlabeled
IG0004378,167957,26,2545,963125,17.71,0.032498378,170528,,,,unlabeled
IG0004379,7375,4689,2746,1238321,1.2,0.06129267,14810,,,,unlabeled
IG0004380,67552,3615,3489,1401463,5.33,0.016482775,74656,,,,unlabeled
IG0004381,70441,6291,1467,257278,30.39,0.126711184,78199,,,,unlabeled
IG0004382,4486,2116,4579,1645858,0.68,0.008688477,11181,,,,unlabeled
IG0004383,140521,2927,4800,1183725,12.52,0.069188367,148248,,,,unlabeled
IG0004384,142563,393,3473,811784,18.04,0.013796774,146429,,,,unlabeled
IG0004385,51100,9078,415,37316,162.38,1.991103012,60593,,,,unlabeled
IG0004386,69935,7867,4883,1937842,4.27,0.051190964,82685,,,,unlabeled
IG0004387,2704,4077,4222,247647,4.44,0.116294564,11003,,,,unlabeled
IG0004388,41490,7511,2403,336046,15.3,0.197889575,51404,,,,unlabeled
IG0004389,151597,365,3898,363484,42.88,0.264385778,155860,,,,unlabeled
IG0004390,92795,6266,1636,133075,75.67,0.211159121,100697,,,,unlabeled
IG0004391,156924,53,4866,1922896,8.42,0.031878999,161843,,,,unlabeled
IG0004392,8791,1216,4991,1766548,0.85,0.028586826,14998,,,,unlabeled
IG0004393,193446,6997,3610,833964,24.47,0.064631087,204053,,,,unlabeled
IG0004394,80990,9890,4999,1625665,5.9,0.046688586,95879,,,,unlabeled
IG0004395,47788,7799,3087,539707,10.87,0.112839003,58674,,,,unlabeled
IG0004396,157162,6649,3800,1849973,9.06,0.033568057,167611,,,,unlabeled
IG0004397,93458,7389,4841,51829,203.92,1.769279747,105688,,,,unlabeled
IG0004398,13196,7116,3011,1673114,1.39,0.010220463,23323,,,,unlabeled
IG0004399,21741,2052,4303,1915803,1.47,0.026464099,28096,,,,unlabeled
IG0004400,124699,3858,2344,714330,18.33,0.087634567,130901,,,,unlabeled
IG0004401,157308,9905,2161,810244,20.9,0.027028895,169374,,,,unlabeled
IG0004402,62364,6937,975,756788,9.29,0.065804426,70276,,,,unlabeled
IG0004403,77,6288,828,1710115,0.42,0.009122194,7193,,,,unlabeled
IG0004404,51773,2377,1126,868829,6.36,0.004143508,55276,,,,unlabeled
IG0004405,164033,672,2645,1981924,8.44,0.026792147,167350,,,,unlabeled
IG0004406,167939,3170,2126,10687,1620.99,1.001216431,173235,,,,unlabeled
IG0004407,118407,1166,4491,1248922,9.93,0.036351349,124064,,,,unlabeled
IG0004408,171005,8143,2191,1570264,11.55,0.029294437,181339,,,,unlabeled
IG0004409,172329,2981,3846,1151072,15.56,0.071151066,179156,,,,unlabeled
IG0004410,72056,9578,3495,231120,36.83,0.117687781,85129,,,,unlabeled
IG0004411,141786,86,2583,1833760,7.88,0.038827327,144455,,,,unlabeled
IG0004412,94986,6211,3209,1324755,7.88,0.069144861,104406,,,,unlabeled
IG0004413,45758,5072,4507,1319112,4.2,0.055643494,55337,,,,unlabeled
IG0004414,11208,1148,3337,1023139,1.53,0.087084942,15693,,,,unlabeled
IG0004415,45375,9798,2601,1168293,4.95,0.075922735,57774,,,,unlabeled
IG0004416,53051,8809,3990,1527598,4.31,0.000130924,65850,,,,unlabeled
IG0004417,41916,8909,3255,675480,8.01,0.102149583,54080,,,,unlabeled
IG0004418,144245,4360,2084,947953,15.9,0.06403271,150689,,,,unlabeled
IG0004419,54418,1385,1499,1344527,4.26,0.049534148,57302,,,,unlabeled
IG0004420,71845,7899,4250,1597210,5.26,0.000813919,83994,,,,unlabeled
IG0004421,84043,7967,4338,932965,10.33,0.047483025,96348,,,,unlabeled
IG0004422,171220,2224,245,1796442,9.67,0.030003752,173689,,,,unlabeled
IG0004423,37713,4817,2213,1114719,4.01,0.011034171,44743,,,,unlabeled
IG0004424,16153,9132,3474,1698716,1.69,0.038028723,28759,,,,unlabeled
IG0004425,190205,37,810,1265036,15.1,0.010592584,191052,,,,unlabeled
IG0004426,98682,1424,677,127507,79.04,0.4705624,100783,,,,unlabeled
IG0004427,143852,886,1111,1397826,10.43,0.055514778,145849,,,,unlabeled
IG0004428,10559,642,3278,1510992,0.96,0.059762064,14479,,,,unlabeled
IG0004429,193926,6035,3905,141096,144.49,0.392640472,203866,,,,unlabeled
IG0004430,95750,3888,2849,1397666,7.33,0.012735518,102487,,,,unlabeled
IG0004431,1547,6659,1646,1777341,0.55,0.002981983,9852,,,,unlabeled
IG0004432,125757,7944,3561,1710380,8.03,0.028531671,137262,,,,unlabeled
IG0004433,61352,5036,4710,979072,7.26,0.073130475,71098,,,,unlabeled
IG0004434,99938,8738,4217,634632,17.79,0.092494548,112893,,,,unlabeled
IG0004435,34185,6044,1264,460621,9.01,0.094220628,41493,,,,unlabeled
IG0004436,174632,7182,4324,1899422,9.8,0.048541082,186138,,,,unlabeled
IG0004437,117047,8274,960,291941,43.26,0.137013986,126281,,,,unlabeled
IG0004438,175879,1859,717,822112,21.71,0.072861119,178455,,,,unlabeled
IG0004439,158856,8829,1107,1047238,16.12,0.054428888,168792,,,,unlabeled
IG0004440,176552,5870,4133,982973,18.98,0.07558702,186555,,,,unlabeled
IG0004441,154583,3429,1108,393159,40.47,0.12208801,159120,,,,unlabeled
IG0004442,178100,7241,2710,1272131,14.78,0.048344078,188051,,,,unlabeled
IG0004443,7889,17,2629,1771575,0.59,0.002144984,10535,,,,unlabeled
IG0004444,198671,9856,3184,63884,331.4,0.561956045,211711,,,,unlabeled
IG0004445,103360,5961,3932,811679,13.95,0.071210417,113253,,,,unlabeled
IG0004446,185728,2682,4561,922143,20.93,0.042184347,192971,,,,unlabeled
IG0004447,137275,4226,839,246341,57.78,0.346673919,142340,,,,unlabeled
IG0004448,148387,7868,3255,347172,45.95,0.111760165,159510,,,,unlabeled
IG0004449,176568,7580,4820,232642,81.23,0.043414345,188968,,,,unlabeled
IG0004450,139991,8748,1420,338573,44.35,0.078565036,150159,,,,unlabeled
IG0004451,164754,9417,3181,1247558,14.22,0.026291363,177352,,,,unlabeled
IG0004452,160176,9041,2495,189395,90.66,0.033791811,171712,,,,unlabeled
IG0004453,151118,8972,222,1219055,13.15,0.036749777,160312,,,,unlabeled
IG0004454,158191,8182,206,609314,27.34,0.061216384,166579,,,,unlabeled
IG0004455,149670,450,2419,1334141,11.43,0.004197457,152539,,,,unlabeled
IG0004456,178134,5989,1773,101955,182.33,0.086312589,185896,,,,unlabeled
IG0004457,173575,9751,810,1782247,10.33,0.023004668,184136,,,,unlabeled
IG0004458,24490,1426,1664,295809,9.32,0.088908722,27580,,,,unlabeled
IG0004459,91448,6367,2225,80104,124.89,0.093628283,100040,,,,unlabeled
IG0004460,10550,7908,2190,12843,160.77,6.633964027,20648,,,,unlabeled
IG0004461,75768,4128,3600,1065897,7.83,0.074022162,83496,,,,unlabeled
IG0004462,170886,4463,2509,136129,130.65,0.677298739,177858,,,,unlabeled
IG0004463,178426,9564,102,1998547,9.41,0.003852799,188092,,,,unlabeled
IG0004464,39987,7319,4968,1841859,2.84,0.018405318,52274,,,,unlabeled
IG0004465,167680,943,187,1866450,9.04,0.03804013,168810,,,,unlabeled
IG0004466,43674,5719,1240,900180,5.62,0.095203182,50633,,,,unlabeled
IG0004467,68620,3644,2890,1042169,7.21,0.020246236,75154,,,,unlabeled
IG0004468,194797,6829,1947,1142415,17.82,0.035888885,203573,,,,unlabeled
IG0004469,70716,1116,1178,1910363,3.82,0.010364522,73010,,,,unlabeled
IG0004470,1019,4963,1792,1110230,0.7,0.038010142,7774,,,,unlabeled
IG0004471,185856,5900,1479,23477,823.08,2.427908165,193235,,,,unlabeled
IG0004472,140442,906,1951,49653,288.6,0.068475218,143299,,,,unlabeled
IG0004473,52576,5532,4534,1813642,3.45,0.016706715,62642,,,,unlabeled
IG0004474,69439,9809,1879,452715,17.92,0.128778591,81127,,,,unlabeled
IG0004475,177034,4860,467,370706,49.19,0.17507135,182361,,,,unlabeled
IG0004476,160347,9214,425,1128841,15.06,0.043850285,169986,,,,unlabeled
IG0004477,71683,750,2687,1032978,7.27,0.080350211,75120,,,,unlabeled
IG0004478,17895,2304,344,1365669,1.5,0.028044863,20543,,,,unlabeled
IG0004479,46564,4814,2533,1662094,3.24,0.010468722,53911,,,,unlabeled
IG0004480,42714,6165,4520,1700956,3.14,0.043152204,53399,,,,unlabeled
IG0004481,173667,3296,1767,16008,1116.5,0.643428286,178730,,,,unlabeled
IG0004482,45438,4383,3511,1075462,4.96,0.065088306,53332,,,,unlabeled
IG0004483,128278,1924,1294,1930102,6.81,0.037148296,131496,,,,unlabeled
IG0004484,71627,2764,3068,340175,22.77,0.27956199,77459,,,,unlabeled
IG0004485,122380,1861,3303,876059,14.56,0.016551397,127544,,,,unlabeled
IG0004486,169431,795,65,517672,32.9,0.082098317,170291,,,,unlabeled
IG0004487,134387,9207,81,1961889,7.32,0.045874155,143675,,,,unlabeled
IG0004488,177565,4067,2179,941131,19.53,0.092229456,183811,,,,unlabeled
IG0004489,156501,520,2986,1035998,15.44,0.015154469,160007,,,,unlabeled
IG0004490,3512,1820,4740,1438688,0.7,0.061931426,10072,,,,unlabeled
IG0004491,54867,374,4082,1152883,5.15,0.014572164,59323,,,,unlabeled
IG0004492,28539,2331,3441,1280162,2.68,0.051399745,34311,,,,unlabeled
IG0004493,196917,4500,3512,573237,35.75,0.140953916,204929,,,,unlabeled
IG0004494,16219,3497,3916,1888298,1.25,0.050309856,23632,,,,unlabeled
IG0004495,108143,184,2770,894906,12.41,0.005363692,111097,,,,unlabeled
IG0004496,115762,7727,4088,1118255,11.41,0.015291682,127577,,,,unlabeled
IG0004497,155880,4489,3116,759380,21.53,0.114435461,163485,,,,unlabeled
IG0004498,61835,7480,307,1943940,3.58,0.040073253,69622,,,,unlabeled
IG0004499,34348,5354,2121,1763956,2.37,0.005328931,41823,,,,unlabeled
IG0004500,19049,7762,814,724605,3.81,0.136626162,27625,,,,unlabeled
IG0004501,198630,3022,3249,1744433,11.75,0.051993972,204901,,,,unlabeled
IG0004502,52770,1883,3157,343991,16.81,0.022965717,57810,,,,unlabeled
IG0004503,187509,253,2458,1694395,11.23,0.039424101,190220,,,,unlabeled
IG0004504,151359,3890,2146,984683,15.98,0.067737536,157395,,,,unlabeled
IG0004505,42362,2784,3914,589954,8.32,0.074921096,49060,,,,unlabeled
IG0004506,137646,5197,1688,1206291,11.98,0.051728812,144531,,,,unlabeled
IG0004507,108405,8839,143,1012995,11.59,0.084798049,117387,,,,unlabeled
IG0004508,19253,7268,1723,314054,8.99,0.038528406,28244,,,,unlabeled
IG0004509,106523,7351,1598,1330844,8.68,0.012698708,115472,,,,unlabeled
IG0004510,128271,248,4433,419849,31.67,0.100512327,132952,,,,unlabeled
IG0004511,64545,3956,3960,908534,7.98,0.04534778,72461,,,,unlabeled
IG0004512,107227,2305,4748,1012865,11.28,0.016191694,114280,,,,unlabeled
IG0004513,117898,7131,1569,246353,51.39,0.305253031,126598,,,,unlabeled
IG0004514,175588,7588,1744,905396,20.42,0.009056811,184920,,,,unlabeled
IG0004515,199330,3226,2001,1145945,17.85,0.058117973,204557,,,,unlabeled
IG0004516,53859,815,3259,1138402,5.09,0.054023096,57933,,,,unlabeled
IG0004517,3665,1885,3498,207057,4.37,0.451083518,9048,,,,unlabeled
IG0004518,70898,4098,4825,1144283,6.98,0.070437121,79821,,,,unlabeled
IG0004519,113760,2507,903,1550708,7.56,0.047913598,117170,,,,unlabeled
IG0004520,61155,3060,2848,819059,8.19,0.06165612,67063,,,,unlabeled
IG0004521,21747,8997,1151,1816659,1.76,0.01073399,31895,,,,unlabeled
IG0004522,133430,8696,2845,1114466,13.01,0.009062636,144971,,,,unlabeled
IG0004523,133500,3738,2838,1299610,10.78,0.005924854,140076,,,,unlabeled
IG0004524,23739,2523,4381,1900327,1.61,0.044992257,30643,,,,unlabeled
IG0004525,196382,3065,1620,633908,31.72,0.009465096,201067,,,,unlabeled
IG0004526,47675,8725,3416,1202685,4.97,0.025941955,59816,,,,unlabeled
IG0004527,58877,7691,4022,1100961,6.41,0.001271616,70590,,,,unlabeled
IG0004528,167182,5404,4252,699876,25.27,0.097874481,176838,,,,unlabeled
IG0004529,168365,6217,568,565530,30.97,0.139868796,175150,,,,unlabeled
IG0004530,58085,3239,4429,1218787,5.39,0.002461464,65753,,,,unlabeled
IG0004531,179233,9421,3152,1193574,16.07,0.009551146,191806,,,,unlabeled
IG0004532,7853,7570,2962,1051883,1.75,0.080332128,18385,,,,unlabeled
IG0004533,127801,4750,161,876654,15.14,0.074829979,132712,,,,unlabeled
IG0004534,27157,1228,1329,1705771,1.74,0.017411481,29714,,,,unlabeled
IG0004535,127041,2078,4368,1719107,7.76,0.053225308,133487,,,,unlabeled
IG0004536,16403,6151,175,1701607,1.34,0.020216184,22729,,,,unlabeled
IG0004537,161863,4458,4936,1306963,13.1,0.002830991,171257,,,,unlabeled
IG0004538,183742,6218,364,1533338,12.41,0.003391294,190324,,,,unlabeled
IG0004539,100917,2075,3910,1554841,6.88,0.007396255,106902,,,,unlabeled
IG0004540,192436,4206,884,382528,51.64,0.235276895,197526,,,,unlabeled
IG0004541,151691,3455,3074,353146,44.8,0.138186472,158220,,,,unlabeled
IG0004542,36325,7115,1920,1175501,3.86,0.079115203,45360,,,,unlabeled
IG0004543,46497,9771,1650,1781093,3.25,0.05064306,57918,,,,unlabeled
IG0004544,162173,5419,398,1342220,12.52,0.043435502,167990,,,,unlabeled
IG0004545,19378,8867,648,1042399,2.77,0.067440587,28893,,,,unlabeled
IG0004546,89917,2449,3611,364520,26.33,0.04636234,95977,,,,unlabeled
IG0004547,174040,6618,1038,1675398,10.84,0.039632374,181696,,,,unlabeled
IG0004548,172693,8322,4393,441364,42.01,0.224757796,185408,,,,unlabeled
IG0004549,184634,3177,2337,180365,105.42,0.079283675,190148,,,,unlabeled
IG0004550,163709,4159,1795,471928,35.95,0.027334678,169663,,,,unlabeled
IG0004551,120071,888,1193,1611988,7.58,0.003287866,122152,,,,unlabeled
IG0004552,1551,349,5000,1626397,0.42,0.010821466,6900,,,,unlabeled
IG0004553,33797,4968,406,974241,4.02,0.027303306,39171,,,,unlabeled
IG0004554,93859,4744,2332,685777,14.72,0.109802458,100935,,,,unlabeled
IG0004555,156680,6312,2869,749063,22.14,0.127225614,165861,,,,unlabeled
IG0004556,164391,2143,1306,1837040,9.14,0.02269956,167840,,,,unlabeled
IG0004557,69412,4679,184,1375166,5.4,0.015343602,74275,,,,unlabeled
IG0004558,54310,9527,3806,1453388,4.65,0.000963267,67643,,,,unlabeled
IG0004559,28093,8267,1070,1721198,2.17,0.019230792,37430,,,,unlabeled
IG0004560,48763,9629,1682,1192908,5.04,0.028585608,60074,,,,unlabeled
IG0004561,66218,5440,2913,218414,34.14,0.329649198,74571,,,,unlabeled
IG0004562,91608,5291,77,758442,12.79,0.040345867,96976,,,,unlabeled
IG0004563,101220,1183,999,138875,74.46,0.019441944,103402,,,,unlabeled
IG0004564,136217,1467,820,44220,313.22,0.983717775,138504,,,,unlabeled
IG0004565,167847,5776,472,806192,21.59,0.01761367,174095,,,,unlabeled
IG0004566,161772,7148,3986,478485,36.14,0.023407212,172906,,,,unlabeled
IG0004567,8535,5930,3517,164932,10.9,0.263745059,17982,,,,unlabeled
IG0004568,119609,2107,4265,319694,39.41,0.024398331,125981,,,,unlabeled
IG0004569,105151,570,4072,1425765,7.7,0.0551283,109793,,,,unlabeled
IG0004570,91014,9162,1069,963188,10.51,0.073817365,101245,,,,unlabeled
IG0004571,32512,4146,158,828048,4.45,0.046011825,36816,,,,unlabeled
IG0004572,75482,7442,3742,257976,33.59,0.084116352,86666,,,,unlabeled
IG0004573,190128,2832,4616,1925750,10.26,0.021394262,197576,,,,unlabeled
IG0004574,143017,206,1043,797811,18.08,0.097767516,144266,,,,unlabeled
IG0004575,174170,3669,4109,632510,28.77,0.031620053,181948,,,,unlabeled
IG0004576,4484,9777,123,951660,1.51,0.002626989,14384,,,,unlabeled
IG0004577,163587,942,4345,209778,80.5,0.236917122,168874,,,,unlabeled
IG0004578,121397,5717,756,465865,27.45,0.164425316,127870,,,,unlabeled
IG0004579,191430,2565,3912,1110287,17.82,0.005494075,197907,,,,unlabeled
IG0004580,121661,7796,129,1863406,6.95,0.04878164,129586,,,,unlabeled
IG0004581,38540,2138,4076,174868,25.59,0.392295903,44754,,,,unlabeled
IG0004582,75531,7420,1550,1408255,6,0.011858648,84501,,,,unlabeled
IG0004583,49788,51,1740,1286049,4.01,0.018972839,51579,,,,unlabeled
IG0004584,30016,6807,894,1625177,2.32,0.042210787,37717,,,,unlabeled
IG0004585,67341,1962,2476,1426802,5.03,0.036935749,71779,,,,unlabeled
IG0004586,104682,6398,152,865426,12.85,0.062050366,111232,,,,unlabeled
IG0004587,187695,6449,619,733033,26.57,0.092356006,194763,,,,unlabeled
IG0004588,25859,2121,2550,621180,4.91,0.024469558,30530,,,,unlabeled
IG0004589,135300,1713,2341,1080777,12.89,0.074298398,139354,,,,unlabeled
IG0004590,58222,878,2388,770203,7.98,0.125161808,61488,,,,unlabeled
IG0004591,192552,1963,4309,1432536,13.88,0.054379087,198824,,,,unlabeled
IG0004592,74836,6204,24,117409,69.04,0.098799922,81064,,,,unlabeled
IG0004593,49341,4341,890,230798,23.64,0.077990277,54572,,,,unlabeled
IG0004594,78089,5064,1635,785950,10.79,0.029645652,84788,,,,unlabeled
IG0004595,43581,4672,1191,1887117,2.62,0.027025351,49444,,,,unlabeled
IG0004596,85196,3096,2204,716780,12.63,0.106169257,90496,,,,unlabeled
IG0004597,38818,9849,507,1170571,4.2,0.006065416,49174,,,,unlabeled
IG0004598,42093,526,2045,49670,89.92,1.912623314,44664,,,,unlabeled
IG0004599,17915,5592,1997,1944327,1.31,0.039036644,25504,,,,unlabeled
IG0004600,132435,8217,476,245672,57.45,0.111530822,141128,,,,unlabeled
IG0004601,191430,8740,985,551059,36.5,0.076216884,201155,,,,unlabeled
IG0004602,103419,7816,2655,281020,40.53,0.155504946,113890,,,,unlabeled
IG0004603,15799,412,772,1547708,1.1,0.056599824,16983,,,,unlabeled
IG0004604,86674,2135,3214,313576,29.35,0.131706508,92023,,,,unlabeled
IG0004605,38060,1391,1424,689205,5.93,0.044689171,40875,,,,unlabeled
IG0004606,63191,4935,2442,699292,10.09,0.13828272,70568,,,,unlabeled
IG0004607,17891,3359,461,419717,5.17,0.069808943,21711,,,,unlabeled
IG0004608,92320,6442,1056,353960,28.2,0.233924737,99818,,,,unlabeled
IG0004609,34805,1014,4994,72487,56.3,0.168306041,40813,,,,unlabeled
IG0004610,147561,2674,1711,370812,40.98,0.237047345,151946,,,,unlabeled
IG0004611,181615,9863,4766,90327,217.26,0.41405117,196244,,,,unlabeled
IG0004612,42479,9771,2438,1810048,3.02,0.007513613,54688,,,,unlabeled
IG0004613,24645,9421,4230,489702,7.82,0.035327607,38296,,,,unlabeled
IG0004614,125523,9128,247,738764,18.26,0.075531564,134898,,,,unlabeled
IG0004615,87049,3156,4888,778535,12.21,0.125877449,95093,,,,unlabeled
IG0004616,105582,5846,955,1838343,6.11,0.044061418,112383,,,,unlabeled
IG0004617,89113,483,3446,28138,330.66,0.337621722,93042,,,,unlabeled
IG0004618,136247,7602,2761,1947834,7.53,0.022640533,146610,,,,unlabeled
IG0004619,17007,2656,1500,1789645,1.18,0.037716977,21163,,,,unlabeled
IG0004620,181384,8668,676,887354,21.49,0.096691963,190728,,,,unlabeled
IG0004621,55250,2722,2259,1898771,3.17,0.041711191,60231,,,,unlabeled
IG0004622,199587,1281,1821,1934116,10.48,0.010495751,202689,,,,unlabeled
IG0004623,175763,3154,4321,371504,49.32,0.212649124,183238,,,,unlabeled
IG0004624,129550,7010,2224,1412615,9.82,0.041908092,138784,,,,unlabeled
IG0004625,188633,1190,2356,1170928,16.41,0.040139103,192179,,,,unlabeled
IG0004626,69905,3830,3278,500152,15.4,0.124762072,77013,,,,unlabeled
IG0004627,194956,6775,4768,553764,37.29,0.011376688,206499,,,,unlabeled
IG0004628,151238,9348,1103,110339,146.54,0.209354807,161689,,,,unlabeled
IG0004629,122829,3560,3378,248803,52.16,0.087217598,129767,,,,unlabeled
IG0004630,59740,8192,3686,991800,7.22,0.004335552,71618,,,,unlabeled
IG0004631,129216,4599,3986,365844,37.67,0.244639792,137801,,,,unlabeled
IG0004632,184712,3317,2343,939823,20.26,0.032559322,190372,,,,unlabeled
IG0004633,45788,4547,1415,1836704,2.82,0.013774675,51750,,,,unlabeled
IG0004634,27545,2129,2128,1008783,3.15,0.026071018,31802,,,,unlabeled
IG0004635,103700,6208,311,1302413,8.46,0.070791677,110219,,,,unlabeled
IG0004636,100229,5446,798,407699,26.12,0.134167609,106473,,,,unlabeled
IG0004637,176046,753,2630,771173,23.27,0.056277904,179429,,,,unlabeled
IG0004638,86230,5517,215,647603,14.2,0.085700653,91962,,,,unlabeled
IG0004639,157633,1420,1826,889253,18.09,0.023277965,160879,,,,unlabeled
IG0004640,166936,6977,1585,396608,44.25,0.115227126,175498,,,,unlabeled
IG0004641,22951,5499,3316,131642,24.13,0.562130627,31766,,,,unlabeled
IG0004642,16220,374,1919,1260075,1.47,0.06253596,18513,,,,unlabeled
IG0004643,132812,2485,3189,1892003,7.32,0.015750504,138486,,,,unlabeled
IG0004644,64792,7108,2069,461270,16.04,0.112081861,73969,,,,unlabeled
IG0004645,54991,9086,4468,1406496,4.87,0.01770357,68545,,,,unlabeled
IG0004646,147578,9647,284,1950454,8.08,0.045938023,157509,,,,unlabeled
IG0004647,134042,4410,357,1461615,9.5,0.001026262,138809,,,,unlabeled
IG0004648,149973,2267,3757,1886608,8.27,0.003233316,155997,,,,unlabeled
IG0004649,169264,4338,4337,974711,18.26,0.016620311,177939,,,,unlabeled
IG0004650,57855,7871,2310,1351556,5.03,0.028115742,68036,,,,unlabeled
IG0004651,198066,3840,754,480256,42.2,0.062258462,202660,,,,unlabeled
IG0004652,170576,6317,2562,1946567,9.22,0.000873332,179455,,,,unlabeled
IG0004653,124572,10,3027,780702,16.35,0.036633696,127609,,,,unlabeled
IG0004654,58611,7870,1392,1126662,6.02,0.004615404,67873,,,,unlabeled
IG0004655,3976,3615,1578,1881044,0.49,0.044921863,9169,,,,unlabeled
IG0004656,36028,7773,1468,1658764,2.73,0.053413264,45269,,,,unlabeled
IG0004657,84648,475,551,1279051,6.7,0.010632883,85674,,,,unlabeled
IG0004658,58608,5092,4095,818846,8.28,0.043231572,67795,,,,unlabeled
IG0004659,159476,5782,3103,1122111,15,0.006862066,168361,,,,unlabeled
IG0004660,106588,9446,3226,240719,49.54,0.347292902,119260,,,,unlabeled
IG0004661,56173,3101,3344,581848,10.76,0.16516341,62618,,,,unlabeled
IG0004662,162437,8518,3108,1055621,16.49,0.0801424,174063,,,,unlabeled
IG0004663,43443,1630,1889,727673,6.45,0.025698356,46962,,,,unlabeled
IG0004664,176357,7681,313,1403796,13.13,0.049651089,184351,,,,unlabeled
IG0004665,17913,9357,4422,1560718,2.03,0.061382005,31692,,,,unlabeled
IG0004666,18819,8628,2969,1175226,2.59,0.074709035,30416,,,,unlabeled
IG0004667,72392,2163,4869,553571,14.35,0.073883928,79424,,,,unlabeled
IG0004668,60527,8455,3050,1662436,4.33,0.016782601,72032,,,,unlabeled
IG0004669,36343,9381,1820,10368,458.56,4.012345679,47544,,,,unlabeled
IG0004670,127027,5296,3089,369226,36.67,0.050375651,135412,,,,unlabeled
IG0004671,87163,1321,2831,1625464,5.62,0.054876638,91315,,,,unlabeled
IG0004672,185723,2443,2986,1930976,9.9,0.025427556,191152,,,,unlabeled
IG0004673,21139,4373,4981,285244,10.69,0.306754919,30493,,,,unlabeled
IG0004674,27906,6308,1505,238224,14.99,0.209046947,35719,,,,unlabeled
IG0004675,105768,1949,771,401316,27.03,0.204327762,108488,,,,unlabeled
IG0004676,50369,1805,3081,523031,10.56,0.172456317,55255,,,,unlabeled
IG0004677,169581,6258,3841,1648091,10.9,0.039560922,179680,,,,unlabeled
IG0004678,43646,4425,2521,1566043,3.23,0.031544472,50592,,,,unlabeled
IG0004679,183460,6559,526,315190,60.45,0.036485929,190545,,,,unlabeled
IG0004680,71334,7777,4894,1244448,6.75,0.014705315,84005,,,,unlabeled
IG0004681,3746,7550,2662,1125945,1.24,0.070784985,13958,,,,unlabeled
IG0004682,99765,2979,2339,1460066,7.2,0.029656194,105083,,,,unlabeled
IG0004683,6197,6560,4918,134485,13.14,0.065434807,17675,,,,unlabeled
IG0004684,194575,6458,1717,438871,46.2,0.04192576,202750,,,,unlabeled
IG0004685,176365,8585,474,588109,31.53,0.039788543,185424,,,,unlabeled
IG0004686,78481,5998,2484,1827956,4.76,0.038075315,86963,,,,unlabeled
IG0004687,90304,7683,1752,1112237,8.97,0.009170707,99739,,,,unlabeled
IG0004688,105210,1250,4454,1947458,5.7,0.034095729,110914,,,,unlabeled
IG0004689,146488,8781,4206,831457,19.18,0.047025883,159475,,,,unlabeled
IG0004690,125050,6478,1954,1005918,13.27,0.036682911,133482,,,,unlabeled
IG0004691,146805,5040,1999,431195,35.68,0.208258445,153844,,,,unlabeled
IG0004692,52900,2438,1796,839336,6.81,0.033478845,57134,,,,unlabeled
IG0004693,121068,2827,232,1559541,7.96,0.018402851,124127,,,,unlabeled
IG0004694,22532,9339,2069,1899562,1.79,0.041799109,33940,,,,unlabeled
IG0004695,147601,6608,4028,83275,190.02,0.208946262,158237,,,,unlabeled
IG0004696,196328,4983,1021,1877842,10.77,0.020928278,202332,,,,unlabeled
IG0004697,59110,3836,1740,996932,6.49,0.052059719,64686,,,,unlabeled
IG0004698,192931,7793,3332,1757246,11.61,0.040176503,204056,,,,unlabeled
IG0004699,187072,1796,1919,519929,36.69,0.13963445,190787,,,,unlabeled
IG0004700,179219,8479,127,302110,62.17,0.078448247,187825,,,,unlabeled
IG0004701,33397,5918,865,629345,6.38,0.101534135,40180,,,,unlabeled
IG0004702,124457,8689,2797,908360,14.97,0.053503016,135943,,,,unlabeled
IG0004703,43553,9484,729,1141600,4.71,0.005868956,53766,,,,unlabeled
IG0004704,23265,2764,2382,183334,15.5,0.055090709,28411,,,,unlabeled
IG0004705,79630,2933,4308,348954,24.89,0.057027574,86871,,,,unlabeled
IG0004706,195612,2465,3560,763643,26.4,0.005761855,201637,,,,unlabeled
IG0004707,196055,4210,1596,1580024,12.78,0.055568776,201861,,,,unlabeled
IG0004708,41489,9590,555,770695,6.7,0.070455887,51634,,,,unlabeled
IG0004709,187666,8660,1096,767314,25.73,0.06594432,197422,,,,unlabeled
IG0004710,158766,6868,1033,430801,38.69,0.034586735,166667,,,,unlabeled
IG0004711,107108,9303,144,992308,11.75,0.058852695,116555,,,,unlabeled
IG0004712,99485,18,1170,1612354,6.24,0.005147753,100673,,,,unlabeled
IG0004713,140564,2665,4347,926777,15.92,0.033665056,147576,,,,unlabeled
IG0004714,94997,1196,4611,1697534,5.94,0.007245805,100804,,,,unlabeled
IG0004715,48394,9676,3830,730426,8.47,0.052435154,61900,,,,unlabeled
IG0004716,69758,333,2792,1367560,5.33,0.024130568,72883,,,,unlabeled
IG0004717,56500,9677,1872,1257835,5.41,0.076321616,68049,,,,unlabeled
IG0004718,184637,2812,4258,1949134,9.84,0.040992564,191707,,,,unlabeled
IG0004719,67100,5025,338,348779,20.78,0.127014528,72463,,,,unlabeled
IG0004720,75391,2649,4187,458783,17.92,0.032041292,82227,,,,unlabeled
IG0004721,48734,8186,4129,1542919,3.96,0.025276764,61049,,,,unlabeled
IG0004722,5613,8724,3658,1210955,1.49,0.003550916,17995,,,,unlabeled
IG0004723,189724,8328,4785,818943,24.77,0.071433543,202837,,,,unlabeled
IG0004724,72468,2757,4167,295280,26.89,0.177120022,79392,,,,unlabeled
IG0004725,115929,6761,41,1179166,10.41,0.083533616,122731,,,,unlabeled
IG0004726,19976,6321,3560,319310,9.35,0.187905171,29857,,,,unlabeled
IG0004727,151171,299,2799,1723491,8.95,0.005105916,154269,,,,unlabeled
IG0004728,46872,8999,1446,1349172,4.25,0.070117079,57317,,,,unlabeled
IG0004729,140486,9342,1609,782613,19.35,0.068232958,151437,,,,unlabeled
IG0004730,189454,8221,3477,1998705,10.06,0.002601685,201152,,,,unlabeled
IG0004731,145248,3003,292,596982,24.88,0.152935934,148543,,,,unlabeled
IG0004732,118593,8341,159,33128,383.64,0.428640425,127093,,,,unlabeled
IG0004733,104975,2609,4066,1124373,9.93,0.061456474,111650,,,,unlabeled
IG0004734,131496,7513,2005,1326015,10.63,0.043890906,141014,,,,unlabeled
IG0004735,63114,8495,434,1026569,7.02,0.082800085,72043,,,,unlabeled
IG0004736,9496,7204,4305,282639,7.43,0.147538026,21005,,,,unlabeled
IG0004737,156589,9596,1539,1989258,8.43,0.0155837,167724,,,,unlabeled
IG0004738,64016,806,710,521777,12.56,0.04657162,65532,,,,unlabeled
IG0004739,23510,477,1081,1985312,1.26,0.003022195,25068,,,,unlabeled
IG0004740,121617,9136,4046,958470,14.06,0.060826108,134799,,,,unlabeled
IG0004741,149062,784,138,1940655,7.73,0.023445692,149984,,,,unlabeled
IG0004742,39305,3969,3536,1135359,4.12,0.035319225,46810,,,,unlabeled
IG0004743,59308,8057,4686,1213444,5.94,0.03782622,72051,,,,unlabeled
IG0004744,102026,562,2585,325474,32.31,0.050695294,105173,,,,unlabeled
IG0004745,157670,1435,1977,1058274,15.22,0.048758639,161082,,,,unlabeled
IG0004746,199547,645,3454,93093,218.76,0.111716241,203646,,,,unlabeled
IG0004747,37852,84,1039,599180,6.5,0.018525318,38975,,,,unlabeled
IG0004748,795,7525,4661,1895251,0.68,0.052657933,12981,,,,unlabeled
IG0004749,147364,2990,3807,647459,23.81,0.075989368,154161,,,,unlabeled
IG0004750,103132,1948,1624,250274,42.63,0.246929365,106704,,,,unlabeled
IG0004751,127796,8717,3373,1686621,8.29,0.054606222,139886,,,,unlabeled
IG0004752,182113,9401,2389,1517215,12.78,0.060835149,193903,,,,unlabeled
IG0004753,6986,6878,2570,646462,2.54,0.104569178,16434,,,,unlabeled
IG0004754,86706,3605,4075,1087780,8.68,0.055617864,94386,,,,unlabeled
IG0004755,136211,1635,228,315684,43.74,0.070323488,138074,,,,unlabeled
IG0004756,20483,3585,2329,128913,20.48,0.628330735,26397,,,,unlabeled
IG0004757,161859,3002,4420,1239121,13.66,0.040270482,169281,,,,unlabeled
IG0004758,188237,6612,1739,369047,53.27,0.259045596,196588,,,,unlabeled
IG0004759,59341,8798,1754,572839,12.2,0.112597082,69893,,,,unlabeled
IG0004760,170348,2096,23,219683,78.51,0.042333726,172467,,,,unlabeled
IG0004761,65272,2639,2288,1927224,3.64,0.017330627,70199,,,,unlabeled
IG0004762,11294,1204,3306,1912186,0.83,0.033521844,15804,,,,unlabeled
IG0004763,136404,5582,3130,1715097,8.46,0.049793102,145116,,,,unlabeled
IG0004764,16894,7215,2319,1636843,1.61,0.049852063,26428,,,,unlabeled
IG0004765,174458,892,4690,1701401,10.58,0.008757489,180040,,,,unlabeled
IG0004766,10268,2796,2819,1751337,0.91,0.022268701,15883,,,,unlabeled
IG0004767,161628,5074,2866,1625606,10.43,0.059977633,169568,,,,unlabeled
IG0004768,140635,2618,2722,20011,729.47,2.078856629,145975,,,,unlabeled
IG0004769,171354,2411,1137,1521419,11.5,0.062507435,174902,,,,unlabeled
IG0004770,147258,3842,913,1278124,11.89,0.008684603,152013,,,,unlabeled
IG0004771,176480,5316,4840,50446,369.97,0.788962455,186636,,,,unlabeled
IG0004772,33658,801,2516,1975787,1.87,0.012096446,36975,,,,unlabeled
IG0004773,15491,8297,1319,344001,7.3,0.206394749,25107,,,,unlabeled
IG0004774,90467,4244,3233,776929,12.61,0.03745516,97944,,,,unlabeled
IG0004775,1302,8107,2468,736469,1.61,0.102108846,11877,,,,unlabeled
IG0004776,171842,576,2201,1297511,13.46,0.012947867,174619,,,,unlabeled
IG0004777,180351,8697,1830,1865085,10.23,0.002198291,190878,,,,unlabeled
IG0004778,89452,762,2484,1162870,7.97,0.041707156,92698,,,,unlabeled
IG0004779,72090,8233,3892,895213,9.41,0.012175873,84215,,,,unlabeled
IG0004780,63034,8393,1130,221070,32.82,0.257384539,72557,,,,unlabeled
IG0004781,20556,6906,355,152845,18.2,0.307501063,27817,,,,unlabeled
IG0004782,79087,2088,2444,1633257,5.12,0.005877826,83619,,,,unlabeled
IG0004783,150014,7234,4468,1783991,9.06,0.055885932,161716,,,,unlabeled
IG0004784,132179,5468,1272,24962,556.52,3.465267206,138919,,,,unlabeled
IG0004785,168476,1533,362,1097312,15.53,0.023147473,170371,,,,unlabeled
IG0004786,198936,672,823,453754,44.17,0.031074106,200431,,,,unlabeled
IG0004787,29118,7488,4141,1695523,2.4,0.032969178,40747,,,,unlabeled
IG0004788,53374,1357,2487,898773,6.37,0.029484642,57218,,,,unlabeled
IG0004789,150803,6616,1079,1329827,11.92,0.043013114,158498,,,,unlabeled
IG0004790,89704,326,3365,1301701,7.17,0.076745735,93395,,,,unlabeled
IG0004791,135673,2885,3554,980459,14.49,0.048344704,142112,,,,unlabeled
IG0004792,67934,6299,4029,1351613,5.79,0.03558711,78262,,,,unlabeled
IG0004793,104340,3555,4520,1423283,7.9,0.020867248,112415,,,,unlabeled
IG0004794,107493,9778,2007,1745282,6.83,0.020569742,119278,,,,unlabeled
IG0004795,127998,2112,677,202922,64.45,0.201062477,130787,,,,unlabeled
IG0004796,154249,7307,4476,614001,27.04,0.117426519,166032,,,,unlabeled
IG0004797,131937,5851,2967,308904,45.57,0.117835962,140755,,,,unlabeled
IG0004798,123035,5949,2939,942981,13.99,0.059386138,131923,,,,unlabeled
IG0004799,80684,6705,1556,441535,20.14,0.071794988,88945,,,,unlabeled
IG0004800,82001,4571,4899,213635,42.82,0.289278442,91471,,,,unlabeled
IG0004801,116038,5067,3801,717573,17.41,0.001254228,124906,,,,unlabeled
IG0004802,106767,9067,3305,1842619,6.47,0.004504458,119139,,,,unlabeled
IG0004803,131567,2572,651,1104218,12.21,0.063121594,134790,,,,unlabeled
IG0004804,78655,2162,4516,222155,38.41,0.010803268,85333,,,,unlabeled
IG0004805,142621,2464,84,1207289,12.02,0.079848321,145169,,,,unlabeled
IG0004806,9461,9035,1250,1664325,1.19,0.048247788,19746,,,,unlabeled
IG0004807,7504,3969,2095,1423283,0.95,0.048268686,13568,,,,unlabeled
IG0004808,21311,6526,2140,15046,199.24,5.543001462,29977,,,,unlabeled
IG0004809,106035,8708,2493,78822,148.74,0.233437365,117236,,,,unlabeled
IG0004810,37853,1459,4211,325011,13.39,0.006153638,43523,,,,unlabeled
IG0004811,180169,6316,431,451490,41.4,0.169438969,186916,,,,unlabeled
IG0004812,187112,454,2906,588970,32.34,0.147036352,190472,,,,unlabeled
IG0004813,100870,6868,2212,305681,35.97,0.120714078,109950,,,,unlabeled
IG0004814,48160,4164,4818,1245319,4.59,0.063839065,57142,,,,unlabeled
IG0004815,156228,8347,779,60390,273.81,1.197218082,165354,,,,unlabeled
IG0004816,109567,9413,975,1855315,6.47,0.015361273,119955,,,,unlabeled
IG0004817,16787,1714,4953,1437018,1.63,0.018162612,23454,,,,unlabeled
IG0004818,86806,7346,2676,1453679,6.66,0.03164385,96828,,,,unlabeled
IG0004819,43080,783,1870,137875,33.17,0.065276519,45733,,,,unlabeled
IG0004820,145102,9760,1733,1435311,10.91,0.011356424,156595,,,,unlabeled
IG0004821,193262,1543,533,1152726,16.95,0.05786284,195338,,,,unlabeled
IG0004822,58267,9122,819,1844998,3.7,0.029864531,68208,,,,unlabeled
IG0004823,116654,4296,3699,1315782,9.47,0.064828368,124649,,,,unlabeled
IG0004824,58044,967,2164,263247,23.24,0.377592147,61175,,,,unlabeled
IG0004825,192929,8043,587,862036,23.38,0.040137535,201559,,,,unlabeled
IG0004826,14657,2311,224,274158,6.27,0.305663158,17192,,,,unlabeled
IG0004827,33827,1736,1706,1239677,3.01,0.066468927,37269,,,,unlabeled
IG0004828,183486,7563,3456,755619,25.74,0.086551556,194505,,,,unlabeled
IG0004829,58890,4186,2409,1648017,3.97,0.044659733,65485,,,,unlabeled
IG0004830,19050,3769,2507,617536,4.1,0.067850295,25326,,,,unlabeled
IG0004831,175782,2018,2893,1167688,15.47,0.055322997,180693,,,,unlabeled
IG0004832,97189,4405,414,1659417,6.15,0.047366033,102008,,,,unlabeled
IG0004833,187403,3267,3175,1431209,13.54,0.022638203,193845,,,,unlabeled
IG0004834,171825,4381,1916,1986137,8.97,0.02351298,178122,,,,unlabeled
IG0004835,144531,1781,3917,1798475,8.35,0.026133252,150229,,,,unlabeled
IG0004836,56959,6320,2817,580787,11.38,0.024966124,66096,,,,unlabeled
IG0004837,41096,9745,1153,1698063,3.06,0.040575644,51994,,,,unlabeled
IG0004838,110999,9622,1095,364907,33.36,0.022745521,121716,,,,unlabeled
IG0004839,123668,1209,4197,73225,176.27,0.233526801,129074,,,,unlabeled
IG0004840,67257,487,2401,872036,8.04,0.010091327,70145,,,,unlabeled
IG0004841,65972,5624,4024,875466,8.64,0.089894982,75620,,,,unlabeled
IG0004842,22838,3645,420,23473,114.61,3.080134623,26903,,,,unlabeled
IG0004843,1620,797,2098,1551950,0.29,0.051934663,4515,,,,unlabeled
IG0004844,176465,776,493,1564865,11.36,0.035402415,177734,,,,unlabeled
IG0004845,152942,1030,2574,1947859,8.04,0.038555152,156546,,,,unlabeled
IG0004846,118719,9842,2335,1184527,11.05,0.078174664,130896,,,,unlabeled
IG0004847,37271,4092,1300,431511,9.89,0.06581524,42663,,,,unlabeled
IG0004848,109621,6920,1027,1908768,6.16,0.035939412,117568,,,,unlabeled
IG0004849,124297,7506,4903,1920396,7.12,0.00541555,136706,,,,unlabeled
IG0004850,58531,7193,201,1888938,3.49,0.031975639,65925,,,,unlabeled
IG0004851,96943,4452,4332,1348010,7.84,0.060162758,105727,,,,unlabeled
IG0004852,185823,3181,1644,1217783,15.66,0.047134834,190648,,,,unlabeled
IG0004853,39638,5363,4756,1033306,4.82,0.016064941,49757,,,,unlabeled
IG0004854,132850,7687,2232,167312,85.33,0.182294157,142769,,,,unlabeled
IG0004855,48420,347,4005,1046213,5.04,0.036321476,52772,,,,unlabeled
IG0004856,140048,1432,706,1569722,9.06,0.024080697,142186,,,,unlabeled
IG0004857,185810,1781,4290,147130,130.42,0.167878747,191881,,,,unlabeled
IG0004858,65732,2543,1666,789406,8.86,0.126297495,69941,,,,unlabeled
IG0004859,196474,9081,1320,1176121,17.59,0.011818512,206875,,,,unlabeled
IG0004860,65145,6781,4972,1691584,4.55,0.057460936,76898,,,,unlabeled
IG0004861,53904,6675,4269,273863,23.68,0.040166068,64848,,,,unlabeled
IG0004862,51025,9693,1579,1840767,3.38,0.043297169,62297,,,,unlabeled
IG0004863,169546,3065,563,701540,24.68,0.136129087,173174,,,,unlabeled
IG0004864,176999,4189,2205,1637006,11.2,0.040317506,183393,,,,unlabeled
IG0004865,71222,5715,2660,811354,9.81,0.067541418,79597,,,,unlabeled
IG0004866,76855,5422,389,128859,64.15,0.005432294,82666,,,,unlabeled
IG0004867,48184,9888,2998,931530,6.56,0.102519511,61070,,,,unlabeled
IG0004868,20703,9553,2121,899378,3.6,0.08316859,32377,,,,unlabeled
IG0004869,159040,8191,4157,1230570,13.93,0.05127705,171388,,,,unlabeled
IG0004870,90315,1712,818,254881,36.43,0.094946269,92845,,,,unlabeled
IG0004871,104378,8750,2616,106810,108.36,0.70030896,115744,,,,unlabeled
IG0004872,97398,3373,4465,1043216,10.09,0.039876689,105236,,,,unlabeled
IG0004873,164536,1280,1230,616166,27.11,0.125290912,167046,,,,unlabeled
IG0004874,156036,8436,1687,1232505,13.48,0.044462294,166159,,,,unlabeled
IG0004875,13729,9702,1582,714619,3.5,0.037362567,25013,,,,unlabeled
IG0004876,199818,9018,4286,1305256,16.33,0.07630687,213122,,,,unlabeled
IG0004877,116628,4617,747,936120,13.03,0.105114729,121992,,,,unlabeled
IG0004878,90076,4427,2074,84653,114.09,0.771384357,96577,,,,unlabeled
IG0004879,130239,7461,2725,306199,45.86,0.063684075,140425,,,,unlabeled
IG0004880,199899,2328,3232,1360460,15.1,0.067550681,205459,,,,unlabeled
IG0004881,50327,5275,552,52717,106.52,0.459054954,56154,,,,unlabeled
IG0004882,138067,2702,1410,1480639,9.6,0.029514284,142179,,,,unlabeled
IG0004883,196443,2136,2586,1198029,16.79,0.00767928,201165,,,,unlabeled
IG0004884,97297,7141,388,839729,12.48,0.014528497,104826,,,,unlabeled
IG0004885,93849,9605,3323,629760,16.96,0.10257876,106777,,,,unlabeled
IG0004886,87325,6382,3462,1420582,6.84,0.026960781,97169,,,,unlabeled
IG0004887,118949,610,348,206489,58.07,0.474601553,119907,,,,unlabeled
IG0004888,150385,3913,4473,446458,35.56,0.113112544,158771,,,,unlabeled
IG0004889,25005,3606,2071,622440,4.93,0.068922306,30682,,,,unlabeled
IG0004890,196149,5091,4583,962169,21.39,0.089693183,205823,,,,unlabeled
IG0004891,175496,2621,3818,468961,38.8,0.019617836,181935,,,,unlabeled
IG0004892,148582,4313,4579,299194,52.63,0.040776219,157474,,,,unlabeled
IG0004893,132688,2958,3542,1026454,13.56,0.036143851,139188,,,,unlabeled
IG0004894,121727,441,2397,1431446,8.7,0.037584373,124565,,,,unlabeled
IG0004895,167348,1219,4640,141903,122.06,0.412253441,173207,,,,unlabeled
IG0004896,189788,2948,4621,394389,50.04,0.029919699,197357,,,,unlabeled
IG0004897,172254,9437,1522,918212,19.95,0.024830867,183213,,,,unlabeled
IG0004898,196469,8391,4294,439931,47.54,0.16911743,209154,,,,unlabeled
IG0004899,148746,6544,329,1656621,9.39,0.040141952,155619,,,,unlabeled
IG0004900,140839,7768,3348,522771,29.07,0.02199816,151955,,,,unlabeled
IG0004901,192330,2188,4691,1855269,10.74,0.017355974,199209,,,,unlabeled
IG0004902,116389,5876,3290,1346625,9.32,0.03230298,125555,,,,unlabeled
IG0004903,168580,6967,1888,796780,22.27,0.021461382,177435,,,,unlabeled
IG0004904,169743,1310,3881,1802687,9.7,0.020857753,174934,,,,unlabeled
IG0004905,151875,8522,3064,1570657,10.41,0.019609628,163461,,,,unlabeled
IG0004906,196488,7524,735,533307,38.39,0.045752259,204747,,,,unlabeled
IG0004907,155172,5449,3756,943633,17.42,0.094740222,164377,,,,unlabeled
IG0004908,53594,7434,1493,1124018,5.56,0.008362855,62521,,,,unlabeled
IG0004909,36317,6877,3400,185109,25.17,0.110205338,46594,,,,unlabeled
IG0004910,36722,3802,4860,554769,8.18,0.1142818,45384,,,,unlabeled
IG0004911,60444,1336,4419,1931735,3.43,0.032509635,66199,,,,unlabeled
IG0004912,152815,8105,1338,759462,21.36,0.03173299,162258,,,,unlabeled
IG0004913,141282,7599,2314,1306205,11.58,0.075409296,151195,,,,unlabeled
IG0004914,4799,9148,3601,940851,1.87,0.094063778,17548,,,,unlabeled
IG0004915,129383,6704,1135,499506,27.47,0.189987708,137222,,,,unlabeled
IG0004916,75966,7453,1158,1475621,5.73,0.063905298,84577,,,,unlabeled
IG0004917,123509,9343,3180,486555,27.96,0.064946409,136032,,,,unlabeled
IG0004918,84336,1774,3654,131274,68.38,0.322226793,89764,,,,unlabeled
IG0004919,186608,7750,308,1532528,12.7,0.012202061,194666,,,,unlabeled
IG0004920,114100,928,71,1865916,6.17,0.038104609,115099,,,,unlabeled
IG0004921,71391,1372,3990,1781267,4.31,0.01223848,76753,,,,unlabeled
IG0004922,122492,1273,3820,185935,68.62,0.248473929,127585,,,,unlabeled
IG0004923,184488,2684,4050,206518,92.59,0.427565636,191222,,,,unlabeled
IG0004924,197657,8256,496,1145817,18.01,0.058037191,206409,,,,unlabeled
IG0004925,12300,3783,2166,1097906,1.66,0.005647114,18249,,,,unlabeled
IG0004926,116630,6711,18,1355965,9.1,0.039455296,123359,,,,unlabeled
IG0004927,17711,8703,2186,263751,10.84,0.01175351,28600,,,,unlabeled
IG0004928,59071,2979,1389,369676,17.16,0.203962389,63439,,,,unlabeled
IG0004929,157293,9345,3967,1543608,11.05,0.037379957,170605,,,,unlabeled
IG0004930,89843,3793,533,363179,25.93,0.098023289,94169,,,,unlabeled
IG0004931,15490,135,1177,1422515,1.18,0.058698854,16802,,,,unlabeled
IG0004932,25291,9749,2283,1449353,2.58,0.016835098,37323,,,,unlabeled
IG0004933,34563,7987,1682,719420,6.15,0.09354758,44232,,,,unlabeled
IG0004934,126942,2800,1569,626493,20.96,0.086353718,131311,,,,unlabeled
IG0004935,195772,6129,1814,1874818,10.87,0.023415606,203715,,,,unlabeled
IG0004936,150681,9780,181,1915248,8.39,0.002297353,160642,,,,unlabeled
IG0004937,63921,8323,229,580548,12.48,0.047541289,72473,,,,unlabeled
IG0004938,139543,2623,4920,624741,23.54,0.054582619,147086,,,,unlabeled
IG0004939,67071,7375,3855,1155332,6.78,0.001038662,78301,,,,unlabeled
IG0004940,82913,5702,1007,1075244,8.34,0.03943291,89622,,,,unlabeled
IG0004941,78044,4328,629,767281,10.82,0.102569984,83001,,,,unlabeled
IG0004942,44271,6587,3570,111882,48.65,0.766879391,54428,,,,unlabeled
IG0004943,151417,1976,1733,598923,25.9,0.06995891,155126,,,,unlabeled
IG0004944,194823,4342,1842,1049009,19.16,0.006196324,201007,,,,unlabeled
IG0004945,124055,3210,1611,151653,84.98,0.492571858,128876,,,,unlabeled
IG0004946,38928,8052,3978,1492580,3.41,0.021975372,50958,,,,unlabeled
IG0004947,147361,8178,1839,1237959,12.71,0.029403235,157378,,,,unlabeled
IG0004948,113794,4924,3234,1064356,11.46,0.045943275,121952,,,,unlabeled
IG0004949,100381,2635,3668,1347526,7.92,0.013728863,106684,,,,unlabeled
IG0004950,70960,3346,874,877091,8.57,0.016417909,75180,,,,unlabeled
IG0004951,75655,524,1324,1801181,4.3,0.03952962,77503,,,,unlabeled
IG0004952,11163,878,2526,491181,2.97,0.016490866,14567,,,,unlabeled
IG0004953,175816,6414,3725,1097069,16.95,0.058610716,185955,,,,unlabeled
IG0004954,179886,6844,2782,1136909,16.67,0.083647856,189512,,,,unlabeled
IG0004955,124264,7708,829,794986,16.7,0.079749832,132801,,,,unlabeled
IG0004956,148110,8293,2827,60805,261.87,0.664419044,159230,,,,unlabeled
IG0004957,159095,129,1092,1468288,10.92,0.001362131,160316,,,,unlabeled
IG0004958,59496,3967,2239,780404,8.42,0.096744763,65702,,,,unlabeled
IG0004959,135939,7424,1661,81435,178.09,1.183766194,145024,,,,unlabeled
IG0004960,32366,449,2123,498005,7.02,0.161243361,34938,,,,unlabeled
IG0004961,197804,4603,2338,986677,20.75,0.001621605,204745,,,,unlabeled
IG0004962,20014,1395,1768,1829090,1.27,0.002569584,23177,,,,unlabeled
IG0004963,107678,7957,2935,1754966,6.76,0.05008644,118570,,,,unlabeled
IG0004964,12402,1234,3853,1566739,1.12,0.049848762,17489,,,,unlabeled
IG0004965,28063,1871,1045,1693822,1.83,0.000413267,30979,,,,unlabeled
IG0004966,176701,195,2945,274923,65.42,0.012003361,179841,,,,unlabeled
IG0004967,40241,9718,2061,388752,13.38,0.163600444,52020,,,,unlabeled
IG0004968,55593,668,558,1260539,4.51,0.036175001,56819,,,,unlabeled
IG0004969,32635,5430,186,1696544,2.25,0.056114077,38251,,,,unlabeled
IG0004970,184869,8683,208,73625,263.17,0.290662139,193760,,,,unlabeled
IG0004971,147722,4686,4129,1638166,9.56,0.0214264,156537,,,,unlabeled
IG0004972,11351,4369,2725,1433714,1.29,0.039547636,18445,,,,unlabeled
IG0004973,3058,357,3965,1508851,0.49,0.00225337,7380,,,,unlabeled
IG0004974,112745,6525,4923,1932788,6.43,0.01143426,124193,,,,unlabeled
IG0004975,61595,9299,2488,903462,8.12,0.087773476,73382,,,,unlabeled
IG0004976,37507,2126,2698,273888,15.46,0.272008996,42331,,,,unlabeled
IG0004977,150745,7034,3005,1266980,12.69,0.027545818,160784,,,,unlabeled
IG0004978,35788,948,1391,590688,6.45,0.147285877,38127,,,,unlabeled
IG0004979,167327,4517,278,1547207,11.12,0.021264123,172122,,,,unlabeled
IG0004980,72360,3884,4238,643426,12.51,0.120138136,80482,,,,unlabeled
IG0004981,125130,5484,2086,77633,170.93,0.930016874,132700,,,,unlabeled
IG0004982,154357,5421,1843,1466489,11.02,0.012887925,161621,,,,unlabeled
IG0004983,37623,3585,3216,1617702,2.75,0.038944132,44424,,,,unlabeled
IG0004984,186728,9744,4691,63939,314.62,0.889910696,201163,,,,unlabeled
IG0004985,195324,7387,1934,1380081,14.83,0.065141104,204645,,,,unlabeled
IG0004986,84366,7677,2247,1529835,6.16,0.045691202,94290,,,,unlabeled
IG0004987,59812,4668,193,1898564,3.41,0.023280753,64673,,,,unlabeled
IG0004988,165701,9059,2839,848517,20.93,0.101471155,177599,,,,unlabeled
IG0004989,171224,7409,146,975239,18.33,0.03670895,178779,,,,unlabeled
IG0004990,171228,2759,1988,414389,42.47,0.149376552,175975,,,,unlabeled
IG0004991,185213,4077,1488,1908513,10,0.009641014,190778,,,,unlabeled
IG0004992,68596,8573,4961,52715,155.8,0.032248886,82130,,,,unlabeled
IG0004993,111201,9563,511,396394,30.59,0.166501007,121275,,,,unlabeled
IG0004994,123947,1265,1070,1151703,10.96,0.008161826,126282,,,,unlabeled
IG0004995,199758,8792,1613,756677,27.77,0.014669403,210163,,,,unlabeled
IG0004996,60567,717,2271,462398,13.74,0.16976717,63555,,,,unlabeled
IG0004997,72769,8246,4741,810547,10.58,0.010486745,85756,,,,unlabeled
IG0004998,163437,1320,4186,918881,18.39,0.049516749,168943,,,,unlabeled
IG0004999,86780,4919,792,1949597,4.74,0.038725952,92491,,,,unlabeled
IG0005000,24419,2179,3853,240611,5.99,0.361995088,30451,,,,unlabeled
